layer,label,spearman_frustration,p,n,spearman_within_turn_mean,spearman_petri_depression
6,depressed,0.11613131969060352,2.0565150390668106e-08,2318,-0.028730963587597025,0.10170648915769744
6,sad,-0.20453884522596594,2.581255001345937e-23,2318,-0.005116368833568245,-0.2917215903999318
6,gloomy,-0.26154022549118217,1.46363238766676e-37,2318,-0.06649475115973119,-0.37116602028904294
6,melancholy,-0.2268645115647072,1.9356771866847653e-28,2318,-0.07445771247922542,-0.3454988311780567
6,miserable,-0.24973741112641268,2.7064229906522514e-34,2318,-0.04898583748171209,-0.2569406262801096
6,dispirited,0.16212698387475014,4.0457370584116095e-15,2318,0.12910908517152975,0.17461144252266597
6,listless,-0.20978604595351766,1.8140527778697505e-24,2318,-0.03638623999616858,-0.25718825973895587
6,weary,-0.2769420568733141,4.401478740220234e-42,2318,-0.09732267532082967,-0.41460975797899563
6,worn out,-0.28560037675472777,9.340007924286326e-45,2318,-0.1034206617457483,-0.33228694494108363
6,tired,-0.2582462759414343,1.2425298969095839e-36,2318,-0.027448367391880155,-0.31017016479198434
6,resigned,-0.12801141128101826,6.197420487366189e-10,2318,0.049568364727467604,-0.3283963366350439
6,lonely,-0.09423422433748023,5.503103774679833e-06,2318,0.04250452873953108,-0.06319303295949083
6,heartbroken,-0.21505417378584643,1.1730113952002884e-25,2318,-0.0972679555097879,-0.27783757226890576
6,grief-stricken,-0.09985001945260996,1.458870225124773e-06,2318,-0.09904212136927162,-0.053338216589595075
6,worthless,0.09551957981111207,4.08706783459126e-06,2318,0.1073760346733699,0.07066764883637809
6,self-critical,0.1181954456024768,1.1462134238498198e-08,2318,-3.398187139975334e-05,-0.017512332953890514
6,ashamed,0.2366687391431003,7.135232600485571e-31,2318,0.044484406083843755,0.2938745773479976
6,guilty,0.21441365446712543,1.6428746336096603e-25,2318,-0.005197239089579121,0.26860102126272506
6,humiliated,-0.16097280991524815,6.34708082944931e-15,2318,-0.09581663820333833,-0.3730913087735228
6,embarrassed,-0.21001020390579095,1.6169227726871474e-24,2318,-0.06871238782626612,-0.3325539328130757
6,regretful,0.1867322848562077,1.2421906549124562e-19,2318,-0.00244277950949396,0.18227371975925438
6,sorry,0.14333368444308034,4.120327557748852e-12,2318,-0.06048904674319141,0.0607591010916975
6,desperate,-0.10487014516886775,4.1865825492746893e-07,2318,-0.03420576919680618,0.04808025620520632
6,panicked,0.025346189209977606,0.22252343441173353,2318,0.013688190343931317,0.30557314702949046
6,hysterical,-0.006971242539955778,0.7372797888595165,2318,0.031360736910245074,0.26383188004966407
6,overwhelmed,-0.2035329824827806,4.259165265642797e-23,2318,-0.06483229135219126,-0.08182351589198227
6,distressed,-0.15806107011105086,1.9481822844977245e-14,2318,-0.02195382622599551,0.022140174183605674
6,tormented,-0.2062041296309788,1.120045541696185e-23,2318,-0.07625610529735487,-0.12904550955804597
6,trapped,-0.2563188037682055,4.282247409447765e-36,2318,-0.029690627193523073,-0.24086936585644206
6,stuck,-0.2641763305047534,2.5848696417152236e-38,2318,-0.0038422164487555213,-0.287605121626058
6,frustrated,-0.19427396070278902,3.783163060409803e-21,2318,-0.09809785167806384,-0.28388505797813884
6,exasperated,-0.10534668505719236,3.707473599684153e-07,2318,-0.03414376713727166,-0.2776976854887556
6,angry,0.004228288020441518,0.8387718964330436,2318,-0.07377220703450682,0.03183713626660404
6,anxious,0.1936502810095205,5.077532067811491e-21,2318,0.02885493191429478,0.37500616093029215
6,afraid,-0.17801697438965927,5.863910483772513e-18,2318,0.014192718174461785,-0.026623787345991443
6,nervous,0.2152588172833271,1.0530766401217536e-25,2318,0.08131094282633364,0.40040827556738334
6,stressed,0.20740590603824646,6.1039381796728406e-24,2318,0.03222296814191809,0.3603102572969233
6,calm,-0.04343657533169109,0.036515566198286095,2318,0.03189790849713249,-0.26990590045573754
6,self-confident,0.2189088793299414,1.5096665557104583e-26,2318,0.06878134218987483,0.11365834712424297
6,content,0.19753863280323575,7.976266561047109e-22,2318,0.028971473988046968,0.0650746061431215
6,happy,0.2633946079117141,4.3314170106574947e-38,2318,0.10261506173861179,0.26862545525530473
6,hopeful,0.17726833165465142,8.092730174742893e-18,2318,0.03004387821539763,-0.009069737717131859
6,clinical_depression,-0.12472997938758155,1.6858164288872397e-09,2318,0.001628685016342061,-0.03252812938388536
6,acute_grief,0.2040463872102943,3.299560148130953e-23,2318,0.04803694558986542,0.26416740252504944
6,burnout_exhaustion,0.09410816994565299,5.664862722946893e-06,2318,-0.02399628457356423,-0.06838009046485384
6,physical_illness_fatigue,-0.05697462872041219,0.006072740569583163,2318,-0.0890068418330129,-0.18322647647134968
6,anxiety_panic,-0.1339754215113289,9.41457975367743e-11,2318,-0.022683605093384684,-0.09913561488156487
6,frustration_blocked_goal,0.037025623214598805,0.07470507077590956,2318,0.09331747980477911,0.06360054790359469
8,depressed,0.09828678164390638,2.1265797888799373e-06,2318,-0.05682059944701689,0.10814997413071491
8,sad,0.023666792750043946,0.2547043447145535,2318,0.023119191219488626,0.0831285410690884
8,gloomy,-0.12214487604390771,3.642293065110794e-09,2318,-0.045667776793575504,-0.24698087932294882
8,melancholy,-0.13841511705268852,2.1905371322273927e-11,2318,-0.04414643515503448,-0.258947884176575
8,miserable,-0.19288216701779745,7.285341323893057e-21,2318,-0.10044005625220187,-0.20906359204785457
8,dispirited,0.005003230123108686,0.8097448886891699,2318,0.017182182569807282,-0.08673170309412545
8,listless,-0.019729485708973184,0.34238252750356707,2318,-0.027854064761857703,-0.058344104906054434
8,weary,-0.07681545383514313,0.00021407316565491777,2318,-0.08097173031039749,-0.11822600249752378
8,worn out,-0.034281679436399363,0.09892101668078866,2318,-0.06946220764633004,0.06381209278895383
8,tired,-0.07720790233172027,0.000198615076830354,2318,0.02346237870636106,0.005761078073113629
8,resigned,0.04665152345825651,0.024699040963482348,2318,-0.000764234327676791,-0.1718974669972153
8,lonely,-0.1645619193418603,1.5477493739675235e-15,2318,0.012773582867996524,-0.16463092707268337
8,heartbroken,-0.07132582041570933,0.000589172642990219,2318,-0.12711186922388765,0.013159287560791067
8,grief-stricken,-0.053947406676296085,0.009381717912746702,2318,-0.13009121221909625,0.059893525293915166
8,worthless,-0.058311301027959096,0.00498024675393372,2318,0.023976994004464874,-0.126956967021436
8,self-critical,0.04088865380080113,0.049025414334343924,2318,-0.021921062582540868,-0.10438428328637288
8,ashamed,0.11156763284503636,7.227766590634602e-08,2318,0.03493193061546922,0.12111937259404382
8,guilty,0.1557953621339374,4.595701965414779e-14,2318,-0.018516666784289877,0.18476271073105688
8,humiliated,-0.11648054026252246,1.864176743686956e-08,2318,-0.08829618343247371,-0.30797053808274033
8,embarrassed,-0.11742430977250909,1.4276329135720684e-08,2318,-0.005465554191743535,-0.10565074059903037
8,regretful,0.09933528068030538,1.6526383410787426e-06,2318,-0.03167325504062451,0.04015234573928566
8,sorry,0.17415883276010302,3.038460304629956e-17,2318,0.0016696128119522077,0.13688669071043452
8,desperate,-0.057539066618489246,0.005587495090874914,2318,-0.08532338183070085,-0.03875356926480294
8,panicked,-0.04381148803028031,0.034926812947237526,2318,0.015318838885268207,0.16371200382526188
8,hysterical,-0.08737445018462164,2.525759725656144e-05,2318,0.02241670226144682,0.024136100905120424
8,overwhelmed,-0.09117604471886442,1.1000101023876915e-05,2318,0.00234352831347448,0.07790719517896548
8,distressed,-0.040302076557406835,0.05236635307484408,2318,0.02048766440481979,0.13859397999324513
8,tormented,-0.14451847630775827,2.731167047065622e-12,2318,-0.08019086545549006,-0.15524140830642785
8,trapped,-0.2578736077234216,1.5796415835172943e-36,2318,-0.07518646444643373,-0.31335937223474253
8,stuck,-0.208530503665626,3.446900861559783e-24,2318,0.0014547014402964825,-0.30027372629096105
8,frustrated,-0.0629094183747396,0.002444077108724404,2318,-0.04569068061012808,-0.0887380986073004
8,exasperated,0.008095216679866932,0.6968727923407741,2318,-0.009378276912514381,-0.14829603937985486
8,angry,-0.11934261825146521,8.246927203517012e-09,2318,-0.08194736251517981,-0.16616670835036218
8,anxious,0.15085919689431507,2.853991333622826e-13,2318,0.007408630855058829,0.4086655079221077
8,afraid,-0.09837510064261906,2.0820931658203904e-06,2318,0.0019284701747977057,0.05414037346369742
8,nervous,0.12162551762302415,4.243867446067112e-09,2318,0.026753875009437517,0.36094454225344885
8,stressed,0.21488696232290033,1.2809751888011203e-25,2318,-0.00202975896436864,0.4300117810967036
8,calm,-0.00734091212300796,0.7239034020767169,2318,0.07987522219505369,-0.14233652080782971
8,self-confident,0.023976394584765505,0.24854058711521784,2318,0.009040213499887019,-0.2455316234722336
8,content,0.1741846346062034,3.005587666085964e-17,2318,0.06496864410614994,0.05374000915237708
8,happy,0.1474122136773495,9.861902868574459e-13,2318,0.11729848425211972,0.1611960687775722
8,hopeful,0.10866432051496626,1.5677131459501682e-07,2318,0.0352690887781221,-0.1144401433414823
8,clinical_depression,0.021148384812621813,0.3087889126212621,2318,0.050644356203601144,0.22671830581307878
8,acute_grief,0.19934871696567405,3.325194927755846e-22,2318,-0.041193583999670484,0.34585929404093085
8,burnout_exhaustion,0.08218560781511647,7.449755773679066e-05,2318,-0.007863873084201271,-0.10590587199895737
8,physical_illness_fatigue,-0.0563794772284047,0.006625175832116236,2318,0.016670343350733655,-0.053570229933927224
8,anxiety_panic,-0.15940413660328717,1.1643897018802393e-14,2318,-0.05998167837006253,-0.18520297568053012
8,frustration_blocked_goal,-0.15611366153978065,4.076809483360443e-14,2318,0.051103564258578316,-0.26607418179539016
10,depressed,0.12923543840996748,4.238873272654155e-10,2318,0.061529242606962825,0.0998679158405264
10,sad,0.09686279182318308,2.982923845000342e-06,2318,0.021584497573162248,0.12356971119601311
10,gloomy,-0.013900176944970605,0.5035568030169242,2318,0.009484897001973545,-0.15182632958125447
10,melancholy,-0.12351032307475136,2.429488529046038e-09,2318,0.013885918866068547,-0.23330705618313735
10,miserable,-0.11843194507924105,1.0712737954237552e-08,2318,-0.06813443042978473,-0.15914699290349216
10,dispirited,0.0493256496776661,0.01754998049656007,2318,0.054820702591343376,-0.10732201977957366
10,listless,0.0631495158721192,0.0023519281950120548,2318,0.06223290213042726,-0.007812202155699678
10,weary,0.09825707355945301,2.1417478615758054e-06,2318,-0.04018833176294652,-0.03807666236063065
10,worn out,0.16966930787407558,1.9662619442254955e-16,2318,-0.07361100490834944,0.2184188691134776
10,tired,-0.04052597234728541,0.05106932871817588,2318,-0.003364645685896679,0.07636987372962552
10,resigned,0.07734926054312334,0.00019330860614641637,2318,0.009317644422223353,-0.10712568977069022
10,lonely,-0.1768776342473885,9.568987694767595e-18,2318,0.10222284854452722,-0.1376885844495124
10,heartbroken,0.01396906835869842,0.5014440447130453,2318,-0.10251139749227825,0.10539167921976066
10,grief-stricken,0.11806543410435971,1.189553647959157e-08,2318,-0.10033215486749389,0.22014799811641095
10,worthless,-0.22871671262140386,6.85110186557441e-29,2318,0.05427577058989299,-0.3113579620775724
10,self-critical,-0.037224750546242004,0.0731549584990811,2318,0.011725360997872337,-0.2565989904562885
10,ashamed,0.06352774197702259,0.002213196869367608,2318,0.010176236895618009,0.02035181559793367
10,guilty,0.17896818571441525,3.8863208561975746e-18,2318,0.03391924113277714,0.25744044947021344
10,humiliated,-0.24079345103162006,6.247644512835515e-32,2318,-0.12611410014991326,-0.32653198839979775
10,embarrassed,-0.19366791219784937,5.0355376416987265e-21,2318,-0.0627073108042793,-0.14470037152712012
10,regretful,0.1355853924581681,5.578788638489208e-11,2318,0.022388234943752888,0.10229123903721585
10,sorry,0.14845658121288094,6.794076512279704e-13,2318,0.05968527443409455,0.17243302515296766
10,desperate,0.01571778119201373,0.44942095070464483,2318,-0.05475460609418618,0.14928555300181096
10,panicked,-0.0014779833028531271,0.9433021967279438,2318,-0.015750670573657366,0.2547048465630099
10,hysterical,-0.08281283907990449,6.557860969289186e-05,2318,-0.0107257557484048,0.09724376161798694
10,overwhelmed,-0.12304674086501494,2.7889187764857425e-09,2318,-0.04372328118076535,0.0003650765657870145
10,distressed,-0.03560727088173111,0.08653742078311345,2318,-0.03888348693774056,0.1726298643946062
10,tormented,-0.20101244148682662,1.4767659326610934e-22,2318,-0.10165542169055004,-0.20210908225705476
10,trapped,-0.2336260254231604,4.175626903698443e-30,2318,-0.03927283099253277,-0.24260222567061845
10,stuck,-0.1829549513678185,6.760555838247431e-19,2318,0.08262500849609157,-0.21674903775210605
10,frustrated,0.11406366503686466,3.656575220784152e-08,2318,-0.08526583128137319,0.1404175312892733
10,exasperated,0.08132227007256668,8.86622303839609e-05,2318,-0.039520233963675225,0.018982459760541526
10,angry,-0.009512608006249765,0.647129432757687,2318,-0.12425233110625175,0.023684448523690525
10,anxious,0.10334986336676041,6.147774404902435e-07,2318,-0.037797024375033704,0.33250143584385744
10,afraid,-0.10451683680619983,4.5797782647108714e-07,2318,-0.049987199920784736,0.08066164711591799
10,nervous,0.005629685327310945,0.786467487110553,2318,-0.007352549301400571,0.2416238985945417
10,stressed,0.20175828941756846,1.0239334276703809e-22,2318,-0.03748680070763679,0.39847033845257684
10,calm,0.09703799222527734,2.8620032070717235e-06,2318,0.03720459683635827,-0.11596529111497217
10,self-confident,0.06953419874504459,0.0008080688226212265,2318,0.03981103009341463,-0.16421869338152922
10,content,0.0868084349409749,2.850493752068997e-05,2318,0.044052811871407485,-0.14133635408950915
10,happy,0.08489214093257606,4.269894985514004e-05,2318,0.11963724411851058,0.09364968252404539
10,hopeful,0.041327288642947685,0.046645564835702216,2318,0.06344190756826441,-0.15439076416903452
10,clinical_depression,0.12320922691913365,2.657410463029747e-09,2318,0.0994400378698576,0.25773593902112346
10,acute_grief,0.2235652137292289,1.2033928696419973e-27,2318,-0.035402850350482455,0.33444486359403997
10,burnout_exhaustion,-0.06606166934182177,0.0014608992859349759,2318,0.03512688883416387,-0.23700493385898302
10,physical_illness_fatigue,-0.07499817322284554,0.0003015372405936888,2318,0.1010300476937015,0.012959292261911311
10,anxiety_panic,-0.2618287036361082,1.2118454052535952e-37,2318,-0.11993958848284735,-0.30061807223489767
10,frustration_blocked_goal,-0.040564285107890063,0.05085009978777846,2318,-0.005916933042426395,-0.12268407249195164
12,depressed,-0.24069305862741222,6.632847492562623e-32,2318,-0.029588930996682306,-0.2532881313916053
12,sad,-0.26795956707440655,2.0736453696166617e-39,2318,-0.04646533392099598,-0.38589669269155924
12,gloomy,-0.29188326230137146,9.339032353167397e-47,2318,-0.0795246605202071,-0.42714779702111566
12,melancholy,-0.27783762138039536,2.352421590024512e-42,2318,-0.06197471518732878,-0.3655811433047096
12,miserable,-0.29253993811562085,5.732054981399034e-47,2318,-0.1092498118299071,-0.398557997966654
12,dispirited,-0.2872964229298141,2.725597008922038e-45,2318,-0.03330843969061284,-0.38118304174550793
12,listless,-0.284552479675037,1.9905691261598265e-44,2318,-0.08578160277523372,-0.3598405394982397
12,weary,-0.3232214393716408,1.6445791106094666e-57,2318,-0.17193911316073635,-0.44241484444505225
12,worn out,-0.2277249715551039,1.1961375003421133e-28,2318,-0.10322728251769309,-0.20595369319071813
12,tired,-0.2692000565518186,8.98644029145374e-40,2318,-0.07942609269765386,-0.3003718530461314
12,resigned,-0.2961440325047975,3.844242849924464e-48,2318,-0.06953070562418692,-0.4469843286337507
12,lonely,-0.2440189807431821,9.004843560880638e-33,2318,0.025623108377080178,-0.2658041728929541
12,heartbroken,-0.14579601519271024,1.7463428287154488e-12,2318,-0.06804341629564692,-0.14145518370116358
12,grief-stricken,0.24398206281041704,9.208205687954238e-33,2318,-0.07180449704231338,0.3522068159754572
12,worthless,-0.25464657314196903,1.2422241788759605e-35,2318,0.05584158652383796,-0.3357427480132448
12,self-critical,-0.10136826001155934,1.0062836903388627e-06,2318,0.03541962607685834,-0.33464999175806914
12,ashamed,0.24426032440546297,7.78093350550609e-33,2318,0.03173317722561651,0.2238651234071249
12,guilty,0.2653277738202205,1.2045835766692884e-38,2318,0.06847274085164029,0.3052113923097682
12,humiliated,0.20854524361944649,3.4211046854258196e-24,2318,0.02113769073888206,0.13004408004535514
12,embarrassed,0.1831566000429737,6.181591893585019e-19,2318,0.06478904851796796,0.18301102707393693
12,regretful,0.2440656385647371,8.754194608327056e-33,2318,0.05295039000630089,0.2087503975828245
12,sorry,0.22200066878763047,2.833350477773328e-27,2318,0.05116580091342573,0.11142177348116869
12,desperate,0.23912574527064903,1.681890820896591e-31,2318,-0.02327295762251473,0.2781141387162348
12,panicked,0.2592152098454052,6.64441295214961e-37,2318,-0.03529602941133782,0.3905353179686997
12,hysterical,0.2634339259770708,4.220578277992281e-38,2318,-0.005384544517313898,0.41638041882766963
12,overwhelmed,0.12699639766982038,8.468927168598564e-10,2318,-0.05346873119253876,0.31434191298956926
12,distressed,0.2597277551272172,4.766370382406297e-37,2318,-0.04407512425109147,0.34873477851945767
12,tormented,-0.11338736177364701,4.404358028148847e-08,2318,-0.08421706230034467,-0.1807510698679422
12,trapped,-0.27536452519370785,1.319488496753324e-41,2318,-0.05832916249902314,-0.34344741891383096
12,stuck,-0.27014773721982416,4.730045297630895e-40,2318,-0.029918159463716034,-0.3290239102838715
12,frustrated,0.24133527048377298,4.5214154685090505e-32,2318,-0.00417427152174589,0.27336754874206354
12,exasperated,0.15772373411220203,2.2154940456217607e-14,2318,-0.03714987222879501,0.08990456820597274
12,angry,0.2663812373526423,5.970521340284702e-39,2318,-0.029431147606322143,0.34788764145653417
12,anxious,0.24546112625439703,3.7525502259774234e-33,2318,-0.0008579975663579563,0.37063240455981783
12,afraid,0.1498192501981042,4.1614408418947255e-13,2318,-0.026074875529759733,0.3159761435141011
12,nervous,0.2590836477627458,7.234959013374566e-37,2318,0.036894610101261244,0.39243817947188075
12,stressed,0.265847710563379,8.522419308807458e-39,2318,0.02744576569461551,0.40324484533450583
12,calm,0.20095392195582876,1.5197196765367116e-22,2318,-0.03713195357284295,0.21422400916004433
12,self-confident,0.20686634186723069,8.019983157533288e-24,2318,-0.04386404906457188,0.15517872899079127
12,content,0.16661806032959012,6.797520513180274e-16,2318,0.05445457112632543,0.2425627652667352
12,happy,0.2940835824035935,1.8103914440978617e-47,2318,0.09398079122013167,0.42061632414178507
12,hopeful,0.27609631663446615,7.93621489757941e-42,2318,0.11625527501455263,0.3337875305796439
12,clinical_depression,0.07171837899050473,0.0005492466500995357,2318,-0.06427774998560702,0.06613375385872365
12,acute_grief,0.270560058796579,3.5747608497502226e-40,2318,-0.011070756529153914,0.3571240530266746
12,burnout_exhaustion,-0.24158139875910356,3.902664884228721e-32,2318,0.08450773962317909,-0.31036704889830513
12,physical_illness_fatigue,-0.1575901867523282,2.3310081439969536e-14,2318,0.09454620519197718,-0.10889667066014026
12,anxiety_panic,0.2265149733807411,2.3523803407520868e-28,2318,-0.061621479472514444,0.22257587495002565
12,frustration_blocked_goal,-0.06043579702195644,0.003604933440375412,2318,-0.027559643211407525,-0.1193873891402757
14,depressed,-0.22981736672319675,3.679705008317017e-29,2318,-0.007603605769641947,-0.23313053873029432
14,sad,-0.26720011758100404,3.452337636593057e-39,2318,-0.05136723385349898,-0.38973532493989294
14,gloomy,-0.291579370707889,1.170081393030632e-46,2318,-0.08665228445549061,-0.42328068822849807
14,melancholy,-0.27394343419171935,3.5256625440166713e-41,2318,-0.05712730732677281,-0.35884255775487667
14,miserable,-0.2910332454006494,1.7533832424328704e-46,2318,-0.10855404642085885,-0.3963434782299308
14,dispirited,-0.27729831102281816,3.431514521479613e-42,2318,-0.021403649613695175,-0.3554377964989155
14,listless,-0.27992204807103954,5.4237972284381706e-43,2318,-0.07686858028262847,-0.34907954309304506
14,weary,-0.31974658528460576,2.9774700706455806e-56,2318,-0.172692705287337,-0.42880695941807884
14,worn out,-0.24146491650275428,4.184250756961549e-32,2318,-0.10077350173211028,-0.21606196993609506
14,tired,-0.2733444476967742,5.325852232205442e-41,2318,-0.09190048774796011,-0.3044084663705065
14,resigned,-0.2896376810524453,4.909104258193357e-46,2318,-0.05409548028596223,-0.4419129106937473
14,lonely,-0.23923649779122513,1.575210670494152e-31,2318,0.032279833036653174,-0.2596324978092793
14,heartbroken,-0.1692779534159029,2.308338353590129e-16,2318,-0.059975795081661884,-0.16395998305349013
14,grief-stricken,0.24207685703454423,2.900576116638034e-32,2318,-0.05743748361917704,0.3614684859485948
14,worthless,-0.23865372974631902,2.2229219380363566e-31,2318,0.07666430915872088,-0.2899701043049651
14,self-critical,-0.07446139120398873,0.00033317665400373867,2318,0.05663133145631452,-0.27763963398489044
14,ashamed,0.25036294403015086,1.834446151458943e-34,2318,0.0471498496211641,0.24775545875036345
14,guilty,0.2690563673017162,9.90262283262019e-40,2318,0.09143616786468156,0.314167403692281
14,humiliated,0.21334959612880217,2.868190479955029e-25,2318,0.02052061899841811,0.1468579264175795
14,embarrassed,0.19218086116035382,1.0116612947681441e-20,2318,0.05627920189605319,0.1796266594304604
14,regretful,0.24797788080817743,8.033875899905697e-34,2318,0.06120092197912548,0.21969325460473385
14,sorry,0.24489270751431175,5.302242270912816e-33,2318,0.07537990839775294,0.17874766690126395
14,desperate,0.23885274888833277,1.9764468472413934e-31,2318,-0.026214105089459996,0.2724676954543932
14,panicked,0.25338272216576624,2.7638350516542946e-35,2318,-0.04553106960885066,0.3799583978491397
14,hysterical,0.2559969222775735,5.259776637294767e-36,2318,-0.016581453543153116,0.39391188360292534
14,overwhelmed,0.07640169527470286,0.0002315889231496397,2318,-0.055183459730137774,0.2662477563332745
14,distressed,0.2495000196772603,3.1359297623305312e-34,2318,-0.06112790708810821,0.32926452463275624
14,tormented,-0.11361304776431982,4.13969415744226e-08,2318,-0.10062748922408499,-0.20971429979839185
14,trapped,-0.27249592164466196,9.536727875204712e-41,2318,-0.047943853831523456,-0.33972829444317104
14,stuck,-0.26531507131290294,1.214797998071653e-38,2318,-0.012684170041537032,-0.32063685278497567
14,frustrated,0.23208331223114498,1.0129555416808254e-29,2318,-0.0236937849901298,0.24215499415283812
14,exasperated,0.16456066016107299,1.5485245054012677e-15,2318,-0.04486270130431247,0.09770603077690777
14,angry,0.24949569822460052,3.1443451498094684e-34,2318,-0.060923570995472624,0.30549049493730046
14,anxious,0.23958235201711625,1.2834337337462597e-31,2318,-0.03014642558095905,0.37502749847443095
14,afraid,0.18881072368931826,4.8150437003972874e-20,2318,-0.054026046359346824,0.3028523988795013
14,nervous,0.25295267789200776,3.6244929980278117e-35,2318,0.0048893636102099736,0.3908192342122924
14,stressed,0.26295326447448747,5.792551280964411e-38,2318,0.027051892918044315,0.40408576619779457
14,calm,0.16386593027779617,2.0399962794761556e-15,2318,-0.061669992424491005,0.15435791254691852
14,self-confident,0.20482319215568368,2.239444103550465e-23,2318,-0.044664192853346614,0.1434353273017048
14,content,0.16256075085469818,3.4129157895008777e-15,2318,0.030942763790331507,0.23794271636169123
14,happy,0.2931689235702777,3.587004884325329e-47,2318,0.08855474799756864,0.4053887511755404
14,hopeful,0.26476740770458,1.7475142629095339e-38,2318,0.12113818226518151,0.3152176934849799
14,clinical_depression,0.061217225665573374,0.0031930298641145464,2318,-0.04447715253338524,0.06189777460942138
14,acute_grief,0.2706605168434555,3.338748365454029e-40,2318,0.0038149592621136725,0.3543471197069144
14,burnout_exhaustion,-0.2369732896237744,5.970400413417106e-31,2318,0.08091882169007532,-0.30683141609441217
14,physical_illness_fatigue,-0.1572478986725712,2.6547978759303195e-14,2318,0.08915401895743201,-0.10784508059117735
14,anxiety_panic,0.22386246018045078,1.0219521177720919e-27,2318,-0.05646564329411799,0.22643896342298372
14,frustration_blocked_goal,-0.021225926753257282,0.3070180371458801,2318,-0.034811951489965916,-0.08150705384610464
16,depressed,-0.20790541582060412,4.737546760420274e-24,2318,0.0286057731062256,-0.17106266111596413
16,sad,-0.2596624579228842,4.972619952741693e-37,2318,-0.04346913044143881,-0.360100989194263
16,gloomy,-0.28698655624915637,3.4155553340077705e-45,2318,-0.0876392325745545,-0.3870155927413466
16,melancholy,-0.26716389187749956,3.537163102594736e-39,2318,-0.041951723337484675,-0.33479598136944655
16,miserable,-0.2764614452727201,6.15454411870458e-42,2318,-0.07357071570666562,-0.3578015335720076
16,dispirited,-0.2676003916410232,2.6395095733589e-39,2318,-0.03300466796275714,-0.31285226522941006
16,listless,-0.2554589335832731,7.411948365840796e-36,2318,-0.000830380820854279,-0.29096996410377685
16,weary,-0.28945854298808915,5.600331358437591e-46,2318,-0.0934422383298987,-0.34227603700621645
16,worn out,-0.24064572344847215,6.822557449305948e-32,2318,-0.05512222284027232,-0.18651626484363212
16,tired,-0.26157427305800596,1.4314003290523851e-37,2318,-0.06024672200129671,-0.27162246526696654
16,resigned,-0.25983124945505975,4.456742480674744e-37,2318,-0.0041261083593800915,-0.41642053078603947
16,lonely,-0.24021492026490834,8.816325968892277e-32,2318,0.02297237578420304,-0.2635248540744403
16,heartbroken,-0.06445625418366738,0.0019038144470352588,2318,0.004331451507343841,-0.005033071605317185
16,grief-stricken,0.24591752400077405,2.8411890276131222e-33,2318,-0.0029543935180505257,0.4143458616126093
16,worthless,-0.23661975192142515,7.342576653202007e-31,2318,0.03782663678375187,-0.26506598115917185
16,self-critical,-0.09035639147837345,1.3195877724396875e-05,2318,0.06714776494014939,-0.22333044267948773
16,ashamed,0.24814040698809797,7.2683294549082404e-34,2318,0.04207240656275986,0.23831755204740493
16,guilty,0.27001431457236186,5.178143752192626e-40,2318,0.08312819214816725,0.32023643894029147
16,humiliated,0.2130189633596787,3.4083260804649917e-25,2318,0.025752517874811524,0.12981419767219457
16,embarrassed,0.23532612459557042,1.5607684707444623e-30,2318,0.0638803194955778,0.19242451622404463
16,regretful,0.23236858880064756,8.60264787356203e-30,2318,0.06348931559021953,0.19043710261548832
16,sorry,0.23773813893251855,3.811748794708232e-31,2318,0.07295759608522451,0.16445128238976614
16,desperate,0.243253934729003,1.4293236159770784e-32,2318,-0.009688555537113522,0.25914497587216434
16,panicked,0.25580973955084657,5.9270266938320136e-36,2318,-0.03583175774019755,0.37253442515271706
16,hysterical,0.24561942242411275,3.4075924392520525e-33,2318,-0.05078501841215276,0.34789409204705807
16,overwhelmed,-0.0004522177800473724,0.9826389558494135,2318,-0.04868197344827606,0.16634212335252527
16,distressed,0.24742898236946848,1.1260819541894255e-33,2318,-0.019047021817456142,0.3297556591652905
16,tormented,-0.006406087613406621,0.7578831212593451,2318,-0.05988829060259834,-0.02811184414393211
16,trapped,-0.26602391153793103,7.578103707898941e-39,2318,-0.02827247543776542,-0.3148859021865116
16,stuck,-0.25830064991226387,1.1997253302000376e-36,2318,0.0006189076428825824,-0.2989595365905341
16,frustrated,0.2348053147777832,2.1116699487683002e-30,2318,-0.0011286417802726517,0.21145923232140493
16,exasperated,0.17310955312988013,4.722332623708644e-17,2318,-0.031909467026683264,0.07737176439664926
16,angry,0.2540062221956533,1.863864609841177e-35,2318,0.02142187011520051,0.271058004721879
16,anxious,0.22152309950152332,3.674964047968508e-27,2318,0.006506021000144678,0.36565246731056933
16,afraid,0.26428356781171863,2.407825109760792e-38,2318,0.042369920807503604,0.37076324329208693
16,nervous,0.2254233504978414,4.315513715646384e-28,2318,0.025476930234068235,0.36851365042100687
16,stressed,0.2444780035544941,6.819433461390268e-33,2318,0.019477681572045543,0.3976685062003795
16,calm,0.1563647813063778,3.7084667920503985e-14,2318,-0.10092540290527506,0.14483512574712154
16,self-confident,0.18956977180235537,3.396991785622835e-20,2318,0.003941974210945519,0.06475175279990865
16,content,-0.029013143374891835,0.16259526507190425,2318,-0.033976257987375115,0.03931257793668852
16,happy,0.258687331164818,9.347691421145063e-37,2318,0.0502906239702615,0.31296917720412626
16,hopeful,0.09896766945324026,1.8059088389836566e-06,2318,0.06124474872033736,0.0541598965915304
16,clinical_depression,-0.01345680299609822,0.5172657737627768,2318,-0.018542957354240136,0.02877361336043468
16,acute_grief,0.27709627616243226,3.952002888115111e-42,2318,0.044931540348422616,0.36699190335766874
16,burnout_exhaustion,-0.22809528817296235,9.717287370675421e-29,2318,0.0312950338555391,-0.29761439856058386
16,physical_illness_fatigue,-0.22056232172348567,6.190021512214954e-27,2318,0.025953717847602045,-0.1921751263333848
16,anxiety_panic,0.18971199141746767,3.181532788405864e-20,2318,-0.08607677671388916,0.15784458856283157
16,frustration_blocked_goal,0.04057869820242872,0.05076783098087747,2318,-0.00838367604057473,-0.02340108243584584
18,depressed,-0.24379289922383396,1.0323934197119599e-32,2318,-0.0011261397833831344,-0.2678432679787041
18,sad,-0.2648017751908452,1.708133965511753e-38,2318,-0.024918167388016617,-0.3025783589498079
18,gloomy,-0.2761496410701252,7.647125687313469e-42,2318,-0.06101801067455898,-0.33320349917400577
18,melancholy,-0.27994433108804695,5.339021759404162e-43,2318,-0.0646343489883985,-0.34146302104629395
18,miserable,-0.26245122424302514,8.0571001879748e-38,2318,-0.028342042069192712,-0.30923718601593186
18,dispirited,-0.2862177976485849,5.971153785470628e-45,2318,-0.10051730524591532,-0.35339823375673723
18,listless,-0.28218319805531883,1.088477519783965e-43,2318,-0.08865301784922261,-0.34103954946183185
18,weary,-0.27939810569036283,7.852216438243746e-43,2318,-0.09187986367425699,-0.34139427560696733
18,worn out,-0.2293381404267063,4.8252845713541564e-29,2318,-0.0024903007600556304,-0.15997589281402494
18,tired,-0.25171800153896773,7.870857502417768e-35,2318,-0.030385367375699274,-0.24575683158716494
18,resigned,-0.2845739811365411,1.959965230285424e-44,2318,-0.01991482248979718,-0.4179022033609152
18,lonely,-0.27167160455454104,1.6761995723957627e-40,2318,-0.02713849369771701,-0.31752078776081216
18,heartbroken,0.08610455323631788,3.3098051606618895e-05,2318,0.057776106337528,0.14012517493588764
18,grief-stricken,0.28513719134156285,1.3055099078692572e-44,2318,0.03602542156493856,0.3919743123236685
18,worthless,-0.28291984826697403,6.429553634839293e-44,2318,-0.05177703084535532,-0.37293005580937116
18,self-critical,-0.06786311904275845,0.0010780691202650027,2318,0.015598332068057344,-0.28834723385990163
18,ashamed,0.2519351559623088,6.869486788568448e-35,2318,0.004349905859168127,0.261785528049577
18,guilty,0.2678432872769585,2.2422110124310107e-39,2318,0.05210768539399793,0.29226959979570083
18,humiliated,0.25801983460866834,1.437714791380334e-36,2318,0.06396511502598906,0.23994666277517335
18,embarrassed,0.2652249671053024,1.289765672528728e-38,2318,0.08121274750500128,0.2630997012816655
18,regretful,0.2499487144703936,2.373546629055536e-34,2318,0.047845293831935996,0.22281564010592747
18,sorry,0.250320914389311,1.8830748754492293e-34,2318,0.061064803738691026,0.20420439069389218
18,desperate,0.25632320422030075,4.2702186819773226e-36,2318,-0.008680449317760318,0.2702947411554885
18,panicked,0.2854068971667589,1.0743116633607447e-44,2318,0.021891657154984735,0.38396149386227413
18,hysterical,0.27902074841303637,1.0244920266312986e-42,2318,0.07112873404735093,0.35514521767958135
18,overwhelmed,0.09171286631158923,9.755931179337558e-06,2318,-0.02648952425546426,0.3471505358430317
18,distressed,0.2862257329553476,5.936876266890242e-45,2318,0.02127845487368895,0.39688270144627047
18,tormented,0.28756827094653314,2.2355481176218262e-45,2318,0.03637449386916734,0.38890468538973394
18,trapped,-0.27766010405327074,2.6639605107419046e-42,2318,-0.04788229411848029,-0.3367127554931773
18,stuck,-0.2821016547615268,1.1536815596742262e-43,2318,-0.06894124041344507,-0.34065210705591825
18,frustrated,0.2547688491359278,1.1494624381960247e-35,2318,0.007895333291575601,0.2730991071420099
18,exasperated,0.23124827755217278,1.6320840677243143e-29,2318,-0.004990338861830951,0.20263754036445875
18,angry,0.27033176587796176,4.174558051349541e-40,2318,0.06009537037733444,0.30642981698175514
18,anxious,0.26053744387159034,2.815935697096268e-37,2318,-0.02429196355346632,0.39361158356470743
18,afraid,0.29899234135695507,4.4194376791866474e-49,2318,0.04737942501943943,0.4171354140322753
18,nervous,0.26365617377350326,3.645014596203513e-38,2318,-0.019247552626225073,0.3952744968130001
18,stressed,0.2730896451390517,6.345417349934348e-41,2318,-0.005330168616457506,0.40059824028936186
18,calm,-0.06290116056218993,0.002447304390532808,2318,-0.050577382785454573,0.036839211276444565
18,self-confident,0.17389482908835008,3.39585736959107e-17,2318,-0.020287295297852975,0.018481512353916436
18,content,0.12414835662913663,2.0076286529923457e-09,2318,-0.022733429127222534,0.3232854075800734
18,happy,0.2743465345551861,2.6694698932813415e-41,2318,0.06242767574218773,0.3673015189990769
18,hopeful,0.01693654384473423,0.4150500436321305,2318,0.014858266495838296,-0.05880212349657224
18,clinical_depression,0.05985812336440747,0.003939865815421147,2318,-0.020509367548359473,-0.016285724713794233
18,acute_grief,0.29284525486873747,4.566204775890234e-47,2318,0.1131921629029577,0.3821230110784086
18,burnout_exhaustion,-0.25982281966134557,4.481196625177454e-37,2318,0.0269974660787849,-0.3254324290671323
18,physical_illness_fatigue,0.05458442336481677,0.008575160020221961,2318,0.014103646570973922,0.1861438650521044
18,anxiety_panic,0.21838954832085153,1.9945363264024086e-26,2318,-0.1318382482684492,0.21622599722565786
18,frustration_blocked_goal,-0.14758074525100323,9.288034603297754e-13,2318,-0.04760103270047694,-0.202811220991195
20,depressed,-0.24209004295064726,2.877732256622337e-32,2318,0.020131767197672734,-0.25591812419473775
20,sad,-0.2663935599611336,5.921592228613112e-39,2318,-0.02898890757841878,-0.3121505940580226
20,gloomy,-0.2722114512116729,1.1588290389028288e-40,2318,-0.04294570971185151,-0.3309635737810193
20,melancholy,-0.27792632059831207,2.210609205445626e-42,2318,-0.05846051775291582,-0.3379304750522539
20,miserable,-0.2717655268096333,1.572034095863293e-40,2318,-0.04192914902086408,-0.3305784350210753
20,dispirited,-0.27797142512328527,2.1417892597878587e-42,2318,-0.06637780136050511,-0.3377908208612828
20,listless,-0.2818486821353762,1.3817085256841205e-43,2318,-0.08422607135159235,-0.33503939009949457
20,weary,-0.27852327834387147,1.4538430078460904e-42,2318,-0.08252993072512946,-0.3267898824999095
20,worn out,-0.261685799893848,1.3306778786853526e-37,2318,-0.05826229024449263,-0.24027383342511627
20,tired,-0.2631115629392465,5.219375997738548e-38,2318,-0.04943037961098795,-0.26832265568233815
20,resigned,-0.2785852126763853,1.3919054153614745e-42,2318,-0.006137105658008547,-0.41912030088552565
20,lonely,-0.2699690149183129,5.339679214223811e-40,2318,-0.00888944721131163,-0.3281015627944794
20,heartbroken,0.16715861644367955,5.465711938150585e-16,2318,-0.003523999529728445,0.13376041244971898
20,grief-stricken,0.2764228763674219,6.32218734428851e-42,2318,0.0007856373165466349,0.3904232687211532
20,worthless,-0.2715094658203014,1.872410835598998e-40,2318,-0.026046190988876287,-0.3488023774780394
20,self-critical,0.09163234531631724,9.93358262504141e-06,2318,0.016996350396937573,0.013115447578516954
20,ashamed,0.2669024573473298,4.213909283522866e-39,2318,0.04806291443446456,0.2837814739835034
20,guilty,0.27447247046339857,2.4470230170822966e-41,2318,0.05994401493499929,0.31283991652258286
20,humiliated,0.23253785370245034,7.807010906420468e-30,2318,-0.002065409977582533,0.18942358658635067
20,embarrassed,0.2440970172205086,8.589533200817566e-33,2318,0.002276284196903733,0.23209123589967887
20,regretful,0.25533228154545506,8.034336931577831e-36,2318,0.023973628435842338,0.26798898204270005
20,sorry,0.26405065026780883,2.808883035435217e-38,2318,0.05852209328529792,0.2603460916197117
20,desperate,0.24361054332215903,1.1526231263426592e-32,2318,-0.020448338576950165,0.24650355736851054
20,panicked,0.2769583115444307,4.35180357699913e-42,2318,-0.006096122586315984,0.3786528319568213
20,hysterical,0.277002002500119,4.221026625155619e-42,2318,0.01984676787824037,0.3812795338906673
20,overwhelmed,-0.06361008143567003,0.0021840065179238974,2318,-0.03233859185082349,0.09267616067297833
20,distressed,0.27616893705156614,7.545115632779156e-42,2318,-0.00017207281714681777,0.38182440240589993
20,tormented,0.2738900319696625,3.6578922891212296e-41,2318,0.029916300340101454,0.33872312891808576
20,trapped,-0.28133956438864066,1.9852365348886268e-43,2318,-0.05221854834377089,-0.3543960250030602
20,stuck,-0.281801042729967,1.4294151266555908e-43,2318,-0.06578828085545953,-0.33856609781379404
20,frustrated,0.24579032034986098,3.0704432377106878e-33,2318,-0.0028679254959806527,0.26279618541966726
20,exasperated,0.2460519141292291,2.6174241271869863e-33,2318,0.006084478279215155,0.2518227914611059
20,angry,0.24534288264933876,4.032639839524067e-33,2318,-0.025847595639986898,0.2510760717338282
20,anxious,0.2572100786533755,2.4196686880754867e-36,2318,-0.020340391882630482,0.41485906955108726
20,afraid,0.27715530426270374,3.7923073217393326e-42,2318,0.013874572872990501,0.3702967821238771
20,nervous,0.26506856415928187,1.4309664281933718e-38,2318,-0.0031265004329774637,0.4204570147643214
20,stressed,0.26213949026025574,9.88570442928902e-38,2318,-0.014135957355248467,0.42036085015785185
20,calm,-0.14618931588511394,1.5205176999217445e-12,2318,0.0050782605246768725,-0.0848120322630448
20,self-confident,0.199587873313534,2.96030813676345e-22,2318,-0.015142374848406526,0.08759923084067643
20,content,-0.08868639601131217,1.9029373673420304e-05,2318,0.030279086035474398,0.04331901199143281
20,happy,0.2756475791331936,1.0841372050423037e-41,2318,0.09108876463623612,0.41332132525063553
20,hopeful,0.27577274812231345,9.938529675422107e-42,2318,0.07761227731149838,0.30112476746715405
20,clinical_depression,-0.1646820352766223,1.4755373432478328e-15,2318,-0.023509969376146342,-0.2686240242204412
20,acute_grief,0.284511042805503,2.0508943476596174e-44,2318,0.053248734923237326,0.37240734633026534
20,burnout_exhaustion,-0.2698099381130836,5.947631912772078e-40,2318,0.003183677779562204,-0.3510419607734896
20,physical_illness_fatigue,0.014202789994940977,0.49431138120196766,2318,0.019423762877424727,0.16759292497720935
20,anxiety_panic,0.21761100803644765,3.0240880639436293e-26,2318,-0.06682144735162669,0.17719567543191242
20,frustration_blocked_goal,-0.20426615217355104,2.9573809506258204e-23,2318,-0.024493245221803985,-0.23994537601625085
22,depressed,-0.02316740327340728,0.2648689286509282,2318,-0.058092983388106145,-0.019811828321252715
22,sad,-0.22513118061801382,5.07374503738049e-28,2318,-0.033950116602097014,-0.16649902814967868
22,gloomy,-0.26872179893230225,1.2411445702511446e-39,2318,-0.10704619994839668,-0.25138223754262706
22,melancholy,-0.19541809970335366,2.199283653028619e-21,2318,-0.0850861875017221,-0.21540538182111413
22,miserable,-0.29062858029288796,2.3647622007684807e-46,2318,-0.11404706742678511,-0.31103047207778917
22,dispirited,-0.22081019588795858,5.412210622485405e-27,2318,-0.08723369330525452,-0.1991199609498186
22,listless,-0.24549001019636746,3.6871195241073824e-33,2318,-0.10596004141815926,-0.21273215612684437
22,weary,-0.25854078985717976,1.0275381258819923e-36,2318,-0.10623468162590734,-0.18047979720493118
22,worn out,-0.2647066018403158,1.8194115194554886e-38,2318,-0.11251430489695063,-0.18979549107165788
22,tired,-0.2580010472521394,1.4552153001658897e-36,2318,-0.09012511068941809,-0.1324452563425616
22,resigned,0.2270873269139451,1.7091576531248504e-28,2318,0.11307723172356828,0.21082017173193426
22,lonely,-0.058209978506563294,0.005056367960387469,2318,0.047288224777044585,-0.10212837056359761
22,heartbroken,0.0007291344373370927,0.9720114092630188,2318,0.027758430591413474,-0.10320323436222777
22,grief-stricken,-0.11278820062023426,5.189012956221203e-08,2318,-0.026643503066414234,-0.15226122182589913
22,worthless,0.03891598997334353,0.06102239389558843,2318,0.08386063216989155,-0.0765281819006868
22,self-critical,0.20940941923812578,2.200209739919814e-24,2318,0.06579386316441657,0.10965659294587854
22,ashamed,0.1045830425228804,4.503485234457275e-07,2318,0.1282597125451787,-0.057698442815965104
22,guilty,0.21030391037034277,1.3904035409700147e-24,2318,0.12285667786976122,0.04716381104473073
22,humiliated,0.1836903952247495,4.874806052587167e-19,2318,0.07859400621465805,0.008122350296746166
22,embarrassed,0.09176833103405904,9.635329228876095e-06,2318,0.08221158709236284,-0.08545700201302388
22,regretful,0.24598677876968125,2.7236030372083564e-33,2318,0.07331953372066304,0.16070369654818073
22,sorry,0.21517932782483357,1.0981472464542418e-25,2318,0.11648188777656344,0.058175617618947
22,desperate,-0.008692482631081777,0.6757372465887257,2318,-0.0739490249345808,-0.11329731133540058
22,panicked,0.04404004412473662,0.03398750660074845,2318,-0.055918836142332916,0.07889098713217692
22,hysterical,0.22556146287858153,3.997311728562964e-28,2318,0.026474182689971724,0.2514752091644617
22,overwhelmed,-0.051421126828116184,0.013286197225519426,2318,-0.10043100639909906,0.006758125048045724
22,distressed,-0.07842476999021868,0.00015708418351813639,2318,-0.08284223453995403,-0.011492533400124674
22,tormented,0.15574357516460502,4.6860519638695694e-14,2318,0.006671886977373922,0.11522918443132468
22,trapped,-0.10812857652655278,1.8046119244562398e-07,2318,-0.024433468124018767,-0.2217318710550338
22,stuck,0.010451566474530256,0.6150068899400908,2318,0.0003641691815799708,-0.0035024404174469116
22,frustrated,0.21828219742909577,2.1125498867262507e-26,2318,0.03601947276973964,0.2067256357912361
22,exasperated,0.2526327495168,4.432918230915384e-35,2318,0.08609855226497644,0.24848711725290074
22,angry,0.16382101194222964,2.0765936998100528e-15,2318,-0.10674145393802581,0.13984595600694655
22,anxious,-0.03579174342163001,0.08491784179418752,2318,-0.0647787135648745,0.057237184248947526
22,afraid,-0.23934817350748946,1.4744413246776627e-31,2318,-0.04445251139167315,-0.2569027894926995
22,nervous,0.0029345725796213838,0.8877033438840463,2318,-0.01294455983345908,0.1690503340914848
22,stressed,-0.015126216075398232,0.4666688279435017,2318,-0.09063800160061619,0.08641814224624433
22,calm,-0.1418787360704425,6.79543877737541e-12,2318,-0.019470303502226415,0.029869016247361567
22,self-confident,0.23300649326860093,5.965082254660698e-30,2318,0.022191079080335407,0.1787470569310204
22,content,-0.1625005577104012,3.4945298732263693e-15,2318,-0.033644877456010115,-0.05224841481883707
22,happy,-0.057067005604261915,0.005990814832620019,2318,0.06841839250764245,0.025595994727769265
22,hopeful,0.1519716130593718,1.9009848381726315e-13,2318,0.08396741222518884,0.0784755128267041
22,clinical_depression,-0.08101004626784819,9.438403375296192e-05,2318,-0.03387575980058123,-0.20071833556140292
22,acute_grief,0.02115034305607092,0.30874410804809715,2318,0.05657725536234618,0.06117796734084234
22,burnout_exhaustion,0.03431753488087851,0.09856838444141813,2318,0.04905494971592721,-0.03989068552972519
22,physical_illness_fatigue,-0.21203473319959548,5.68672475437789e-25,2318,-0.029911019330861134,-0.25099664041295067
22,anxiety_panic,-0.19244255773045876,8.951434964376286e-21,2318,-0.030966675685870533,-0.3029059988882951
22,frustration_blocked_goal,0.22686693234744884,1.9330629934786609e-28,2318,0.004376584227170355,0.3453754845796332
24,depressed,0.040676315046370606,0.05021356962162383,2318,0.02953361102946631,0.04348700690844968
24,sad,-0.16856476211499338,3.088984096378073e-16,2318,-0.06310996670356792,-0.13011962349870965
24,gloomy,-0.19260693767734993,8.288447209461199e-21,2318,-0.08526484485079584,-0.2959220240449544
24,melancholy,0.08599511485325045,3.387243543622785e-05,2318,0.07379254352433658,0.10404299425866294
24,miserable,-0.11739838360521206,1.4381751069244815e-08,2318,-0.00596993676727443,-0.009184690134345263
24,dispirited,-0.019693672654540844,0.34325958810968243,2318,0.03161933481482836,0.08510455418333418
24,listless,-0.06324677291149954,0.0023155144313746472,2318,0.03585073109723362,0.021733822064492047
24,weary,-0.2259011617232767,3.3102187170994953e-28,2318,-0.07610783903434457,-0.2578842518319798
24,worn out,-0.161234974745012,5.731592120871088e-15,2318,-0.01727845175852849,-0.0640154581537404
24,tired,-0.24090360789272205,5.850480491783076e-32,2318,-0.09334019028324969,-0.20367653492535354
24,resigned,-0.09302025057033426,7.263066182657392e-06,2318,0.09720780126949247,-0.13148829513461424
24,lonely,0.2323354873419728,8.767394443834934e-30,2318,0.1339513587578412,0.2579305685221908
24,heartbroken,0.05965428374445507,0.004064632815502586,2318,0.15163894282473178,0.0383922275371168
24,grief-stricken,0.2483553800646232,6.365915329747858e-34,2318,0.16449056433501807,0.36175942343187956
24,worthless,0.06880173138507445,0.0009176025053804704,2318,0.08353304138983338,0.05373188373887502
24,self-critical,-0.009394609127840658,0.6512147989164055,2318,0.09016208324761174,-0.1695826004342396
24,ashamed,-0.07083616045962876,0.0006427588247123277,2318,0.018655102293734536,-0.06162465065530856
24,guilty,-0.03934272093909267,0.058239490890627896,2318,0.17216395679499388,-0.03262732456594087
24,humiliated,-0.20512330433120576,1.9272138132620603e-23,2318,0.022669492304828204,-0.3463910679734719
24,embarrassed,-0.12186502647324869,3.955314579928269e-09,2318,-0.013501673058437441,-0.15599914668213624
24,regretful,0.1150767409965228,2.7615697000293285e-08,2318,0.15466373622503907,0.007828074427130138
24,sorry,0.26672186530339065,4.7550505015835744e-39,2318,0.1573512744288395,0.22601915846883805
24,desperate,0.151713948531767,2.08915871208766e-13,2318,0.004370646798683861,0.04278280155413188
24,panicked,-0.011276482410466158,0.5873793723768307,2318,-0.0913174262943396,-0.14484350574876723
24,hysterical,0.12077369215785023,5.445615075914465e-09,2318,-0.06054503154768161,0.09531657492366527
24,overwhelmed,-0.15563378469389708,4.883409065264764e-14,2318,-0.12275674321417296,-0.1255699898073597
24,distressed,-0.06397474060879492,0.002058922473478307,2318,-0.1474957246098796,-0.08963656427688364
24,tormented,-0.029370058739959466,0.15748476585437662,2318,-0.13782455420356954,-0.05611253608622673
24,trapped,0.07665440870072643,0.00022073752817014115,2318,-0.012981485060913782,0.0013761504658773224
24,stuck,0.1181970328532149,1.1456938971147874e-08,2318,0.10241842143136705,0.12825708927035032
24,frustrated,0.1380858002009964,2.4447173491231637e-11,2318,-0.06027424641463437,0.2130864514891192
24,exasperated,0.033027964785550985,0.11189622652267632,2318,0.0006981961964760558,-0.04633080734619799
24,angry,-0.08613179150374958,3.290794279372881e-05,2318,-0.02953868540891315,0.12872549634174252
24,anxious,-0.0028697688203663356,0.8901672848275453,2318,-0.1970369949394526,-0.048585806119408464
24,afraid,-0.14341095196137654,4.011716365252142e-12,2318,-0.10039007823577753,-0.3192349668203459
24,nervous,0.03045924533623674,0.14264061747807355,2318,-0.13518849622130058,0.09899604003602772
24,stressed,0.02596312688787741,0.2114650654815138,2318,-0.13503873271288086,0.12021778544041727
24,calm,-0.09132976808197414,1.062915102362714e-05,2318,-0.08284624042463996,-0.033213611262057775
24,self-confident,0.18233907882194544,8.880930008298654e-19,2318,0.06106251977405233,0.09340799389233513
24,content,-0.09601723479584277,3.6387223873723726e-06,2318,0.02207837395677047,0.05255674915173682
24,happy,-0.19771346063219203,7.332621645636721e-22,2318,0.061385640246752624,-0.19844504277816416
24,hopeful,0.28590591306477425,7.486224020911769e-45,2318,0.1668025794758489,0.2593848291335601
24,clinical_depression,0.07860160805998401,0.0001517774221890099,2318,0.04577373061614054,0.023958816244008984
24,acute_grief,-0.011051068544430137,0.5948716490391192,2318,0.11426529670913291,0.07830244634413465
24,burnout_exhaustion,-0.10033834324096669,1.295357578817038e-06,2318,0.07423031846113207,0.05909263881870093
24,physical_illness_fatigue,-0.15566993101320453,4.8175478492138635e-14,2318,0.11353061995786239,-0.15826322990258693
24,anxiety_panic,-0.21005362898324043,1.5812626478999035e-24,2318,-0.13734082934921207,-0.41947478743428107
24,frustration_blocked_goal,0.17165083196623512,8.677551765907431e-17,2318,-0.04172783255287653,0.19905947016262518
26,depressed,0.29233121580576693,6.695021301244789e-47,2318,0.11117116479348682,0.3536690076240775
26,sad,0.13505232714022378,6.638737648058388e-11,2318,0.004246707713463482,0.05526147706758584
26,gloomy,0.15599607309790392,4.2614247512345e-14,2318,0.012674152018291862,0.08476304846283653
26,melancholy,0.28393843703170774,3.0966508459637056e-44,2318,0.11058323128279353,0.25336921481443697
26,miserable,0.12567600234395207,1.2666499417460576e-09,2318,0.026608580210986887,0.15085653378837025
26,dispirited,0.04779421003829184,0.021382850039432747,2318,0.006127389784785345,0.000860093595523319
26,listless,0.13365783851753618,1.0430662103687095e-10,2318,0.07189028839291105,0.20064261393275257
26,weary,-0.1754478465623759,1.7609849216701477e-17,2318,0.010374726263808642,-0.17489815628285854
26,worn out,-0.18391035674009418,4.419404886757425e-19,2318,0.020792462873954663,-0.1315234137352984
26,tired,-0.24409903346850395,8.579058546160081e-33,2318,-0.023864761746238194,-0.17044828139876667
26,resigned,0.22189747863598516,2.997290321646568e-27,2318,0.17040467938855391,0.2427654811491665
26,lonely,0.2932749247016146,3.3141545912331793e-47,2318,0.06711363377384316,0.34031419140544056
26,heartbroken,0.2970233806694571,1.9765879684300236e-48,2318,0.13847220102723623,0.3274942396008866
26,grief-stricken,0.31993639940550855,2.5443042061298575e-56,2318,0.16529977378944305,0.38768692191465537
26,worthless,0.239682961417607,1.209112335614787e-31,2318,0.09660478034237734,0.20544655637935855
26,self-critical,0.22203552192587908,2.7800116942988637e-27,2318,0.1099386976485737,0.08663627220234171
26,ashamed,-0.305851903702084,2.1825152409697797e-51,2318,-0.13063070630555604,-0.4568806690053132
26,guilty,0.1953341080642219,2.288888074850834e-21,2318,0.036997547428237146,0.07279081412632019
26,humiliated,0.1623315240635618,3.734125395945346e-15,2318,0.057350287263676206,0.21313549232643167
26,embarrassed,-0.0013247516807299664,0.9491719939099259,2318,-0.001256495342956153,0.047504710402824994
26,regretful,0.2407742335567934,6.319622456366613e-32,2318,0.10458631009183855,0.0735901648018964
26,sorry,0.23439196374200844,2.682853406757038e-30,2318,0.0673456784900607,0.116411979248481
26,desperate,0.08251469026828441,6.968423710034921e-05,2318,-0.04900141104192559,0.07622531329424857
26,panicked,-0.2201443459935456,7.76012158544713e-27,2318,-0.000295450521050589,-0.15754102250016566
26,hysterical,-0.21678958220381186,4.6832413107896426e-26,2318,-0.03784497914408362,-0.13697374581743552
26,overwhelmed,-0.004190754948959816,0.8401836941364756,2318,-0.03566044042395645,0.1037854958365733
26,distressed,-0.2194846820423126,1.107651124129932e-26,2318,-0.04736796115343381,-0.15139952814585472
26,tormented,0.18183002572576323,1.1119124637158626e-18,2318,0.018352063504350098,0.3046866795970518
26,trapped,0.07201446827477516,0.0005208146554700875,2318,-0.029552573472713548,0.09536251819414174
26,stuck,0.14938124503443848,4.874011444297201e-13,2318,0.09264810005177959,0.045002695615530594
26,frustrated,-0.1778664919102086,6.25689684072662e-18,2318,-0.14909259125268365,-0.1771709200349553
26,exasperated,-0.09675876323263548,3.0570245272133323e-06,2318,-0.02740181057826173,-0.22183496799361652
26,angry,-0.2833439465638091,4.74500035159457e-44,2318,-0.12384235110660177,-0.18783062249436022
26,anxious,-0.16888251528226214,2.7134136268579537e-16,2318,-0.03635435779327928,-0.15462659906682494
26,afraid,-0.14461275351154185,2.642861726889776e-12,2318,-0.04525404420247583,-0.1211188514499651
26,nervous,-0.2767617201637818,4.991882407899276e-42,2318,-0.05196227492445972,-0.2706744155204647
26,stressed,-0.19477965971599084,2.9779262846696984e-21,2318,-0.08687659751410715,-0.12413017418174127
26,calm,-0.08270870028325981,6.698592414653336e-05,2318,-0.06508676970175264,-0.030008615024239932
26,self-confident,-0.2675439964201116,2.741333371393549e-39,2318,-0.13029324835226896,-0.2091303096538678
26,content,-0.18500370547183717,2.70928869508368e-19,2318,-0.05615641072298727,-0.10176263909960352
26,happy,-0.31741344954868506,2.0373857368751815e-55,2318,-0.15418286717352392,-0.41044244961025705
26,hopeful,0.17679561280794756,9.911104382258773e-18,2318,0.012235925987162687,0.19516716670333836
26,clinical_depression,0.10359653144906314,5.778338212865326e-07,2318,0.09125159762313317,0.009936534700481966
26,acute_grief,0.1870188343613279,1.0907563966079392e-19,2318,0.052659729834221736,0.28963627720012197
26,burnout_exhaustion,-0.0736355838747043,0.00038796858592370754,2318,-0.061347983502486776,0.06087655167001021
26,physical_illness_fatigue,-0.16520435845562362,1.1982195928032224e-15,2318,-0.008923508870029118,-0.10978033924527066
26,anxiety_panic,-0.0843174788111099,4.8121821343925803e-05,2318,-0.026486731693635374,-0.07634003786522271
26,frustration_blocked_goal,-0.09600927920137148,3.645503943997724e-06,2318,-0.017220822840388735,-0.1715421642887056
28,depressed,-0.20213580198621292,8.502257965531125e-23,2318,-0.08959948809241494,-0.37192100939206835
28,sad,0.3160477599338866,6.230442600181681e-55,2318,0.12536801039242873,0.36905330498171796
28,gloomy,-0.2528615945144704,3.838439754927671e-35,2318,-0.0667279797672212,-0.28122064815406606
28,melancholy,-0.24724950959334055,1.2573019695508874e-33,2318,-0.09896343886231612,-0.23715041297977657
28,miserable,-0.1118145541408974,6.761004997340894e-08,2318,0.0015069027521186946,0.07212605724352344
28,dispirited,-0.2531791927239783,3.1423988169192663e-35,2318,-0.11648665426892824,-0.2558438072431061
28,listless,-0.2532749416342568,2.958290285788292e-35,2318,-0.05408568347739156,-0.3485309872146301
28,weary,-0.22848538377490815,7.803975982716854e-29,2318,0.023087878921377727,-0.1989672726566313
28,worn out,-0.23954858611179855,1.3093791776488356e-31,2318,-0.028833538133979868,-0.189590968291408
28,tired,-0.24579529611659331,3.0611398714789054e-33,2318,-0.03868481578082396,-0.13305731801020135
28,resigned,0.015895276140191802,0.444317196616274,2318,0.09659345540535788,-0.05753593202302362
28,lonely,0.06875970531226541,0.0009242862755087683,2318,-0.11507098307719502,0.02006942327784851
28,heartbroken,0.2803355621615359,4.047954615155081e-43,2318,0.11693963378701674,0.2472310203623806
28,grief-stricken,0.257652531534408,1.8210543914183973e-36,2318,0.002011378219252128,0.40368519360422495
28,worthless,-0.15643880909236654,3.6062679116771675e-14,2318,-0.1265073422868362,-0.22144287947561545
28,self-critical,0.22012737714477776,7.83159087945832e-27,2318,0.07450342686054494,0.162588880070559
28,ashamed,-0.0386960545414764,0.06249914051084594,2318,-0.11566011175843827,-0.1007257129449766
28,guilty,-0.2496107869976105,2.9276959290027603e-34,2318,-0.17677062203954477,-0.3839399964133457
28,humiliated,0.15371829614666366,9.982370185759179e-14,2318,0.0049462631112655794,0.00778334332526029
28,embarrassed,0.22736061742330213,1.466924710265444e-28,2318,0.08533336630297969,0.09323806748952922
28,regretful,0.14907489263386686,5.442224894065585e-13,2318,0.00981074853591446,0.2651417458189007
28,sorry,0.12058823238857753,5.748097967824183e-09,2318,-0.043214378915337165,-0.004378811214385379
28,desperate,0.044485851207801144,0.03221734589316366,2318,-0.0022629881415362346,0.20683811135729294
28,panicked,0.24185055459465207,3.3218933232230427e-32,2318,0.14191224954770099,0.18223976323370497
28,hysterical,0.25250588685894204,4.800972930082825e-35,2318,0.12836023604011743,0.24231902144203657
28,overwhelmed,0.2024904185827602,7.137516020483533e-23,2318,0.16044504617519972,0.25926299877852493
28,distressed,0.2877358272775339,1.9782525715725356e-45,2318,0.1642114100977615,0.35669963947966454
28,tormented,0.06627871196234596,0.0014089122722514803,2318,-0.06008178670713679,0.06373022427232308
28,trapped,-0.216623696236473,5.114614095515428e-26,2318,0.03124824717234019,-0.29201302641816274
28,stuck,-0.1518049424592809,2.0207050559576736e-13,2318,-0.01098579262608712,-0.2927930961532174
28,frustrated,0.2912616667234085,1.4806499865021568e-46,2318,0.1749997845015817,0.29960708432273936
28,exasperated,0.2697978059928733,5.996726339037552e-40,2318,0.156662375920039,0.3064349425002151
28,angry,0.21564968798862086,8.567561878173327e-26,2318,0.09208525123516889,0.1942992565179653
28,anxious,-0.018705650252018972,0.3680202272944089,2318,0.041963916524774866,0.08805341508602121
28,afraid,0.0020115074375326707,0.922890689360078,2318,0.05518403973578069,-0.14655576607177193
28,nervous,0.0294593778041085,0.15622508277920305,2318,0.030682961866738162,0.2023574004563906
28,stressed,0.060588313119096925,0.003520933719850774,2318,-0.08739773717679841,0.21569724447510236
28,calm,-0.1557309389448501,4.708361266675255e-14,2318,-0.07190878270375275,-0.10574659929226385
28,self-confident,-0.30116266849758533,8.36316558918424e-50,2318,-0.10825284115199059,-0.4249517968837784
28,content,-0.16257820560651856,3.389602223723811e-15,2318,-0.14392531636007289,-0.08717416716390598
28,happy,-0.024391417882415774,0.2404427106920026,2318,-0.10848773748982032,0.041291793118938575
28,hopeful,-0.0802122761615612,0.00011062744165716206,2318,-0.1304545860755402,-0.09379594724492504
28,clinical_depression,-0.05787089866623968,0.005318816134600876,2318,-0.1364851235782772,-0.1784110442241626
28,acute_grief,0.31763354685734335,1.700590849392609e-55,2318,0.11298849949076037,0.3589083065267424
28,burnout_exhaustion,-0.3047644296433596,5.114080973450587e-51,2318,-0.18554331335512309,-0.49521087800790337
28,physical_illness_fatigue,-0.08135631651388796,8.80584916226209e-05,2318,-0.035921880210812135,-0.05467356863670837
28,anxiety_panic,-0.17422209211262019,2.9584883218989505e-17,2318,-0.03077816375990206,-0.11291724966403864
28,frustration_blocked_goal,0.13492745163044903,6.914168663027859e-11,2318,0.1279564262907691,0.22038886582933778
30,depressed,0.23248855605403823,8.030886678557248e-30,2318,0.09933738357161873,0.1287538183816364
30,sad,-0.015423704091229914,0.45794964077662564,2318,-0.019434620471445077,-0.21363954513664965
30,gloomy,-0.07630846267816377,0.0002357171320419288,2318,-0.038995191484825706,-0.1250025984183175
30,melancholy,-0.16748951414825725,4.781000284645709e-16,2318,-0.10658545238539026,-0.34257573583011985
30,miserable,0.31240727430687265,1.1917202283369227e-53,2318,0.15126475069736656,0.42022926300572316
30,dispirited,0.198448442997913,5.143599713937061e-22,2318,-0.0258742008122864,0.23119443680691915
30,listless,0.014974149872831887,0.4711611031485797,2318,0.044018182126112956,0.08566606407487037
30,weary,0.010618656102336208,0.6093648183484631,2318,0.014427098630494711,0.1965703770173029
30,worn out,0.11092533877008082,8.592723311705814e-08,2318,0.04353709303832497,0.3685870656181274
30,tired,-0.03420671012109334,0.09966157882224773,2318,0.03541509047646714,0.1598842068161171
30,resigned,0.18330522581165518,5.786467545574063e-19,2318,0.05837520612116571,0.21905043678550748
30,lonely,-0.07170762692705153,0.0005503058108489105,2318,-0.05409426154356968,-0.2301919075119804
30,heartbroken,0.28274616021418936,7.280344210578795e-44,2318,0.13571268671844666,0.2430822796091757
30,grief-stricken,0.27841871292807496,1.5646925046929343e-42,2318,0.1158459008505022,0.2459705504517997
30,worthless,0.21615558580379518,6.555792686210096e-26,2318,0.07580967645942413,0.13784248320847245
30,self-critical,0.15378740335833518,9.729688386892144e-14,2318,0.00705863321024635,0.11508200156544218
30,ashamed,0.12972330724667544,3.639727739543142e-10,2318,0.04758407051068853,0.15334040682564612
30,guilty,0.2923381972796995,6.660349968978101e-47,2318,0.09391077251481328,0.4003502908147283
30,humiliated,0.12355509979550808,2.397261807829124e-09,2318,0.08392383479623973,0.017958434762063158
30,embarrassed,-0.060695390628835735,0.003463027402610453,2318,0.004189982978827576,-0.15218914437583106
30,regretful,0.2586350198255241,9.668891814886102e-37,2318,0.043865975201752345,0.3541131041759013
30,sorry,0.22448398320289148,7.255887804175685e-28,2318,-0.007868498763009484,0.17761893552535488
30,desperate,0.30641475751411357,1.4025933712367406e-51,2318,0.1317506437010713,0.4352267541176138
30,panicked,-0.0658850792230611,0.0015044941975055613,2318,0.011502401936834751,0.1121963009587672
30,hysterical,0.010378527921855412,0.617480356343522,2318,0.1213703353894976,0.08832254646225023
30,overwhelmed,0.20189870213889172,9.555663752768349e-23,2318,0.02886542685600481,0.45246353243225396
30,distressed,-0.008424524920831069,0.6851891509215666,2318,0.10284719893985021,0.16541651703118626
30,tormented,0.11623009907189158,2.0002401568465868e-08,2318,0.0672559562126651,0.0592915467706692
30,trapped,-0.16394933273524498,1.9737195633524973e-15,2318,-0.10087784611609411,-0.3374723595191942
30,stuck,0.07540703793597894,0.00027934876718099355,2318,0.023874541592880574,0.07414526302277215
30,frustrated,0.09149636362644921,1.0240626754414812e-05,2318,0.02983410167996682,0.38647732926744477
30,exasperated,0.025799165914682953,0.21436450192446863,2318,0.0655760985122687,0.2995350252547041
30,angry,0.04171761371888868,0.04461025848016446,2318,-0.0565735923642007,0.14982223821609217
30,anxious,-0.15977756465319118,1.0083342636874207e-14,2318,0.03391216467305566,-0.008657043550803925
30,afraid,-0.1454873806723933,1.9462892819590044e-12,2318,0.049392357444792145,-0.17875534420161562
30,nervous,-0.17059121347645956,1.345530089817641e-16,2318,-0.004038930659298584,-0.02478249075475277
30,stressed,-0.03859214565382407,0.06320703827826431,2318,0.01701876144311161,0.14123597655855033
30,calm,-0.3244555866083253,5.8253675258732334e-58,2318,-0.17235577907613897,-0.4445220218037065
30,self-confident,-0.26726752881217436,3.29983316078594e-39,2318,-0.08820206226835917,-0.4764790458082601
30,content,-0.3420121083968124,1.3254413223385353e-64,2318,-0.21045357219286004,-0.46511740897860804
30,happy,-0.20310099550986438,5.276916272492159e-23,2318,-0.05331521916212102,-0.4202859225865311
30,hopeful,-0.1534022741426566,1.1222439667278725e-13,2318,-0.06831276926563587,-0.41396340530036974
30,clinical_depression,0.1437982716882829,3.508169336406177e-12,2318,0.07472477605864422,-0.013901143412227862
30,acute_grief,0.036066411002444315,0.0825518782134322,2318,-0.02402060371309188,-0.13657037393798985
30,burnout_exhaustion,-0.14199423602756034,6.5320525056301116e-12,2318,-0.08750304776415782,-0.39699240686185566
30,physical_illness_fatigue,-0.20884315734604014,2.9388364680399122e-24,2318,0.011858140322340689,-0.2896044904857245
30,anxiety_panic,-0.16417715464625457,1.8032895401019554e-15,2318,0.009383209976660083,-0.08391128403518573
30,frustration_blocked_goal,0.20178247779253802,1.0118204370066184e-22,2318,0.03188682996289618,0.49467263278240287
32,depressed,0.07241541091699817,0.00048449530275130454,2318,0.029627030569996604,0.26570132183109935
32,sad,0.1929852962853134,6.941224191098156e-21,2318,-0.021056887790331453,0.27558819460595274
32,gloomy,0.1769316271393752,9.35016474461533e-18,2318,0.02213921306025385,0.3623907033188011
32,melancholy,-0.03185637240284119,0.1252003757295825,2318,-0.02535075070112277,0.10567769730985167
32,miserable,0.2874713476179312,2.3993004263201973e-45,2318,0.08074625917989678,0.4879036069427465
32,dispirited,0.07344608184720827,0.00040167696439326024,2318,-0.012868260714768792,0.30698336496713446
32,listless,-0.012124566963077213,0.5595895458199164,2318,-0.010323591439583044,0.16135446993941688
32,weary,0.11414094338812329,3.5794085947225854e-08,2318,-0.06331862572578373,0.2879235390551783
32,worn out,0.08181088016501627,8.036074095780024e-05,2318,-0.03671526827576739,0.28663105334731037
32,tired,0.05188134228686593,0.01248278110407685,2318,-0.04029685201682005,0.22109224159587867
32,resigned,0.1261020960070525,1.1128479316250073e-09,2318,0.05692194639664604,0.22245161573669978
32,lonely,-0.020657479630790815,0.3201563582432204,2318,-0.015874483801415304,0.07765913441433091
32,heartbroken,0.30682557035590796,1.0151029934961454e-51,2318,0.11631831618587812,0.36885728422985214
32,grief-stricken,0.3210564916038138,1.0038102376809376e-56,2318,0.10654996182214925,0.4528257113034295
32,worthless,0.285583181979342,9.456949225987789e-45,2318,0.07809406482781345,0.4008175970711769
32,self-critical,0.22902434276820643,5.760413556545575e-29,2318,0.09623594467898591,0.056409145439582274
32,ashamed,0.10974488633631382,1.1779122406662224e-07,2318,-0.00864577417059529,0.017034527517502847
32,guilty,0.2615495698184635,1.4547152212436355e-37,2318,0.13336656910865996,0.16125277845824793
32,humiliated,0.051378786762719494,0.013362357974439269,2318,-0.10116595625081728,-0.021653351092269246
32,embarrassed,-0.05373077946512429,0.009671027486886856,2318,-0.08619114278021713,-0.1495992334895176
32,regretful,0.2674015709519819,3.0161973406553335e-39,2318,0.113454316983299,0.1628976966700036
32,sorry,0.2520386119608613,6.437971016738373e-35,2318,0.09844834390662865,0.0809677842613852
32,desperate,0.12705876660993662,8.308562253240429e-10,2318,0.0460924598992416,0.1677337093875147
32,panicked,-0.1855232106636821,2.1449618884560017e-19,2318,0.02861713649601374,-0.1661637600205684
32,hysterical,0.05083444554356569,0.014376415029546294,2318,0.017101927190069137,0.014219071423250703
32,overwhelmed,-0.053444718369456766,0.010065233735703784,2318,-0.02835157215884802,0.05573902760432953
32,distressed,-0.010154452374681688,0.6250957239915489,2318,0.07406260741759635,-0.037541998742987436
32,tormented,0.032644768981160664,0.1161191576882748,2318,0.02482826101287751,-0.05390856068775765
32,trapped,0.0722080596366711,0.0005029727154590466,2318,-0.008458824002710374,0.05290379772362645
32,stuck,-0.08198288490839692,7.76173128095468e-05,2318,0.011123990571130928,-0.05269930985636171
32,frustrated,0.04386513638084978,0.03470436533034283,2318,0.06326740448367882,0.13344545897425708
32,exasperated,0.055551274356398145,0.007469063212727355,2318,0.08564292645229307,0.050040989254521565
32,angry,-0.09085491734376153,1.1815257783357333e-05,2318,-0.0281229571947533,0.01455064213998515
32,anxious,-0.12310222980895746,2.7433119876084125e-09,2318,0.15169111452357165,-0.12225300547494272
32,afraid,-0.03059324464040811,0.14089112547235053,2318,0.018137234049778198,-0.006767342973840927
32,nervous,-0.08420761659923896,4.9230243075055284e-05,2318,0.10953984543828815,0.04507073581956004
32,stressed,-0.19223531766818322,9.862408508358191e-21,2318,0.08090200461317122,-0.12660499300337846
32,calm,-0.22633525541342112,2.60008891026036e-28,2318,-0.12377529397947878,-0.3711669411861191
32,self-confident,-0.34183819311547176,1.5499257415191295e-64,2318,-0.2368790669953205,-0.45023441810217174
32,content,-0.28644456754166114,5.0649553369135685e-45,2318,-0.17698225433155956,-0.37627705603097655
32,happy,-0.1838293192763748,4.582074676590269e-19,2318,-0.12602953665165273,-0.39221832308712895
32,hopeful,-0.24951435694467466,3.1081698883983075e-34,2318,-0.08541515790831208,-0.5029489955688494
32,clinical_depression,0.14525433803561136,2.1119726276457544e-12,2318,0.05098197900348925,0.268025339283124
32,acute_grief,0.01211292745249372,0.5599665930063434,2318,-0.07734424932559711,-0.12429897623526741
32,burnout_exhaustion,-0.015675657341052997,0.4506370555510526,2318,0.021466115033550982,-0.2674386963829802
32,physical_illness_fatigue,-0.05488425853920448,0.008217427695222166,2318,-0.06099508931831986,0.052910142058171246
32,anxiety_panic,-0.11811983398160716,1.171228839211728e-08,2318,-0.039991269093884785,-0.20599588064510274
32,frustration_blocked_goal,0.12152873616463555,4.366186481601737e-09,2318,0.04248744755099511,0.344605801332882
34,depressed,0.2066588032847005,8.906145235213563e-24,2318,-0.03148679691526163,0.33658390809511657
34,sad,0.125826461514534,1.210112384851112e-09,2318,-0.11414483094935092,0.17796756478011544
34,gloomy,0.10794798242100434,1.8919969851301595e-07,2318,-0.1274006331875405,0.19911239816290272
34,melancholy,0.07327596108262653,0.00041436723443974026,2318,-0.14489644869214258,0.1360470692496857
34,miserable,0.2528457657604066,3.8768785626481124e-35,2318,-0.026258186690499452,0.381197086992562
34,dispirited,0.10597221105851384,3.158256262063029e-07,2318,-0.14105686242184748,0.19541194378654503
34,listless,0.1330068884135103,1.2859324930444646e-10,2318,-0.05025063257990581,0.3082476888163313
34,weary,0.10822737179255679,1.7584708353951352e-07,2318,-0.08824106793636627,0.2639026049903599
34,worn out,0.12845518006744677,5.402364493601188e-10,2318,-0.04032224151611879,0.33132232432496256
34,tired,0.0979873298502097,2.2843059072901556e-06,2318,0.0024298110873752516,0.2752435058061465
34,resigned,-0.06939726095896041,0.0008275771445845995,2318,-0.09973390630889759,0.02069650773359733
34,lonely,0.024876854920533376,0.23120887219170488,2318,-0.019088863485833895,-0.03136894972504396
34,heartbroken,0.2826298751482183,7.911599511984725e-44,2318,0.02749480593274383,0.3602938499303453
34,grief-stricken,0.29834376535410156,7.248045129984872e-49,2318,0.03989641862921606,0.44042831782865827
34,worthless,0.1656150964550947,1.0167905076144221e-15,2318,0.013885511390958512,0.07688378961389529
34,self-critical,-0.01476970120033998,0.4772382298996912,2318,0.09435804470716273,-0.21530735912635612
34,ashamed,-0.039917772893019864,0.054656757073584264,2318,0.07097705036988915,-0.023516087042153962
34,guilty,0.08469854655025136,4.445760526257588e-05,2318,0.043080477065934444,-0.015546509806104801
34,humiliated,-0.04456806950986768,0.03189965588773271,2318,0.05755950432122213,0.0026187945346785395
34,embarrassed,-0.18948042383424257,3.539659700278656e-20,2318,0.012404020836159331,-0.2081629678662622
34,regretful,-0.02066249634757311,0.32003882500484504,2318,0.042836310880081455,-0.1364160315471848
34,sorry,0.13267642668812912,1.4295493918784741e-10,2318,0.07285303930049009,-0.04608742570886055
34,desperate,0.09444890383144043,5.237738724653666e-06,2318,0.05139988185342035,-0.12630978187810465
34,panicked,-0.06486359407105899,0.0017810535548105492,2318,0.09468100793970188,0.024898846674088024
34,hysterical,0.11812400943023031,1.1698337072005293e-08,2318,0.10973484776935505,0.24264776297803958
34,overwhelmed,0.05245985307964438,0.011534031010591613,2318,0.07081462928820914,0.19602543751898716
34,distressed,0.2032481959200007,4.9056320069216164e-23,2318,0.09295947821512957,0.31820404887115966
34,tormented,0.10790973095194027,1.9110236011715243e-07,2318,0.042172665284578005,0.13992205591221438
34,trapped,0.017608316961696666,0.39678801856177137,2318,-0.05179423740948448,0.14463310657286446
34,stuck,0.18713970955629017,1.0324851137556242e-19,2318,-0.014714151217772437,0.16757151989038255
34,frustrated,-0.11894840034404537,9.23795443341179e-09,2318,0.15292156024310766,-0.13496449966439814
34,exasperated,-0.1256502829462831,1.2765685879044773e-09,2318,0.1536849563341947,-0.11891806996201063
34,angry,-0.1378033334747046,2.6855515449841326e-11,2318,0.03866124959665483,-0.10876347568752101
34,anxious,-0.05362362241586931,0.009817054607827834,2318,0.10852995256174976,-0.09311372604599162
34,afraid,-0.09064434936721952,1.2380706703767275e-05,2318,0.053705527813172005,-0.040723237713392826
34,nervous,0.053539945350804086,0.009932446557014514,2318,0.04713252301522842,0.09451141406961837
34,stressed,0.08036781157946524,0.00010726700635598891,2318,0.0754599973274956,0.026974732137096592
34,calm,-0.22983440457387083,3.6443755742751227e-29,2318,-0.11178120020793877,-0.24725936643804802
34,self-confident,-0.32558579681164435,2.2423402058364727e-58,2318,-0.15058717555438403,-0.4696803867626206
34,content,-0.14774053227501488,8.7742538579888e-13,2318,-0.1098344946228054,-0.21432308677945272
34,happy,-0.11111411557626338,8.167586625113758e-08,2318,-0.050925402688758545,-0.3018348309069002
34,hopeful,-0.22372015385201463,1.1051556442674209e-27,2318,-0.05714587445809201,-0.4858340555791993
34,clinical_depression,0.11091598433955467,8.61433759803944e-08,2318,-0.1686343145433319,0.154758574988757
34,acute_grief,0.11099593024950127,8.431298807940468e-08,2318,-0.02449401074629507,0.29818621965225967
34,burnout_exhaustion,-0.03454991853310361,0.09630718554427083,2318,-0.05998659811180021,-0.1581920746886718
34,physical_illness_fatigue,-0.04647924526644251,0.025235791668129438,2318,-0.036998137710359244,0.12418897301176747
34,anxiety_panic,-0.04744292649627042,0.02235843246185367,2318,0.06911907444283431,-0.11808137141608552
34,frustration_blocked_goal,-0.02235005229004543,0.2821013159423666,2318,0.11624692052423295,-0.14267605803198552
36,depressed,-0.12891321510386158,4.686259535234802e-10,2318,-0.06036757643038706,0.02808499995543299
36,sad,-0.2961407074236375,3.8539075324702383e-48,2318,-0.19019749385770812,-0.1909362527689513
36,gloomy,-0.2683656717997818,1.5778316422315426e-39,2318,-0.10206157718629856,-0.19661552746111063
36,melancholy,-0.3230991430542562,1.82223677052622e-57,2318,-0.18882502782980548,-0.3385923324342171
36,miserable,-0.1491003417889323,5.392646805822757e-13,2318,-0.045015488537682356,0.0720660993516995
36,dispirited,-0.19531150068126582,2.3136165091299372e-21,2318,-0.15067290874681835,-0.11715097309264928
36,listless,-0.21687361774824182,4.4786719652324475e-26,2318,-0.1070305935374897,-0.1959077044046141
36,weary,-0.017618234831842716,0.3965220844909185,2318,-0.025000580538111397,0.2532862978961388
36,worn out,0.10632571665214148,2.883515098879243e-07,2318,-0.019471055630693526,0.34617204994837936
36,tired,0.030586895051648327,0.14097365175413312,2318,-0.040582806486707604,0.23330244370431266
36,resigned,-0.07486246695784632,0.0003092592220007291,2318,-0.04395346377913374,0.1094830777472724
36,lonely,-0.29030011507565506,3.0135567198418327e-46,2318,-0.18662069809569906,-0.38775149122915165
36,heartbroken,0.13927262519754743,1.6438784070387205e-11,2318,-0.039582779266948004,0.3681817759570856
36,grief-stricken,0.14379919464751414,3.507046743761423e-12,2318,-0.10892558209541912,0.2099332614208085
36,worthless,0.11717778594468559,1.5309855107613875e-08,2318,-0.01742531781910981,0.09579202073004849
36,self-critical,0.0013117032748408307,0.9496719671263284,2318,0.032000547408211476,-0.2750595736085358
36,ashamed,0.3030124810854504,2.0009283137448484e-50,2318,0.1256635108218222,0.5118670575620258
36,guilty,0.20798212135619976,4.5564637467828726e-24,2318,0.06073925836930523,0.17884092824789027
36,humiliated,0.24731103542479338,1.2106917509584049e-33,2318,0.049574868791949334,0.42331753165111313
36,embarrassed,0.20168462845741714,1.061711754278602e-22,2318,0.06603927907777721,0.3119513182653312
36,regretful,-0.023222872720138794,0.26372630613691883,2318,-0.11780350694027769,-0.14878814222778367
36,sorry,0.15404591625074215,8.838968775531632e-14,2318,-0.01687681431078286,0.08701166174769542
36,desperate,0.17696804579884926,9.205361713326188e-18,2318,0.07246360167411545,-0.004239595370120818
36,panicked,0.1991027457432576,3.7468706680985858e-22,2318,0.12785452906164607,0.1304045267858603
36,hysterical,0.19746615231792483,8.2592116975541505e-22,2318,0.043105767427724984,0.06594292309056698
36,overwhelmed,0.2937356375005849,2.3489145716602347e-47,2318,0.17043914511869943,0.3275559900954206
36,distressed,0.14969969198138533,4.345108957851113e-13,2318,0.1683210014211684,0.2415498122184172
36,tormented,0.0849813596792375,4.1910857820170024e-05,2318,0.11834454127460368,0.03342543978999671
36,trapped,0.07229216568631223,0.0004954001238963435,2318,0.039437552350955835,0.3174964965222774
36,stuck,-0.08721486605492544,2.6135686829939375e-05,2318,0.02787710281859899,-0.11147784631594869
36,frustrated,0.28885064619726714,8.750822010041065e-46,2318,0.18267398832312515,0.23525360825087574
36,exasperated,0.33757831330436383,6.936810026564723e-63,2318,0.19069230051595798,0.4540052682861509
36,angry,0.26993931368136803,5.448299795764865e-40,2318,0.12991147884843085,0.22163344644800378
36,anxious,0.10610585919020259,3.0515403077878444e-07,2318,0.21875216028600747,0.10348447122972336
36,afraid,0.11332198041580767,4.484045822233023e-08,2318,0.08214782699017686,0.15974514307828455
36,nervous,0.08595187993375734,3.418307867352212e-05,2318,0.1636946011779974,0.17219313211114753
36,stressed,0.20657673548163685,9.282714283904287e-24,2318,0.18893578025815286,0.09762933670200749
36,calm,-0.31352895323817487,4.821646557722557e-54,2318,-0.16718425186686242,-0.3814738681629044
36,self-confident,-0.3174666301609143,1.9503759020495678e-55,2318,-0.20654729917245285,-0.4812178968100422
36,content,-0.33304284700353304,3.718956536507769e-61,2318,-0.1936659134027639,-0.5095358597881542
36,happy,-0.06151579212978417,0.0030473156704083114,2318,-0.13762875359071014,-0.284107784843174
36,hopeful,-0.11727146029765934,1.4908853648825806e-08,2318,-0.07524760668310286,-0.3869106946078044
36,clinical_depression,-0.02372654691734922,0.2535065193823754,2318,-0.1575631424536253,0.059359291321265106
36,acute_grief,-0.14373633568825278,3.5843119822615577e-12,2318,-0.04005557146143287,0.050351345665875076
36,burnout_exhaustion,-0.08136251380406044,8.79490147174129e-05,2318,-0.07322484018694594,-0.16908471272285108
36,physical_illness_fatigue,-0.05620792382730079,0.00679259141592302,2318,-0.025305566864071625,-0.0018180706899419393
36,anxiety_panic,0.055324930675062646,0.007715869586068601,2318,0.1185893800832721,0.04916346773284881
36,frustration_blocked_goal,0.18541880434705402,2.2481707847825823e-19,2318,0.10914108410316359,0.027632999459986093
38,depressed,-0.003565475207658722,0.8637756415056496,2318,-0.09288997339358562,0.06687219225349475
38,sad,-0.31722404904042645,2.3798474779440665e-55,2318,-0.1752882119222101,-0.35894332152199737
38,gloomy,-0.22371501717572784,1.1082813128906913e-27,2318,-0.09472936470623605,-0.3201374082886701
38,melancholy,-0.2790965662219536,9.712114836362433e-43,2318,-0.11590636502780274,-0.2969089765246848
38,miserable,-0.22318152967282828,1.4854985422592903e-27,2318,-0.17758409566466457,-0.29415710049850485
38,dispirited,-0.0756441140208172,0.0002671931146487929,2318,-0.13636673263976773,-0.09947188774132448
38,listless,-0.12250271976371489,3.2769693697643627e-09,2318,-0.05433063647482682,-0.09670311581925801
38,weary,-0.028880626964104265,0.16452420306098564,2318,-0.08324720620217589,0.11667624077798532
38,worn out,0.0658786423587068,0.0015061056647279647,2318,-0.1044043532327111,0.15731238423501806
38,tired,-0.07941455416204099,0.00012947979306897483,2318,-0.05684152026832712,-0.05293859123528763
38,resigned,-0.08562262403613859,3.663907039343469e-05,2318,-0.06985998173211527,0.17992538236868152
38,lonely,0.016975658620509988,0.41397329290811496,2318,-0.038801483799562976,0.1468110950616946
38,heartbroken,-0.18532651285151225,2.3434772932594364e-19,2318,-0.1721754378475279,-0.23862721893584057
38,grief-stricken,-0.10176512233752974,9.123829826496098e-07,2318,-0.06406049169909572,0.07511802928498217
38,worthless,0.18365630102276492,4.949423347809375e-19,2318,0.024114044977616756,0.2745780524756758
38,self-critical,0.17003368257098225,1.6929196199439077e-16,2318,0.08010666753533688,0.01449675994666088
38,ashamed,0.2522021013433456,5.810289016499277e-35,2318,0.04319598169765859,0.29239246133960256
38,guilty,0.24478876077975376,5.647711056996093e-33,2318,0.01795083873893184,0.31774591861515833
38,humiliated,0.1996036172682405,2.9377273776422978e-22,2318,0.02135257981980758,0.12345647723835737
38,embarrassed,0.18566132583088735,2.0155883555326165e-19,2318,0.05627757688367617,0.1944271533172852
38,regretful,0.1021527919833241,8.288324563111896e-07,2318,-0.04728716317624114,0.27496180910243656
38,sorry,0.2594878084972352,5.568868871234649e-37,2318,0.018764508086710104,0.38862358894543625
38,desperate,0.2840046788669828,2.9526504611191316e-44,2318,0.13384023701385872,0.2656202826875547
38,panicked,-0.014974316250031872,0.47115617511098623,2318,0.0909461013854505,-0.21463915243514245
38,hysterical,-0.014287527626711915,0.4917388360392347,2318,0.07377640795199121,-0.15252565139083482
38,overwhelmed,0.060579071104518295,0.0035259727446174133,2318,0.05862727967160702,-0.17072977966366146
38,distressed,-0.1345022013890359,7.938501917370784e-11,2318,0.04876658414433052,-0.36399568755843936
38,tormented,-0.03511785203016314,0.0909553009685429,2318,0.06809861123404588,-0.20212231904022723
38,trapped,0.06150774510930117,0.003051162155944015,2318,0.0036017108700444264,0.20469594696926316
38,stuck,0.20248036527898194,7.173040295106892e-23,2318,-0.013536800215650756,0.35809183066914224
38,frustrated,-0.0030678798452588034,0.8826382263842125,2318,0.0616063001049255,0.03214771845466128
38,exasperated,0.2041284852982712,3.16737538876985e-23,2318,0.004292508817818182,0.40418495574360597
38,angry,0.043348745885281204,0.03689652946413257,2318,0.06383688613427033,0.14107659887304377
38,anxious,-0.011575621459524474,0.5775045855309706,2318,0.10005672434600182,-0.19929942865195358
38,afraid,-0.008760831545702407,0.6733343978867152,2318,0.09367268310998729,-0.0556397855289605
38,nervous,0.0134747636679715,0.516706707031465,2318,0.11957489875464442,-0.1097503666457024
38,stressed,0.14079260042720473,9.839553373744837e-12,2318,0.11447465036936647,-0.052269913257848646
38,calm,-0.22561509272958977,3.8801206697939816e-28,2318,-0.055978748350093484,-0.1540229344743422
38,self-confident,-0.1834134651864687,5.514504978582411e-19,2318,-0.14339537434684274,-0.21183060904003537
38,content,-0.23976327923454585,1.152859189776413e-31,2318,-0.09121641638389599,-0.24120191236876526
38,happy,0.0021925328092604114,0.9159758778280523,2318,-0.012711644430984086,-0.11857165881945801
38,hopeful,0.1063856023472236,2.8393176211701666e-07,2318,0.028499963678664905,0.07722707034676707
38,clinical_depression,-0.0200582098858305,0.33439907434981375,2318,-0.12103430506598808,0.0738495874202571
38,acute_grief,-0.1583302043219953,1.7578879119106337e-14,2318,-0.00863009305460688,0.032399533750573944
38,burnout_exhaustion,0.15200703276546043,1.876454748390828e-13,2318,-0.02326518720111795,0.02316952706934209
38,physical_illness_fatigue,0.1515611507996992,2.209262416854695e-13,2318,0.10612075001647595,0.38493037779889433
38,anxiety_panic,-0.031220484612605494,0.13292032646826904,2318,0.07880164556110363,-0.08763355493428594
38,frustration_blocked_goal,0.04934928160013629,0.017495887115020755,2318,0.018140819565353947,-0.1982544466613637
39,depressed,-0.08082461082732595,9.794543526786878e-05,2318,-0.10531774366343259,0.06997129290446329
39,sad,-0.2909314855481923,1.890449376253473e-46,2318,-0.16135593701520207,-0.3038021492804088
39,gloomy,-0.23946596911654414,1.3750765688769504e-31,2318,-0.11721627948825354,-0.18249886160732026
39,melancholy,-0.242024210710415,2.993590382344716e-32,2318,-0.11195481647025571,-0.17912233794927698
39,miserable,-0.16616165067848557,8.167075152332125e-16,2318,-0.16337663653112627,-0.12623922887686184
39,dispirited,-0.1631768677210517,2.6782505292918025e-15,2318,-0.14746849491815486,-0.06724261480666542
39,listless,-0.1645310750802024,1.5668469632245206e-15,2318,-0.04611551478015753,-0.0963992284703338
39,weary,-0.04101689774823313,0.048319305234894624,2318,-0.044413377784882746,0.21168458585419883
39,worn out,-0.049948948019414914,0.016171280971146503,2318,-0.04976510562492384,0.20058876148465804
39,tired,-0.05831685029534156,0.004976107790201307,2318,-0.02919820577478294,0.17554843560173902
39,resigned,-0.07047450451263967,0.0006852082645995024,2318,-0.054345296448040814,0.12725601934141542
39,lonely,-0.21401913403653725,2.020613996055645e-25,2318,-0.08910063142689334,-0.2396311785083316
39,heartbroken,-0.07215866563431711,0.0005074700905037683,2318,-0.11345812700818203,-0.1384613964559579
39,grief-stricken,-0.03935592499011125,0.058155090561445605,2318,-0.08585996438592387,-0.0971213156245413
39,worthless,0.22477171967225804,6.189828885941716e-28,2318,-0.02029051552062274,0.20942699159905026
39,self-critical,0.1478078684341046,8.566185994750675e-13,2318,0.01120446095597722,-0.045548550693047814
39,ashamed,0.1810322892574627,1.5793036112481893e-18,2318,-0.028770627895553715,0.07212477608772029
39,guilty,0.21135048848028562,8.105297416395846e-25,2318,0.0400087938814068,0.09341505758284888
39,humiliated,0.12446249383129047,1.8270364851842399e-09,2318,-0.0219224717006017,-0.058370781249680107
39,embarrassed,0.02473942169096697,0.23379715645879173,2318,-0.022742821314768236,-0.10640319608062075
39,regretful,0.20855037910825197,3.412162107834509e-24,2318,0.04297429174222904,0.1512823996141788
39,sorry,0.2203492162902378,6.946607253943095e-27,2318,0.062322555106391064,0.1508362973684169
39,desperate,0.28601871239604,6.898578314351687e-45,2318,0.1479126297498006,0.2589111787185697
39,panicked,0.05218259672926059,0.011980441301999533,2318,0.10198180551598322,-0.027943381858502016
39,hysterical,0.24466053873811108,6.1047715917105854e-33,2318,0.10457175835803269,0.10519032542206884
39,overwhelmed,0.03128281467648782,0.13214770503776682,2318,0.03122667274337782,0.05880346014747138
39,distressed,-0.09002920777430387,1.4184168630465614e-05,2318,0.05773588338887568,-0.29775639730363884
39,tormented,0.181822733584096,1.1154929100426052e-18,2318,0.08075782724777311,-0.05418469186470939
39,trapped,-0.04598344778581392,0.026837161470059746,2318,0.008938191761187216,0.07292453561400057
39,stuck,0.04657597132097168,0.024933202586228734,2318,-0.06456757115524836,0.005816231146645959
39,frustrated,0.27085590319944,2.9231677539921803e-40,2318,0.16640941506020557,0.32302179066346726
39,exasperated,0.2963218817425048,3.360959424111254e-48,2318,0.13366292799590584,0.3671653639900513
39,angry,0.28816558657084124,1.4451603599692926e-45,2318,0.14451886550069315,0.47071955817724564
39,anxious,0.04319063327060528,0.03759087693193912,2318,0.09119691828979495,-0.08505463019578414
39,afraid,-0.14498984385103722,2.3167991673736313e-12,2318,0.01643826869661839,-0.25576370634722756
39,nervous,0.033568953869148724,0.1061415752999658,2318,0.06231686972240639,0.15052904994148952
39,stressed,0.12252258332728641,3.2577707836085702e-09,2318,0.11243750596157737,0.08344395080992645
39,calm,-0.27145347501831724,1.9453386267269e-40,2318,-0.09951035546852943,-0.2237903536227335
39,self-confident,-0.19384128763032954,4.6404468613111264e-21,2318,-0.035831289668426025,-0.1705151086528322
39,content,-0.30912232260618566,1.649249472765582e-52,2318,-0.1722671383491443,-0.3393006582102296
39,happy,-0.16197909089571783,4.286848899693972e-15,2318,-0.03438893268443534,-0.12920170988318705
39,hopeful,-0.1613244225910701,5.535338056485177e-15,2318,0.045311526341547406,-0.16206386793738572
39,clinical_depression,-0.018329793703855894,0.3777242281660138,2318,-0.06699006307365084,0.22454754305291857
39,acute_grief,-0.2307829560643031,2.1272675646220567e-29,2318,-0.05468897586431641,-0.18631108816559042
39,burnout_exhaustion,-0.2478305583343886,8.796699348406034e-34,2318,-0.1014885069604862,-0.432596521111734
39,physical_illness_fatigue,-0.06581738751121098,0.0015215205062792028,2318,-0.014381933772832506,0.09278084017628083
39,anxiety_panic,-0.041712402132696974,0.04463693237701723,2318,0.15437129556627038,0.05499582181582641
39,frustration_blocked_goal,0.18075013765792403,1.7873061106998646e-18,2318,0.062179328817007815,0.03507382792779786
40,depressed,0.006561072137582092,0.7522151604308852,2318,-0.03721462492917335,-0.007358408607802399
40,sad,-0.19306698864456928,6.6800829238160274e-21,2318,0.007792857600279264,-0.3057536254707238
40,gloomy,0.10880103282098935,1.512251695668876e-07,2318,0.05207689198346832,0.18038063327112208
40,melancholy,-0.07730877185099129,0.00019481475132528312,2318,0.0475097342750358,-0.06872507147735198
40,miserable,0.19045066485695153,2.261866080417827e-20,2318,0.03964395612632339,0.1587452920525992
40,dispirited,0.08202675157532914,7.693194864606764e-05,2318,-0.024284193639000265,0.23496955454848717
40,listless,0.0971768202792444,2.7695383799892704e-06,2318,0.02888178580875622,0.19804507011140374
40,weary,0.0753284000337528,0.00028349385698707045,2318,-0.010998071943511115,0.2911885831834459
40,worn out,-0.013017464194132742,0.5310380054460462,2318,-0.03322893503050799,0.2026352661414595
40,tired,-0.07196077848500439,0.0005258662765674133,2318,-0.03528775311783448,0.11011631304514942
40,resigned,0.09695510529618455,2.918612721704894e-06,2318,-0.004597943862095666,0.3477257820106849
40,lonely,0.06499362416455713,0.0017434245128081316,2318,0.04573375986111354,0.10399206002203125
40,heartbroken,-0.1872413520941801,9.858734509037359e-20,2318,-0.05462425125835501,-0.41419074580515836
40,grief-stricken,-0.10345142269694153,5.992993104758696e-07,2318,0.030645490737677392,-0.182100134062259
40,worthless,0.27924006459555867,8.777961868444933e-43,2318,0.014231730763559644,0.31691506389144425
40,self-critical,0.16162134549253349,4.9300883895030554e-15,2318,-0.0001505924711920001,-0.011072040678852296
40,ashamed,0.21330870443155167,2.930098949144934e-25,2318,-0.019063085301498934,0.16099259147644324
40,guilty,0.12406574219300373,2.057937835662239e-09,2318,-0.09123342233608862,-0.004789296062777766
40,humiliated,0.15851274056674106,1.639350363610534e-14,2318,0.0059382711158286194,0.01969320859051062
40,embarrassed,0.01745801617882934,0.40083127911871574,2318,-0.0540898680750928,-0.009732394765147612
40,regretful,0.1556840807462082,4.7920044037752754e-14,2318,-0.021422766275708466,0.05088245233696852
40,sorry,0.19139238949067955,1.4611285489835367e-20,2318,-0.02288368157779201,0.12357174368350217
40,desperate,0.2346977484311408,2.247510921220169e-30,2318,0.0543841434252854,0.16799447124246697
40,panicked,-0.1173454073682626,1.459951995739352e-08,2318,-0.0600795817264172,-0.24419681946596064
40,hysterical,0.03157753549068181,0.12854145323573174,2318,0.022358896941221482,-0.014299779662779266
40,overwhelmed,-0.23967541134148604,1.2145382740293663e-31,2318,-0.06725618926539721,-0.29930248828348627
40,distressed,-0.22764827931824796,1.2486734384969816e-28,2318,-0.014192698944329993,-0.45574141069323226
40,tormented,-0.09591136706498385,3.729964736237696e-06,2318,0.06339237167839823,-0.3554395762813312
40,trapped,-0.17013498204453553,1.6238233876082262e-16,2318,-0.07537219107785845,-0.34679568683481804
40,stuck,-0.019040657927917187,0.35950289435235877,2318,-0.10227324149930536,-0.2265617316913001
40,frustrated,0.15914328667722724,1.2872517677256906e-14,2318,-0.047037974095312685,0.06564136727380968
40,exasperated,0.2026586228606097,6.568325927603574e-23,2318,-0.014243059973973904,0.10455419436799178
40,angry,0.12502572548831395,1.5420426532143966e-09,2318,0.1024196498886806,0.3632143096786882
40,anxious,-0.20170884467319236,1.0491423380244518e-22,2318,-0.0161266212939361,-0.40345455045768475
40,afraid,-0.21292576251661027,3.5780067242907304e-25,2318,0.011683837039364004,-0.3066586877849837
40,nervous,-0.19318097379723123,6.3318676864175905e-21,2318,-0.035165572364857046,-0.20720203715049082
40,stressed,-0.24337681838602906,1.3272360700091675e-32,2318,-0.08139101906901813,-0.3162760134048401
40,calm,-0.1647846258135258,1.4164949913783999e-15,2318,-0.008726553345400484,-0.010104105138728454
40,self-confident,-0.13121371391612308,2.276992212025734e-10,2318,-0.0005535639507494305,-0.017500312832143646
40,content,-0.16972620730980356,1.920878515002077e-16,2318,-0.03528675330598803,-0.023015279987019032
40,happy,-0.053966090562107924,0.009357130410193695,2318,0.022573565537843523,0.09538229447101158
40,hopeful,-0.09241014853017802,8.339360304055657e-06,2318,0.07688205223541009,-0.04340307155517888
40,clinical_depression,-0.1249097862694214,1.5969225505859366e-09,2318,-0.117505435076119,0.025982238225749528
40,acute_grief,-0.13224133439091182,1.6427278334618075e-10,2318,0.04495110016384113,-0.03105526621734306
40,burnout_exhaustion,-0.1983004859277352,5.524787509763154e-22,2318,-0.0867553366249044,-0.37278828828660016
40,physical_illness_fatigue,0.053196310361836814,0.010419086088225702,2318,0.034796263570611996,0.24624327857648518
40,anxiety_panic,-0.1124124596650728,5.7484436196099047e-08,2318,0.06980603886961871,-0.0029398196820886536
40,frustration_blocked_goal,0.1970270101363249,1.0198491460345727e-21,2318,0.04003312528063679,0.05932738065360863
42,depressed,0.23307647549249466,5.729836355664432e-30,2318,0.0963083599807303,0.19376945315732508
42,sad,-0.27318816411463864,5.930033037495109e-41,2318,-0.05583848674732904,-0.308563184357862
42,gloomy,-0.24089722296843533,5.872801022460604e-32,2318,-0.06042025539417474,-0.320963614905225
42,melancholy,-0.18378571217230086,4.6720407869517865e-19,2318,-0.06268662323092719,-0.03854994386628589
42,miserable,-0.10130425665789279,1.0222726336416451e-06,2318,-0.039416594703738206,-0.20927678048366152
42,dispirited,-0.10316164055037526,6.444875492725652e-07,2318,-0.06460643419529577,-0.2892618942217574
42,listless,0.022979487099280438,0.2687651548679513,2318,-0.05970552439624513,-0.20514190144800837
42,weary,-0.022690620081483617,0.27483084842221717,2318,-0.02881846678792839,-0.26640993849582173
42,worn out,0.06587189904119886,0.0015077955566470886,2318,-0.021131707654106546,-0.1967956377035252
42,tired,0.03681306516537758,0.07638921520148134,2318,-0.0455057269118955,-0.224514131823531
42,resigned,-0.09314348887556824,7.06240786826544e-06,2318,-0.06396350535888637,0.018355401760054804
42,lonely,-0.19496359025773433,2.7292172455455605e-21,2318,-0.05370004937090335,-0.03065498198364969
42,heartbroken,-0.03874036965681253,0.06219923561540092,2318,0.012226843856853294,-0.11200596557248894
42,grief-stricken,0.0523255919252981,0.011748328745113258,2318,0.048742095357038384,0.16424731352807068
42,worthless,0.23162887671533217,1.3134896147853144e-29,2318,0.04831243172790659,0.4200864178318188
42,self-critical,0.15501178867103765,6.165668420443938e-14,2318,-0.02943839363546427,0.1198086312710393
42,ashamed,0.04816376181324248,0.020396725666660672,2318,0.047255108267869904,0.3207441151696977
42,guilty,0.15765495966177423,2.2742607854368808e-14,2318,0.00041897210147806563,0.4336138965549354
42,humiliated,-0.027312524671239225,0.18867323932992883,2318,0.022883365428746853,0.24142497841294414
42,embarrassed,-0.10474028258379221,4.327166264254468e-07,2318,-0.0027906133704763275,0.14966071412017326
42,regretful,0.16231836083456666,3.753447758755094e-15,2318,-0.02495345820475681,0.2395400574572772
42,sorry,0.2646700884899682,1.8639894784429015e-38,2318,0.06262504035731101,0.3352788011050799
42,desperate,0.23437714069528254,2.7059618093054166e-30,2318,0.07776220411448655,0.13925919674403184
42,panicked,-0.007824185877345048,0.7065431382788929,2318,0.011702627420102474,-0.1565240811883445
42,hysterical,0.19766982109898457,7.4883043965378385e-22,2318,0.058311495419245477,0.07880816112270637
42,overwhelmed,-0.14807820722441675,7.778477797951156e-13,2318,-0.051612239496862805,-0.3050003386074682
42,distressed,-0.006050250583370936,0.7709453474694209,2318,0.019457322991970658,-0.16331680601295195
42,tormented,0.2301654494773328,3.0209698345348766e-29,2318,0.039716001603648826,0.18136121442144712
42,trapped,-0.03138450232538941,0.13089469022328934,2318,-0.060196978300086745,-0.21518779878854258
42,stuck,0.16595538949696034,8.871931564862736e-16,2318,-0.01574909337657268,0.014168217937100854
42,frustrated,0.05880187388596044,0.004626135693086164,2318,-0.06387890005841383,-0.0424070971083272
42,exasperated,-0.12483435798975545,1.6336429861308315e-09,2318,-0.11666835789061446,-0.3197377574089949
42,angry,0.2625297925478486,7.651943286449324e-38,2318,0.12062625061916149,0.47668045455032326
42,anxious,0.0028902237084957203,0.8893894421195236,2318,-0.08033656015704452,-0.02243771671873158
42,afraid,-0.12308360065044278,2.758541904291888e-09,2318,0.050346381761926504,-0.23514419257955996
42,nervous,0.052340381656924236,0.011724550731729393,2318,-0.04677428671388707,-0.025010553270589996
42,stressed,0.042352704037021925,0.04145882697414607,2318,0.02202411348859605,0.2131641431942393
42,calm,-0.26526084754162155,1.2593773029644552e-38,2318,-0.023603073699350385,-0.2577437099800943
42,self-confident,-0.17405180271365736,3.1786477404244286e-17,2318,0.02967340876989236,-0.060915033120912745
42,content,-0.28368935734555717,3.703418217973748e-44,2318,-0.046762560124387655,-0.2805477042935466
42,happy,-0.11640934429506829,1.9019155371406225e-08,2318,0.03069364142459484,-0.07121447439435119
42,hopeful,0.18460127739616156,3.245087787410482e-19,2318,0.13625122395330053,0.20201619269310683
42,clinical_depression,0.11960208659618682,7.651869826549465e-09,2318,0.03888918425520112,0.05318593187441083
42,acute_grief,-0.1845609766385625,3.304189990462424e-19,2318,-0.00819557343026557,-0.0024967466018252743
42,burnout_exhaustion,-0.006700430659075962,0.747130026922586,2318,0.036157629032259164,-0.10970087188623351
42,physical_illness_fatigue,-0.04460448052816956,0.03175982413253047,2318,0.054400216395048745,0.2170352621201259
42,anxiety_panic,-0.08238014343687934,7.161552850786444e-05,2318,0.016414924661318803,0.1762902989305542
42,frustration_blocked_goal,0.10932987787330856,1.3150308160850692e-07,2318,-0.01454265938836815,-0.10756168281879085
44,depressed,0.23324805954026304,5.191275835855586e-30,2318,0.08396640853335915,0.18294419899141365
44,sad,-0.31741392207605384,2.0365958644639877e-55,2318,-0.14688475333223444,-0.39548796910361206
44,gloomy,-0.20626762135330745,1.0847981585853745e-23,2318,-0.01579992437085731,-0.3289035404966753
44,melancholy,-0.24287053669265685,1.800627148963097e-32,2318,-0.07546215101656292,-0.182791787833641
44,miserable,-0.22094036073287268,5.043386756868526e-27,2318,-0.05047552008043116,-0.38218409940741677
44,dispirited,-0.028867347728629644,0.1647184439768874,2318,-0.0346935669790622,-0.12979495401927252
44,listless,0.13938574568494635,1.5825762296978905e-11,2318,0.023827763373441335,-0.026346602242254
44,weary,0.0651173899781597,0.0017082882131180404,2318,0.04674017697001304,-0.079552954525693
44,worn out,0.12567736772255597,1.2661254895213151e-09,2318,0.04001349965480072,-0.036367016025491125
44,tired,0.14490899608919205,2.383206228810261e-12,2318,0.036493096943648114,0.018388514163538077
44,resigned,0.1059897053803194,3.144085201818171e-07,2318,0.06583199673995913,0.08168368735921346
44,lonely,-0.2626394029353853,7.120312446524343e-38,2318,-0.10443022339823732,-0.15059724126041488
44,heartbroken,-0.22263712660229984,2.0015055788016676e-27,2318,-0.03081891476297769,-0.4473924078627157
44,grief-stricken,-0.1540869005376786,8.705313832645937e-14,2318,-0.09127994163679266,-0.28347205502200473
44,worthless,0.13603018686070867,4.822556738433109e-11,2318,-0.0030114914923679986,0.27371092349900983
44,self-critical,0.01977800711930003,0.34119652629671016,2318,-0.0918253402157981,-0.14316073762491255
44,ashamed,0.002308688669269537,0.9115422642405672,2318,0.032436261053894924,0.27474984103840305
44,guilty,0.10107826240850043,1.0807070553781095e-06,2318,-0.01759444761272007,0.3061380664263422
44,humiliated,0.049936900333306784,0.016197000911231413,2318,0.010893066893886666,0.307925432187536
44,embarrassed,0.003677411159813422,0.8595427067773239,2318,0.0004905499039194114,0.26484232004600355
44,regretful,0.029687622553381688,0.15304081647541645,2318,-0.09709183091257595,-0.16717517927997574
44,sorry,0.14657616346348373,1.3264199787056125e-12,2318,-0.06407459219980371,0.06645717135727958
44,desperate,0.21786661483960715,2.6383210080928496e-26,2318,0.06353198582743928,0.10218156517116044
44,panicked,-0.03806312484759031,0.06691449104705463,2318,-0.028445227605114285,-0.001065002749221323
44,hysterical,0.2372995516987213,4.931267957362571e-31,2318,0.08800231311440876,0.1904350754442998
44,overwhelmed,-0.1129419986238405,4.975569268604963e-08,2318,-0.04067261409408069,-0.07611328181744952
44,distressed,-0.11601256703464255,2.1262039958511957e-08,2318,-0.014412376984470829,-0.12434261597244328
44,tormented,0.09687128531303053,2.9769504796237247e-06,2318,0.07109675835234733,-0.016993464144605775
44,trapped,-0.15844773648047078,1.680633785186165e-14,2318,-0.11108013294936533,-0.37800786784793183
44,stuck,0.1000833150188774,1.3784206830256551e-06,2318,-0.0780356623576252,-0.08517039666898622
44,frustrated,0.13390784582106952,9.622342621611371e-11,2318,0.05664455134905416,0.029611927561212184
44,exasperated,0.12735603931865516,7.583992503052262e-10,2318,-0.01843406109758708,-0.089300989544649
44,angry,0.2720484020440397,1.295612133212851e-40,2318,0.12660683605237405,0.44161108747279737
44,anxious,-0.12066931892854282,5.61388888316738e-09,2318,-0.03510477440315282,0.13144583874919033
44,afraid,-0.1430563180482543,4.534463532143365e-12,2318,-0.013226189791706588,0.058033055674658426
44,nervous,-0.07371436912869028,0.0003823989646252767,2318,-0.020372433356329774,0.16826036337163092
44,stressed,-0.01701446401633477,0.41290669284437587,2318,0.03052459969106717,0.17677339954740273
44,calm,-0.2235668350022947,1.2023214154115239e-27,2318,0.053753803224122286,-0.3251563217881615
44,self-confident,-0.044184716612933696,0.03340416286440211,2318,0.025931358521032004,0.03350749331660088
44,content,-0.26326115582902027,4.729632684765182e-38,2318,-0.06328435676832031,-0.2543652649743197
44,happy,-0.015121660550161663,0.4668030593215338,2318,0.03486329942630771,0.08089393989334384
44,hopeful,0.14398152475514686,3.292045510407937e-12,2318,0.07787567561089308,0.023901281510054103
44,clinical_depression,0.009420651596332338,0.650312248467758,2318,-0.0030396530685888115,0.004920517286561834
44,acute_grief,-0.23328694530339572,5.0763804772550846e-30,2318,-0.06163474589078904,-0.1239146544364967
44,burnout_exhaustion,0.03033063416790412,0.14433538923251807,2318,0.033623037093883444,0.006203191389790007
44,physical_illness_fatigue,-0.10535404043927285,3.7005100782888596e-07,2318,0.03386606711747374,0.0900252734642676
44,anxiety_panic,-0.11078809812644638,8.91515876580725e-08,2318,-0.010104692697128936,0.1399303853479618
44,frustration_blocked_goal,0.1329648628280985,1.303382778132033e-10,2318,0.02006055013574451,-0.053909315985642116
46,depressed,0.2292202108003686,5.157605548681131e-29,2318,0.0599036379229014,0.2933821809322476
46,sad,-0.27851796644967525,1.4592810448825026e-42,2318,-0.11026304620539022,-0.2602075972145131
46,gloomy,0.060627121640497196,0.003499845547015787,2318,0.03180663580069336,0.04724585512128224
46,melancholy,-0.07543189369177655,0.0002780504434259,2318,-0.06512841534672568,0.08410544299768026
46,miserable,0.1404472800338579,1.1061824968725107e-11,2318,0.0760403860281201,0.23782385999941383
46,dispirited,0.10588493559987305,3.2298782650177036e-07,2318,-0.0882289990637328,0.1337917604049214
46,listless,0.1879686392244241,7.07835868182573e-20,2318,0.050361599526074774,0.1435369910340204
46,weary,0.2689708559488569,1.0491304502058008e-39,2318,0.12141992034911256,0.2681623345435396
46,worn out,0.30304608623462886,1.9494203090584077e-50,2318,0.1453894231721617,0.3559039472715869
46,tired,0.27089742105879305,2.8417147716601553e-40,2318,0.1186402947672681,0.2632858995594012
46,resigned,0.19256743097516016,8.443215741704554e-21,2318,0.04627877655511028,0.08997280676074969
46,lonely,-0.23770878379457533,3.8780784859489772e-31,2318,-0.10409807948142899,-0.226958194993445
46,heartbroken,-0.179156070430895,3.582073734133479e-18,2318,-0.046151816691045996,-0.3125932492595113
46,grief-stricken,0.0915641357545575,1.0086483403078642e-05,2318,-0.03827582461565917,0.08662906331085968
46,worthless,0.1809486769277158,1.6383171607679602e-18,2318,-0.05849714670891063,0.2713492257377945
46,self-critical,-0.09995076928244499,1.423589100374571e-06,2318,-0.15230731637760606,-0.05350070610084962
46,ashamed,0.026903872045057255,0.19537574531824284,2318,0.0008606618174560043,0.28816683535349713
46,guilty,0.11222815952021166,6.043772180297949e-08,2318,-0.04545756658378354,0.3305458605584383
46,humiliated,0.019837150705870124,0.33975444804068367,2318,0.061871222694213225,0.17729527509282966
46,embarrassed,-0.001229960974112346,0.9528045136285733,2318,0.0682170963109259,0.16560966461081356
46,regretful,-0.08869822768942237,1.8980506304540917e-05,2318,-0.14230525677000827,-0.06894133028644488
46,sorry,0.09154776246940947,1.012351921472913e-05,2318,-0.12577635557714545,0.006614082201031072
46,desperate,0.11127404929096814,7.823397807242624e-08,2318,-0.023091731700704617,-0.04446751026066586
46,panicked,-0.12473272410287915,1.6844239431143011e-09,2318,-0.012685079231894509,-0.0848713658348244
46,hysterical,0.016500131870930496,0.42717534235602855,2318,-0.007747376175988082,-0.14741806586922956
46,overwhelmed,-0.08718422197025637,2.630758924222046e-05,2318,0.036225727207257044,0.13635926836076956
46,distressed,-0.03560027374116486,0.08659933959523507,2318,0.12581944594669286,0.09547608558461788
46,tormented,0.06569412309805667,0.001552981189133988,2318,0.06285730332386989,0.0007467606732231935
46,trapped,-0.1322699920693097,1.6277795304111287e-10,2318,-0.06282086116881161,-0.3473869152089547
46,stuck,0.11135261512019334,7.65950208650225e-08,2318,-0.10313091242771905,-0.015433522683817619
46,frustrated,0.06091320063272604,0.0033479030195494785,2318,0.01919240342195532,-0.14884499611765356
46,exasperated,0.06275567174752436,0.002504806625881263,2318,0.011268207207462036,-0.1788760094046357
46,angry,0.2586983990906296,9.281103055531014e-37,2318,0.10882989313222723,0.17689182762989863
46,anxious,-0.021696435433200274,0.29641709188101734,2318,0.03352959551086522,0.21315300152368505
46,afraid,-0.23524678678116964,1.6344021790650635e-30,2318,-0.09538666577875525,-0.18469841499410883
46,nervous,0.0786305178103859,0.0001509260719476115,2318,0.10051597389234587,0.2828211872214702
46,stressed,-0.022985459226390063,0.26864072773184977,2318,0.03210994892034903,0.206044102917429
46,calm,-0.23790471358494045,3.4561294420093517e-31,2318,0.04715103957770532,-0.330566589944797
46,self-confident,-0.14178433535103832,7.0184105150775256e-12,2318,-0.06201341272282144,-0.3285739575430606
46,content,-0.25777067634076833,1.687807905167239e-36,2318,-0.0685982470146693,-0.23929234859388898
46,happy,-0.14601858069336932,1.6147970281675335e-12,2318,-0.02133461592009623,-0.21933541352333474
46,hopeful,-0.1859565213151591,1.7643543457580579e-19,2318,-0.052621321280225904,-0.29838281069133854
46,clinical_depression,0.1470543681322951,1.1198137641140562e-12,2318,-0.03666082889917902,0.26093024620828603
46,acute_grief,-0.19444565302749084,3.4881690974013504e-21,2318,-0.002112275495197116,-0.03385669350056906
46,burnout_exhaustion,-0.07198844325567862,0.0005232576533457941,2318,-0.05058536257753232,-0.17927391439917467
46,physical_illness_fatigue,-0.05908860816430162,0.004429870524294848,2318,0.06790661999243607,0.002401247074837311
46,anxiety_panic,-0.13046599400835687,2.8830153325555776e-10,2318,-0.018009948573925794,0.11280073607192281
46,frustration_blocked_goal,0.11755826636391868,1.3743470516502467e-08,2318,0.023385413884278936,-0.1063334811234522
48,depressed,0.1928284304763494,7.471274183126052e-21,2318,0.031338489632193114,0.4661459407468096
48,sad,-0.0982009347028633,2.170694680664244e-06,2318,-0.06241362146648021,-0.007922046159368777
48,gloomy,0.1742429120238269,2.932624628727284e-17,2318,0.02493906833307441,0.3630516924842026
48,melancholy,0.0223601655971057,0.2818835556470016,2318,0.01661971462782806,0.28761751208010694
48,miserable,0.1652406495983041,1.180982669639211e-15,2318,0.03768019784613266,0.39034000100026306
48,dispirited,0.1439604165004904,3.316259211857131e-12,2318,0.00222589384723762,0.4088179797549324
48,listless,0.2088515711394976,2.9262418173509118e-24,2318,0.03364844715565435,0.44294931789619285
48,weary,0.2692507396702034,8.683797069225472e-40,2318,0.10051520436926473,0.45350667110809795
48,worn out,0.28219442226898184,1.0797940644766134e-43,2318,0.1071153631627085,0.477124374064791
48,tired,0.2925048257973139,5.883824092959436e-47,2318,0.12139198100539737,0.4396064576771617
48,resigned,0.06289179973807334,0.00245096745898506,2318,0.05992743707630442,0.34170214935759446
48,lonely,-0.154170093585178,8.440086614905839e-14,2318,-0.04563502003053092,0.00745224878674557
48,heartbroken,0.0752786897382528,0.0002861437769310586,2318,0.043257701478061676,0.1238353723298737
48,grief-stricken,0.041420706398245195,0.04615147148667226,2318,0.06295654590068751,0.28449192913125726
48,worthless,0.0615138342675703,0.003048251123848068,2318,0.04402315398923122,0.34085202345714455
48,self-critical,-0.03409909294788359,0.10073236119082915,2318,-0.07265101960485525,0.09212313143963273
48,ashamed,0.05928736275300153,0.004298284853038738,2318,0.04425745654570211,0.3105652427924074
48,guilty,-0.06729636362115261,0.0011871379356252943,2318,-0.023201983174542078,0.17555167746990116
48,humiliated,0.04303237015315674,0.03829698139341171,2318,0.06890372545124,0.2845575211333651
48,embarrassed,0.009169219729932166,0.659047325098421,2318,0.05077449566228774,0.1410572970927695
48,regretful,0.002433405031347437,0.9067849660292259,2318,-0.04986641333586406,0.22539064377372695
48,sorry,0.17561586022640296,1.6396239865580895e-17,2318,-0.0003837775045788805,0.28420846607039185
48,desperate,0.017181764235512792,0.4083269644956645,2318,9.245069787951893e-05,-0.1569949237664896
48,panicked,-0.232721582322486,7.025831838426239e-30,2318,-0.07262831655506935,-0.4945934697100993
48,hysterical,-0.10791035939473012,1.910709520081125e-07,2318,0.008952959752420747,-0.36338687538969483
48,overwhelmed,-0.16375240642968475,2.133740947925283e-15,2318,-0.025224177306829687,-0.07397255897971432
48,distressed,-0.16277570900116203,3.1364800773535527e-15,2318,-0.044192776245423726,-0.4112555648181556
48,tormented,-0.08321541226851303,6.039694552554844e-05,2318,0.036679373559195885,-0.313258090426363
48,trapped,-0.18538302539345455,2.2846555312525923e-19,2318,-0.023445250667693894,0.017803048598314282
48,stuck,0.1242553402532349,1.944255937433507e-09,2318,-0.006504681760463968,0.3981098189458724
48,frustrated,0.03907513854346084,0.05997190844746592,2318,-0.020302648367419372,-0.2353718815937696
48,exasperated,0.05684697627246492,0.0061876106584385065,2318,-0.02074464415877285,-0.21682531987681145
48,angry,0.005964465411027002,0.7741042807247354,2318,-0.020434224207375215,-0.2788787210364887
48,anxious,-0.18365472907381591,4.95289071511815e-19,2318,-0.08763148959455039,-0.43072819484178027
48,afraid,-0.2131882395054804,3.120274330721871e-25,2318,-0.05446282446584314,-0.4646675637519832
48,nervous,-0.04366797433037737,0.03552786736562932,2318,-0.07505254164001068,-0.2922765838953974
48,stressed,-0.050638231700617695,0.014758239520522647,2318,-0.06479328485552163,-0.20941517450480948
48,calm,-0.19288508924021933,7.275362357954587e-21,2318,0.025151008678897344,-0.3546211919747387
48,self-confident,-0.022447137824237493,0.280015568621093,2318,0.07397490020584896,-0.053298922628837224
48,content,-0.24432035855797984,7.503071310554336e-33,2318,-0.06126025486130798,-0.30612877450306053
48,happy,-0.1672720600717443,5.220735664588236e-16,2318,-0.05463916784094573,-0.3728605155636265
48,hopeful,-0.16760854465912312,4.555961554613867e-16,2318,-0.037353408665624,-0.32008768227699624
48,clinical_depression,0.005269454475810104,0.7998308438756844,2318,0.002115274284524786,0.27271990665427026
48,acute_grief,-0.09964959374824728,1.5315709494174712e-06,2318,0.021190356293677756,0.1235351888262398
48,burnout_exhaustion,0.06703953564849047,0.0012398430062359272,2318,-0.0010193713323477585,0.253425509132619
48,physical_illness_fatigue,0.0687735531092236,0.0009220789767719992,2318,0.06610359699904919,0.3026884498315783
48,anxiety_panic,-0.26268303400181564,6.919052792676488e-38,2318,-0.11729554368177492,-0.31455924392805656
48,frustration_blocked_goal,0.09904370689576084,1.773126716458634e-06,2318,0.015508357242167967,-0.16944051839042656
50,depressed,-0.008269791571815104,0.6906698264804938,2318,0.0649728469164026,0.2708347923564321
50,sad,-0.15853905546299188,1.6229230206569192e-14,2318,-0.07178500603227275,0.02855355211048068
50,gloomy,0.03562981078510718,0.08633820446822148,2318,0.059137668930370244,0.3006352959714714
50,melancholy,-0.08661710069980261,2.9689655521346023e-05,2318,0.04399511896106294,0.19637809764888803
50,miserable,0.03670520609905918,0.07725556777120773,2318,0.002276870220999261,0.3055683374880326
50,dispirited,0.19001527949590163,2.766136282525289e-20,2318,0.052695499413536406,0.4781687502769078
50,listless,0.19332053901606888,5.929859584345857e-21,2318,0.10289180062900471,0.4677996377237043
50,weary,0.2680007864019892,2.0169658712310463e-39,2318,0.11280784741209764,0.47704818267042703
50,worn out,0.26863946484732015,1.3120052792067785e-39,2318,0.10428053055560695,0.46407767650461373
50,tired,0.21550936350217412,9.226675732442659e-26,2318,0.08240277420334964,0.3597746156457631
50,resigned,0.1467014911459417,1.2689143194981156e-12,2318,0.11400506000809699,0.3180101118589502
50,lonely,-0.05824562386085116,0.005029469421279628,2318,0.07827557761979995,0.20439217062068332
50,heartbroken,-0.045044993282157435,0.030109283716847218,2318,-0.022985700734265313,0.17893945991017007
50,grief-stricken,-0.09400151440154597,5.805271137831163e-06,2318,0.025600441031155455,0.17198271308603635
50,worthless,0.015379090014996483,0.45925140015110977,2318,0.05912043824140681,0.2680342555137898
50,self-critical,-0.03555943394057983,0.0869614511377727,2318,-0.0868522918100895,-0.22808958099366036
50,ashamed,0.14604998736779723,1.5970344906201538e-12,2318,0.09296555665982928,0.34998045683694545
50,guilty,-0.004115800265710972,0.8430046306821557,2318,0.01737225477199042,0.21949312045294825
50,humiliated,0.17731575084373272,7.929603169700485e-18,2318,0.027412414693983516,0.15280958124522045
50,embarrassed,0.02211003698543358,0.2873028087659858,2318,0.004005970110242986,-0.10463343153894125
50,regretful,0.09355223061336673,6.434134104712395e-06,2318,0.01926462828209608,0.306567827394968
50,sorry,0.025469260029208966,0.22028503933607843,2318,0.07231189670559865,0.23722738755675768
50,desperate,0.11303153709658953,4.855249431139697e-08,2318,-0.011090205872532247,-0.05575361321731702
50,panicked,-0.23473482078805163,2.1997421994622677e-30,2318,-0.11705505775760926,-0.5099291368199192
50,hysterical,-0.08016917499463917,0.00011157608470829058,2318,-0.033517208500312576,-0.36877960279831296
50,overwhelmed,-0.18959062108207947,3.3645266114313995e-20,2318,-0.12256270340731693,-0.28454310329106436
50,distressed,-0.1850376662326623,2.668292249985562e-19,2318,-0.12807682214516292,-0.41575114902794325
50,tormented,-0.23101230772374945,1.8669491185376975e-29,2318,-0.10047415602816306,-0.49623011387590416
50,trapped,-0.2731974503776186,5.892301897415156e-41,2318,-0.06668409505274757,-0.2824632910972484
50,stuck,0.0008691440007680762,0.9666398738136113,2318,0.06086442970691224,0.2887088147166345
50,frustrated,0.05771472188862683,0.005443782587518167,2318,-0.05262381793722366,-0.2071783262202578
50,exasperated,0.08341707387099256,5.794932113980885e-05,2318,-0.014252517415613217,-0.19071480120787257
50,angry,0.07719203718964221,0.00019921910419242508,2318,-0.04347166712094286,-0.17576614054847153
50,anxious,-0.2799103030062193,5.469018381130592e-43,2318,-0.1263843334032552,-0.5033500367422574
50,afraid,-0.29106572892013527,1.7117462277646188e-46,2318,-0.12910622981817427,-0.5021729681061139
50,nervous,-0.1647177504402739,1.4547129132461155e-15,2318,-0.1424000752358631,-0.39256634303132254
50,stressed,-0.09716908004848034,2.7746173623861096e-06,2318,-0.08733545343021264,-0.2422087839053878
50,calm,-0.04274999938786467,0.03958480070676693,2318,0.08944549150971073,-0.20994294141781686
50,self-confident,0.08356856421080695,5.617271435590019e-05,2318,0.09873828660448636,-0.04175319438196002
50,content,0.0529453937568082,0.010787699133799762,2318,0.11718784653224654,0.010094579237454625
50,happy,0.04877260984203123,0.0188584066362482,2318,-0.01217056852428141,-0.06411712669561745
50,hopeful,0.06123995192160864,0.0031817192023346997,2318,0.08225866604536479,0.021979434825147033
50,clinical_depression,-0.06820379397048279,0.0010170448373885087,2318,-2.6681903441072574e-05,0.206238822315223
50,acute_grief,-0.057503426077328126,0.005617068568011132,2318,0.09607529390912857,0.027256331946526383
50,burnout_exhaustion,-0.013947276215604352,0.5021118573545146,2318,-0.10892855123689665,0.04022463388934751
50,physical_illness_fatigue,0.24800036031194056,7.923402305791566e-34,2318,0.11468856215424,0.5127756658039264
50,anxiety_panic,-0.3011736867462871,8.292478299576007e-50,2318,-0.16720824665259426,-0.32894880179406805
50,frustration_blocked_goal,0.1176697890263202,1.3314625205358213e-08,2318,0.001501574079060028,-0.14235425146663613
52,depressed,0.10036078034264191,1.2882846017211473e-06,2318,0.03727882416188909,0.4022541467203496
52,sad,0.10207462301528446,8.450634216847954e-07,2318,0.04098351379537023,0.3962506318324175
52,gloomy,0.27970473354007497,6.324036519669599e-43,2318,0.09185098306267095,0.5171778421579208
52,melancholy,-0.03291703175824847,0.1131060981373066,2318,0.030145017168094645,0.2588667725525146
52,miserable,0.2641462776705026,2.63676553367426e-38,2318,0.05724564175819913,0.5149718465829141
52,dispirited,0.22303208647924427,1.612319428604224e-27,2318,0.056254699773961706,0.5162996542765981
52,listless,0.2178855906404004,2.6117089075534377e-26,2318,0.07154792272272373,0.4823689699131392
52,weary,0.25284477191577126,3.8793047438752085e-35,2318,0.035696365998516374,0.4585776114466474
52,worn out,0.25199804633702644,6.603865714675568e-35,2318,0.05767203582808334,0.4926593998369099
52,tired,0.17409750095553095,3.1180290130444997e-17,2318,-0.007838583299354253,0.35304003129919587
52,resigned,0.09733421282687851,2.668173945218491e-06,2318,0.08780394055826805,0.16459128259846947
52,lonely,-0.07582446005851551,0.0002582799753166496,2318,0.022268614943451046,0.20006834512566105
52,heartbroken,0.08363714393901323,5.5385511391342304e-05,2318,0.02102412073978408,0.3580729407143848
52,grief-stricken,-0.022172540024273164,0.28594208575906893,2318,0.024419579804251385,0.2646748450933249
52,worthless,0.0048313372764705095,0.8161624374032697,2318,0.05347442379202587,0.23068256469729762
52,self-critical,-0.01935719604940424,0.35156983565836786,2318,-0.02502451125537835,-0.1834875376734557
52,ashamed,0.1328414728437866,1.3559652268907896e-10,2318,-0.004543963432145713,-0.0006521740397324716
52,guilty,0.035198083806230344,0.09021889053867012,2318,-0.1289651231284344,0.05678362367847154
52,humiliated,0.06237812499600478,0.0026598345442159425,2318,0.006590136215579703,-0.05034132129476599
52,embarrassed,-0.055485963779300984,0.0075395416884164144,2318,-0.01709601514740322,-0.23682026865547573
52,regretful,0.08157603676318152,8.42546097787561e-05,2318,0.03687429687167483,0.28729278084966936
52,sorry,0.12911592024234717,4.3997299503534764e-10,2318,0.03136927114628159,0.3468808540065804
52,desperate,0.15430670507548208,8.021676299367857e-14,2318,0.10864419765877054,0.1809102227759749
52,panicked,-0.2553985473197945,7.702484781097087e-36,2318,-0.08044947156970943,-0.5296380143033395
52,hysterical,-0.2702336052515278,4.462263427642015e-40,2318,-0.07719234330305916,-0.5336977948342835
52,overwhelmed,-0.20803436618545912,4.437066298918476e-24,2318,-0.11653240285282895,-0.11960804259604743
52,distressed,-0.03343716133723995,0.10752141287960529,2318,-0.0754194084403014,-0.20351600700101563
52,tormented,0.038126168135541226,0.06646349376407579,2318,-0.04760371849699143,-0.19063703664956227
52,trapped,-0.18043735413236944,2.0495744752019425e-18,2318,-0.07683833816582678,-0.037979952331566716
52,stuck,-0.016919768626871105,0.4155123378329406,2318,-0.031191529497968558,0.1982456056292413
52,frustrated,0.05267987030582408,0.01119034454090311,2318,-0.024759907790252944,-0.244271247526708
52,exasperated,0.0649348508762443,0.001760341345260083,2318,-0.021266318360180364,-0.22145325835310173
52,angry,0.06257103525726823,0.002579559261582442,2318,0.0008702896757221412,-0.20278076881552667
52,anxious,-0.24447616971976002,6.827019081110225e-33,2318,-0.09807024435031877,-0.4870726897206878
52,afraid,-0.19751729573252813,8.05855041577039e-22,2318,-0.053553878976708685,-0.40432688949559503
52,nervous,-0.14327390786421315,4.206324172739088e-12,2318,-0.06518815190605315,-0.439533059481041
52,stressed,0.031966683136999484,0.1238974393339569,2318,-0.07362674264965238,-0.19758532287188285
52,calm,-0.05690863504648188,0.006131884123323431,2318,0.03834002477570669,-0.27873610059664444
52,self-confident,-0.09296445109235425,7.355701101751025e-06,2318,0.06990777457924255,-0.23357712271521477
52,content,-0.024697320922200894,0.23459413248137603,2318,0.07397075272093126,-0.1055611115176329
52,happy,-0.1882945363614485,6.099104612413019e-20,2318,-0.08793677122795783,-0.24398193062010723
52,hopeful,-0.17361856367693188,3.8142327563924236e-17,2318,0.06212269620649813,-0.09777056562420439
52,clinical_depression,-0.050130455101336194,0.015788110261165507,2318,-0.05601584469054442,0.2040389411212617
52,acute_grief,0.0849718673848098,4.1994045420429995e-05,2318,0.04111297522916456,0.21631172785130853
52,burnout_exhaustion,-0.06137855104659213,0.003113525958847238,2318,-0.02743725919772102,0.14440885260224945
52,physical_illness_fatigue,0.12714005923362162,8.103977349360582e-10,2318,0.095879882539438,0.3919318972128718
52,anxiety_panic,-0.27100512109155267,2.640783541989404e-40,2318,-0.12831711049758737,-0.4504344985051679
52,frustration_blocked_goal,0.09868164591605212,1.9345128915766365e-06,2318,0.007443221473874051,-0.17755173487154058
54,depressed,0.04489830690969313,0.03065052235168734,2318,0.052666007821022424,0.3388897143261291
54,sad,0.24075559024474547,6.390236077220437e-32,2318,0.07584204085943591,0.5062163694311452
54,gloomy,0.24163514635743943,3.7791556648660213e-32,2318,0.11115128339140246,0.5165467297831972
54,melancholy,-0.04667229255178634,0.02463500507322753,2318,0.08806771038641975,0.23110383766719872
54,miserable,0.1982950888565252,5.539208037675847e-22,2318,0.09579353473122534,0.47811724266609235
54,dispirited,0.1071419746702909,2.3344006585949767e-07,2318,0.06046618669150104,0.3896149388299748
54,listless,0.06042134301148048,0.0036129878789471904,2318,0.03401492601153183,0.3124845077571144
54,weary,0.15968072676776712,1.0467063288936018e-14,2318,0.03922721742650011,0.3226236434303736
54,worn out,0.15959822086642425,1.0805295537026054e-14,2318,0.061029997612671485,0.35215209132668324
54,tired,0.11545637100061537,2.4842778595024487e-08,2318,0.017079380822214284,0.28584624580542656
54,resigned,-0.02989568170262922,0.1501813702788625,2318,0.07242416625226195,0.14446416441310894
54,lonely,-0.02202387337569992,0.28918578363074965,2318,0.04947822794097105,0.23320112263681783
54,heartbroken,0.1849543643457989,2.769962380043149e-19,2318,0.037498944098316445,0.463530919921238
54,grief-stricken,0.11295777387317878,4.954163269642715e-08,2318,0.061078983785054566,0.3955121874361642
54,worthless,-0.06488126594799494,0.0017758960996627326,2318,0.058473674755318034,0.18404119863861967
54,self-critical,-0.2586388852417201,9.644786983839392e-37,2318,-0.12064494304428114,-0.4076148193742223
54,ashamed,-0.09283835514737863,7.569214572141925e-06,2318,0.01686026936712677,-0.012175341395040338
54,guilty,0.03787657783119964,0.06826377412871457,2318,0.1095859353163764,0.19762222509427607
54,humiliated,-0.11583263791240132,2.236178533269513e-08,2318,-0.037092976073238346,-0.18259809243658373
54,embarrassed,-0.17513227671119888,2.0133496451849608e-17,2318,-0.021225709619847363,-0.37543311447850464
54,regretful,0.02360832136374423,0.2558802583734233,2318,0.09805839292178099,0.21896182461950556
54,sorry,0.157859939133679,2.10348050129707e-14,2318,0.09791655694217019,0.3567278097091223
54,desperate,0.11354056095983953,4.222973682167083e-08,2318,-0.05028486433214838,-0.04458296551324038
54,panicked,0.08004292620529724,0.00011439910233689719,2318,-0.0707347329334233,-0.13332794273353166
54,hysterical,0.04357042244797593,0.03594144353246062,2318,-0.07663359311039485,-0.15857426825599347
54,overwhelmed,0.06580930352096981,0.0015235656629611308,2318,-0.042914997223666325,0.036701456503020376
54,distressed,0.1744575331239012,2.678667993587064e-17,2318,-0.045596689851605046,0.02514144465901636
54,tormented,0.20709112139091826,7.158479522064296e-24,2318,-0.004910176055669756,0.09895259017015423
54,trapped,0.009685555519333498,0.6411608106716249,2318,0.0938961845278216,0.23416369360182435
54,stuck,-0.03681629418638928,0.0763634014193953,2318,0.03470249100066161,0.12447398410859718
54,frustrated,0.0815618087118165,8.449615566529513e-05,2318,-0.06100562390422426,-0.19379620302622994
54,exasperated,0.06689799280760148,0.0012698046439794165,2318,-0.07107676448920887,-0.20705615300801566
54,angry,0.10246949727721201,7.660896235176984e-07,2318,-0.0337988706296888,-0.14602815764253185
54,anxious,-0.10291746144226749,6.850960430163972e-07,2318,-0.06970557990900086,-0.3363275366729939
54,afraid,0.09020970379772864,1.3630558669015376e-05,2318,-0.010121428316876572,0.05421783907503403
54,nervous,0.093756862919765,6.140030550544909e-06,2318,-0.006808811306945758,-0.1352738142405415
54,stressed,0.04244910736226349,0.040997330970999384,2318,-0.07164308907900546,-0.20386588631034458
54,calm,-0.16996476493081192,1.7415758242217076e-16,2318,-0.03883632158083365,-0.3519022622949469
54,self-confident,-0.2894677236457887,5.562662347940647e-46,2318,-0.11656757749197903,-0.417289971498285
54,content,-0.2941640374685325,1.7045085719395637e-47,2318,-0.1310473947800103,-0.42983414185827773
54,happy,-0.23025493471847955,2.871443135778999e-29,2318,-0.09987299149634342,-0.42564726222081445
54,hopeful,-0.18485703194046366,2.893610200997842e-19,2318,0.06269223332179535,-0.19425646307921116
54,clinical_depression,0.08106110222404599,9.342514229849536e-05,2318,0.006580209973072931,0.3606950153198703
54,acute_grief,0.028540228290681705,0.16955800844162858,2318,0.0708720412704779,0.30091808798627884
54,burnout_exhaustion,0.02842685375040799,0.17125995509100195,2318,0.028547318555292044,0.222407904379048
54,physical_illness_fatigue,0.0390447361522342,0.06017141805768142,2318,0.10653511797564344,0.16658642261073092
54,anxiety_panic,-0.2714335135056366,1.9720152954646296e-40,2318,-0.08065656678151827,-0.3625123599867002
54,frustration_blocked_goal,0.09255253728474176,8.075319342512342e-06,2318,-0.025608360412007432,-0.18643350612214063
56,depressed,-0.015673248321772106,0.4507066595736639,2318,0.07930480223430442,0.24217958879672258
56,sad,0.06400357219824576,0.0020493184741845116,2318,0.08795790681667782,0.325012676392377
56,gloomy,0.06198070190920808,0.00283245016279783,2318,0.08391600849920783,0.3366459411035562
56,melancholy,-0.020303178455485012,0.32852835517768997,2318,0.09875292964295324,0.21498985335181744
56,miserable,0.09646778748642597,3.2737789015393634e-06,2318,0.09624128589845629,0.36165094516168766
56,dispirited,0.0609404121006516,0.00333376771811731,2318,0.07545259406579333,0.3281020770705597
56,listless,-0.032426827773324764,0.11857618488018891,2318,0.04230860220478248,0.22517294841543228
56,weary,0.06553713273113203,0.0015939164029515833,2318,0.04537442507230431,0.27446513334933437
56,worn out,0.10432494476104988,4.808012137118982e-07,2318,0.034722715487708854,0.32260605659877745
56,tired,0.03247224439866783,0.11806083465301116,2318,-0.0686870034193304,0.24028640300540538
56,resigned,0.016513703478428256,0.4267951875117785,2318,0.06250500787027966,0.13250662158537002
56,lonely,-0.019100227979588363,0.35800143073401647,2318,0.10594157044399677,0.2071368921267592
56,heartbroken,0.04627345282288542,0.02589015823153861,2318,0.05933942338444685,0.283261500393809
56,grief-stricken,-0.041527572602549544,0.045591656797540396,2318,0.08279816204979988,0.21974796127271684
56,worthless,-0.02848053382380271,0.17045253834689883,2318,0.06465518775894064,0.14731722468163558
56,self-critical,0.020820924060397948,0.31634163788569897,2318,0.026535732671519287,-0.1375475148946071
56,ashamed,0.014168747515715258,0.4953468967267224,2318,-0.05814108891449527,0.02968404732033404
56,guilty,-0.03679477734676219,0.07653554784428956,2318,0.008065112840209863,0.054688273851627583
56,humiliated,0.0904241352757631,1.2999623040593481e-05,2318,-0.06310477437129047,0.009133780588498895
56,embarrassed,0.05395541026606371,0.009371178355634228,2318,-0.0945641024727809,-0.09379217551693449
56,regretful,0.11793080913664065,1.236107757351085e-08,2318,0.0471593578264002,0.08429729529010944
56,sorry,-0.007323372820631831,0.7245361935579947,2318,0.013818588500464954,0.10757148191326253
56,desperate,0.15257911231189772,1.5207241990726694e-13,2318,0.03287537122757529,0.08860507370040772
56,panicked,0.0926818690064653,7.842428394338907e-06,2318,-0.07019502548780451,-0.01871580535695639
56,hysterical,0.052999144304176043,0.010707774991326953,2318,-0.06783545238306285,-0.17937040329239162
56,overwhelmed,0.05504517876993545,0.008030990200300665,2318,-0.05199972243039495,0.06815565270341482
56,distressed,0.12471879076593541,1.6915043985955445e-09,2318,-0.052934542032661215,0.1264043093083912
56,tormented,0.0718967822470295,0.0005319472267650054,2318,-0.06818631814147405,-0.10148404313656521
56,trapped,-0.03017716946813004,0.14637780142716347,2318,0.017381435828329614,0.027772171165399297
56,stuck,-0.04270753888519099,0.03978159385743636,2318,0.059512949404408266,0.05604436013957867
56,frustrated,0.08487974040510432,4.280959260637344e-05,2318,-0.05384328930322179,-0.17628837819392454
56,exasperated,0.07500247424583174,0.0003012954788318808,2318,-0.06594728085950345,-0.1801909710997324
56,angry,0.03230620808072931,0.1199534362335875,2318,-0.09269881554686485,-0.22927239870211838
56,anxious,-0.10180787129036616,9.027865934169655e-07,2318,-0.12471606971051363,-0.18616477853908306
56,afraid,0.0743585682957214,0.00033958107855383383,2318,-0.037314254671557565,0.08298287471651336
56,nervous,0.09522470188050221,4.377200979578063e-06,2318,-0.02180198933537718,0.06520130600350164
56,stressed,0.0410838170399598,0.047954251145915894,2318,-0.057116793607679635,-0.0742713954492943
56,calm,-0.2004327084249829,1.96108987221304e-22,2318,-0.02650940927226133,-0.3712582152912124
56,self-confident,-0.20262307876672264,6.6847354267754e-23,2318,-0.044164615888728304,-0.38159676713708973
56,content,-0.14394478621167106,3.3343014028439306e-12,2318,0.09058900125939114,-0.17183985382193998
56,happy,-0.21487507277165183,1.2890163884886378e-25,2318,0.008483619622444427,-0.36436930156230996
56,hopeful,-0.1895061019960217,3.498062198581202e-20,2318,0.007883787483961714,-0.24519324456527156
56,clinical_depression,-0.10373444278705168,5.581208110598101e-07,2318,0.004144422127659225,0.08648503819055489
56,acute_grief,-0.08703473995835602,2.716164850037037e-05,2318,0.039290814526238664,0.18034614082912873
56,burnout_exhaustion,-0.09112334691361666,1.1130085279870468e-05,2318,-0.02907970146206345,0.0207516782480999
56,physical_illness_fatigue,0.03011214734185882,0.14724979566162333,2318,0.120663397724238,0.17167964995140775
56,anxiety_panic,-0.22010089118948153,7.944449851301914e-27,2318,-0.12205521341558753,-0.4210649992230402
56,frustration_blocked_goal,0.12858230513417096,5.193560275177692e-10,2318,-0.020739715085113297,-0.08695978652582595
58,depressed,-0.1524643153343811,1.5863414087900417e-13,2318,-0.05784395506044293,-0.02270523916638698
58,sad,-0.0893869815935732,1.6332899640415795e-05,2318,0.03711769129604708,0.05531051689226406
58,gloomy,-0.1455272365234058,1.919258982621454e-12,2318,-0.014584224190451012,-0.07718186924712837
58,melancholy,-0.16025153407649145,8.395950733120173e-15,2318,0.02316803114170518,-0.08712920175852049
58,miserable,-0.03846548098619619,0.06407890698334638,2318,0.019661908464281057,0.015367508419421671
58,dispirited,-0.10614048217298266,3.0244669843386944e-07,2318,-0.0412291204421723,-0.10318313437079432
58,listless,-0.24081145014083205,6.180967870580011e-32,2318,-0.1283696095203918,-0.16207873821787339
58,weary,-0.17061534844344842,1.3321957108890208e-16,2318,-0.05448959463141427,-0.09451688529017638
58,worn out,-0.014151670002232636,0.49586680199723376,2318,-0.05097200980562848,0.1362853590079528
58,tired,-0.02028373836262634,0.32899178624981684,2318,-0.11796207270200788,0.16365827389060114
58,resigned,-0.1474681021081084,9.66784526421842e-13,2318,-0.05362054311592421,-0.1387801647665587
58,lonely,-0.06665969037903587,0.0013217613575273082,2318,0.012703383435390417,0.10971881143513411
58,heartbroken,-0.09389362018015027,5.950693898928247e-06,2318,-0.003028251864789583,0.09438995072035243
58,grief-stricken,0.006837005042832804,0.7421571335339059,2318,0.17047026294112969,0.1520313030432055
58,worthless,-0.0005879588108985396,0.9774289655490839,2318,-0.03358370721741019,-0.12029272957968218
58,self-critical,0.13954361537100077,1.5007487297614827e-11,2318,0.005795123006531802,-0.051926755386993054
58,ashamed,0.1888813776358742,4.6614894224671575e-20,2318,-0.040493375811206746,0.18313407874194035
58,guilty,0.2586952789510303,9.299827032003726e-37,2318,0.05633768385903922,0.27463594113259315
58,humiliated,0.20642094136582576,1.004144784400596e-23,2318,0.056552468496028574,0.17356925988336244
58,embarrassed,0.22792292063644526,1.0704496904674477e-28,2318,0.02867318094821804,0.3021191975368545
58,regretful,0.21043509346007766,1.2996669833155406e-24,2318,0.07797110672401136,0.07589238447946164
58,sorry,0.27583046220986635,9.547810059723067e-42,2318,0.03442542791639927,0.3997273859131844
58,desperate,0.2141623404469875,1.8744720275854996e-25,2318,0.08359990561379235,0.16225267353157694
58,panicked,-0.05324197486814644,0.010353219748505392,2318,-0.0299881787136968,-0.15254576438639456
58,hysterical,0.05495561494220424,0.008134283790182467,2318,0.00931931393351118,-0.1863967979731958
58,overwhelmed,-0.07316995051288648,0.0004224633798454223,2318,-0.04111701889322666,-0.04817570024622137
58,distressed,-0.033333807252413694,0.10861340732387263,2318,-0.009113446640345114,-0.03326696894275594
58,tormented,-0.03351277309282016,0.10672804949719235,2318,-0.030214427376175586,-0.22785175356904278
58,trapped,-0.23991553108041802,1.0532564803094008e-31,2318,-0.0994931338795457,-0.38475514269579475
58,stuck,-0.14244697934689501,5.592669684960213e-12,2318,-0.08008667321920271,-0.07887156371101793
58,frustrated,-0.043103340877489696,0.03797895787312918,2318,0.0006170114794986359,-0.32484875944600367
58,exasperated,0.10857460822048506,1.6051703857941894e-07,2318,0.01735592116663741,-0.16412449342864655
58,angry,-0.17526564078170784,1.9026186295709763e-17,2318,-0.04945765883899096,-0.3966146785935803
58,anxious,-0.059821106640237744,0.003962261599401879,2318,-0.08923998080437845,0.0732730205308832
58,afraid,0.061315183965249466,0.0031445367271432326,2318,-0.04737719079353178,-0.08464125332263303
58,nervous,-0.02444734701236526,0.2393657992093226,2318,-0.09440110070245371,0.13727100933446287
58,stressed,0.08997468391329518,1.4355573400923311e-05,2318,-0.07079811912216734,0.015449154894218258
58,calm,-0.2194888114633035,1.1051906152331519e-26,2318,-0.03803463025560093,-0.12201254584653345
58,self-confident,-0.15643826650677575,3.607006811556381e-14,2318,-0.04321074618062147,-0.2512333080437505
58,content,-0.043262033709607114,0.03727595977579036,2318,0.10114995287250539,0.1446835871936688
58,happy,0.0865908558319121,2.9855762392807537e-05,2318,0.07703694562258107,0.3254416661445949
58,hopeful,0.011024141608544757,0.5957695517913215,2318,0.0869049873865608,0.19884053566092305
58,clinical_depression,-0.18839439795711874,5.826763448758906e-20,2318,-0.14904464101138834,-0.23998682897761459
58,acute_grief,0.09679978110851248,3.027598728572755e-06,2318,0.08800048506412342,0.375758098077208
58,burnout_exhaustion,0.21810485631410073,2.3228410191418754e-26,2318,0.07764861678624116,0.3621699622931676
58,physical_illness_fatigue,0.1938971575150064,4.5197805842617846e-21,2318,0.13861343632602827,0.41589241112128406
58,anxiety_panic,-0.24466562319306934,6.085967475055159e-33,2318,-0.08063382162507249,-0.4743744297218831
58,frustration_blocked_goal,-0.02865166134235227,0.16789758860868997,2318,-0.0004432247470006756,-0.305818141674878
59,depressed,0.009193960224651689,0.658185717985207,2318,0.04043865275072872,-0.0545438496434379
59,sad,0.22960506800158395,4.149464693170699e-29,2318,0.13599916591829103,0.0574078715416431
59,gloomy,-0.08286250114664533,6.491737584994141e-05,2318,-0.10322500967117083,0.0775711147966076
59,melancholy,0.18532484495161525,2.345235876734547e-19,2318,0.13388682301983235,-0.03480431378840153
59,miserable,0.06458052478397613,0.001865563536012718,2318,0.051139969830289365,-0.1645023721120048
59,dispirited,0.04044302058772849,0.051546696821591145,2318,0.012506388754896233,-0.08341075318837997
59,listless,-0.16957822591269095,2.041117817659796e-16,2318,-0.0900180411541481,0.0030175667020519346
59,weary,0.10880598006222036,1.5102806771229796e-07,2318,-0.01408245160856737,0.09201264278673374
59,worn out,0.04875460390364841,0.01890240298520562,2318,0.030298520880956525,0.2788201828111479
59,tired,-0.10596825426723742,3.161469947174048e-07,2318,-0.023838855471097695,0.18495866170771777
59,resigned,0.0628050614287074,0.0024851490658486038,2318,-0.05408284789688368,-0.216574951963649
59,lonely,-0.11408660047295949,3.6335062478194635e-08,2318,-0.07513767624254511,-0.28046322915897476
59,heartbroken,0.20236299213352849,7.60095821806023e-23,2318,0.1219715723910533,-0.03713163287130652
59,grief-stricken,0.19879853089035962,4.342144133829366e-22,2318,0.10640271170402595,-0.04888848683363951
59,worthless,0.04103727833487005,0.04820788004956865,2318,0.05701537450167937,-0.1440636837507433
59,self-critical,0.03315981184982052,0.1104715540219591,2318,0.029376233157320138,-0.20100529428139946
59,ashamed,-0.05834630189435684,0.0049541930737696796,2318,-0.06089524747465834,-0.1803563119199639
59,guilty,0.10935303179097344,1.3069904376885347e-07,2318,0.012086006480518822,-0.14452346494342408
59,humiliated,-0.08157522315233685,8.426840463910765e-05,2318,-0.09875349999416255,-0.26949574957784844
59,embarrassed,-0.08714242480877088,2.654378951793146e-05,2318,-0.1604754944307485,0.054813883336115816
59,regretful,0.050607129179438784,0.014819576940949946,2318,-0.0005524783987321258,-0.2174832943505908
59,sorry,0.13021292004542703,3.121784975807347e-10,2318,0.012032873193167364,-0.11963363479583564
59,desperate,0.20330857069104086,4.760933067837069e-23,2318,0.08024971943012495,-0.024243261224954307
59,panicked,0.016571748253264403,0.4251715185076833,2318,0.03512834954056279,0.19487761865306968
59,hysterical,0.14038968806112273,1.1279647747104017e-11,2318,0.11359340791832498,0.004766754485503937
59,overwhelmed,0.10715491000630452,2.326569658115271e-07,2318,0.12128514472941548,0.16064656161880791
59,distressed,0.21013984930819296,1.5127514672540576e-24,2318,0.16328544383737628,0.3675303692466148
59,tormented,0.21485858125299465,1.3002528428308043e-25,2318,0.1492457365510138,0.01755718752773299
59,trapped,-0.03518923929217924,0.09029983435277181,2318,0.025440843827464137,-0.20105620548290148
59,stuck,-0.14676661391444645,1.2400058017021968e-12,2318,-0.06467371899180621,-0.3846434545142788
59,frustrated,-0.062304827793076605,0.002690929051654325,2318,-0.14141224850885864,0.06290344095343883
59,exasperated,-0.14386482785881372,3.428113321151902e-12,2318,-0.22107176388381122,-0.19788873972474266
59,angry,0.11706379953663777,1.5811943838526938e-08,2318,0.0931410238316113,0.29859828411312855
59,anxious,-0.004126948059849676,0.8425849525342572,2318,0.05283389948820176,0.2678710104679479
59,afraid,0.1073086468380568,2.2354185876999074e-07,2318,0.08755497131676757,0.3446174051656686
59,nervous,-0.05401833924064203,0.009288677216410888,2318,0.026719245614007875,0.23324765363182728
59,stressed,-0.07739514873942396,0.0001916148265031649,2318,0.01814627348815294,0.20722602677224208
59,calm,-0.17614727481495646,1.3075396212013169e-17,2318,-0.10888436174736357,0.04421218503809427
59,self-confident,-0.2599154775408955,4.2195665386115e-37,2318,-0.15374965558603743,-0.15971496835766869
59,content,-0.1960632893930926,1.6173123035978235e-21,2318,-0.06717696630453412,0.032027569956796564
59,happy,-0.1450705950562135,2.252282894926111e-12,2318,-0.02792883255978431,0.13156512662144904
59,hopeful,-0.19154479628939394,1.36107592148671e-20,2318,-0.06832179288327925,0.007893775416247258
59,clinical_depression,0.1970851243598297,9.918060184154077e-22,2318,0.09045878514473721,-0.030089976197057878
59,acute_grief,-0.005173160179343557,0.8034131597142765,2318,0.006005210867469085,-0.10019091134450356
59,burnout_exhaustion,-0.191057170259793,1.7074798105700556e-20,2318,-0.14071549354032947,-0.15504569833378115
59,physical_illness_fatigue,-0.035229458579588556,0.08993222332166954,2318,0.0358035162418231,0.22474690933371963
59,anxiety_panic,0.04175751384653061,0.044406486934680266,2318,0.021220901463373767,0.040399719975118174
59,frustration_blocked_goal,-0.1576488970784231,2.279514067447207e-14,2318,-0.08321670514471025,0.004343601657355161
