layer,label,spearman_frustration,p,n,spearman_within_turn_mean,spearman_petri_depression
6,depressed,0.11547846685454022,1.4599547155848419e-08,2394,0.14858664880521738,0.14392207985855038
6,sad,-0.5996157539516618,9.989234094286092e-234,2394,-0.0765477079453479,-0.5508420252119133
6,gloomy,-0.7139945641562173,0.0,2394,-0.21515152106796537,-0.6698853133061394
6,melancholy,-0.5879528353947122,1.3216780669894183e-222,2394,-0.1706285826364345,-0.5280898475441812
6,miserable,-0.5672798123727235,5.719474551372837e-204,2394,0.10242979125632366,-0.5546642872183385
6,dispirited,-0.011810432719955997,0.5635441144090543,2394,0.0437761342819246,0.019185263989616338
6,listless,-0.6105024768117203,1.5702701204167647e-244,2394,0.08105260064919048,-0.5903693903261504
6,weary,-0.6949569257787304,0.0,2394,-0.19291351719839067,-0.6769733094089785
6,worn out,-0.5112331733466583,1.4108843961498113e-159,2394,0.11453346408654544,-0.5079107932270801
6,tired,-0.6229142790574005,2.2576672437357e-257,2394,-0.11025786187295421,-0.606947381018422
6,resigned,-0.5279411689547558,6.030599924458509e-172,2394,-0.26592326894733487,-0.5131602249832156
6,lonely,-0.5931120489346221,1.8094277923696206e-227,2394,-0.04556603972279097,-0.556445899233166
6,heartbroken,-0.1464322790483905,6.029492835560429e-13,2394,0.15797839638866695,-0.12106381074388776
6,grief-stricken,0.10407539841268551,3.3349937020447064e-07,2394,0.19319843369830325,0.11167505772981466
6,worthless,-0.08359670786834461,4.216280248380817e-05,2394,-0.035518064291831845,-0.05280041520100753
6,self-critical,0.42208761413312773,4.711430082977298e-104,2394,-0.03392277789785393,0.3996490271171795
6,ashamed,0.6164597050372524,1.2701866287497023e-250,2394,-0.00016563707551474002,0.6153542669498724
6,guilty,0.6750203777351901,0.0,2394,0.14769663413162037,0.6654921092024952
6,humiliated,-0.18272229648577906,2.030171465504547e-19,2394,-0.028010892077715233,-0.2108325611724424
6,embarrassed,-0.5106120530389544,3.9458700229757795e-159,2394,-0.030505790540966846,-0.5170249143473638
6,regretful,0.6295689485004141,1.683543782410642e-264,2394,0.09743349929889748,0.6156336356041889
6,sorry,0.12079697146548003,3.0468723405610265e-09,2394,-0.16997686117009897,0.15579151751908968
6,desperate,-0.00010646515763477363,0.9958458631498756,2394,0.2028949087756322,-0.028827848084252233
6,panicked,0.19591705731501247,3.857393866203752e-22,2394,0.2472633070389539,0.15264378937149575
6,hysterical,0.07018795730589394,0.0005889821534186162,2394,0.20560973685445838,0.02847655723164897
6,overwhelmed,-0.08320420954759863,4.5816698234268116e-05,2394,0.2428432648296194,-0.11163405891208651
6,distressed,-0.01965372849198818,0.3364423435901153,2394,0.24304943690891662,-0.04654449717959171
6,tormented,-0.030473287068416614,0.1360717291895131,2394,0.17922786781741223,-0.03866541672452448
6,trapped,-0.5798262779925697,4.0417669784077547e-215,2394,0.06262224141952372,-0.5719940566381039
6,stuck,-0.6025807751247946,1.254488319612659e-236,2394,0.09007169274075576,-0.5889205530646298
6,frustrated,-0.36850382042588103,6.89522095851457e-78,2394,0.03864118788272912,-0.4217499769573508
6,exasperated,0.02657333420879224,0.19368860204901947,2394,-0.029120380994547085,-0.04822246573005848
6,angry,0.15826039494755836,6.7791083003542e-15,2394,0.029016728279899616,0.11965863245125287
6,anxious,0.6935619059461119,0.0,2394,0.2229738900007467,0.654583886091826
6,afraid,-0.5126236351530296,1.4003686952754388e-160,2394,0.047221801701440705,-0.5145217168336411
6,nervous,0.6700339469485216,0.0,2394,0.18099369251574363,0.641898423316244
6,stressed,0.6875057064269964,0.0,2394,0.203332245517057,0.6526321457367124
6,calm,-0.4339512110705314,1.5945221257354413e-110,2394,-0.302128053751973,-0.39057434178264144
6,self-confident,0.22222752665165849,3.596071589039026e-28,2394,-0.2228597993920727,0.2254946840508479
6,content,0.2207118012166362,8.422898633809156e-28,2394,-0.2811420106973034,0.24911223700499796
6,happy,0.37933357862359357,8.617490802053537e-83,2394,-0.11937263928023728,0.3849150241971692
6,hopeful,0.23324792876920142,6.0981784781664885e-31,2394,-0.23136032651134997,0.24962084489494113
6,clinical_depression,-0.27970276222600376,2.8200070166479374e-44,2394,0.13237710863012722,-0.23240358618461696
6,acute_grief,0.5162199322801861,3.386474309150003e-163,2394,0.13425425853881556,0.5323897588172344
6,burnout_exhaustion,0.3279077007702189,4.06492785235084e-61,2394,-0.13163519402995916,0.34437149836420294
6,physical_illness_fatigue,-0.14565670105015655,7.993486498000598e-13,2394,-0.04658454568933775,-0.13066238399169508
6,anxiety_panic,-0.2547150707388644,9.148662432539145e-37,2394,-0.08666034014779347,-0.26777415082319983
6,frustration_blocked_goal,0.015645229337716806,0.4441852419089898,2394,0.05416956138125152,-0.033479352163884854
8,depressed,0.214994980950814,1.9721186628104363e-26,2394,0.22876442561572197,0.2041591736479604
8,sad,-0.37996813490682935,4.387806085768254e-83,2394,-0.016530150499576617,-0.32335038203020444
8,gloomy,-0.5954762447660089,9.98227633460805e-230,2394,-0.09075539763286508,-0.5579774321103769
8,melancholy,-0.33232010837537285,8.036301027196355e-63,2394,0.02180200357923133,-0.30600348815214357
8,miserable,-0.22133057197139724,5.95520550517509e-28,2394,0.1714017940827232,-0.228830629011277
8,dispirited,-0.07843006082782314,0.0001223441646982009,2394,0.0025173069351939956,-0.07246003037532771
8,listless,-0.18958505077841448,8.262117457289257e-21,2394,0.160401164578298,-0.18812646141337572
8,weary,-0.12821899537968887,3.0484757891838345e-10,2394,0.03059872368803129,-0.148587106984909
8,worn out,-0.10751311048336969,1.3421162197147044e-07,2394,0.17646723819680982,-0.11709130758637619
8,tired,-0.6064388830478166,1.8948746525150742e-240,2394,-0.04837957024907999,-0.5760394098246181
8,resigned,0.3120429195568169,3.2052396870671692e-55,2394,-0.10286447395761195,0.28252647956016597
8,lonely,-0.3341723900488285,1.5181549278888933e-63,2394,0.1290191967706903,-0.31489064461686495
8,heartbroken,0.19120111426096065,3.817925115680749e-21,2394,0.24741801908662442,0.18090190158130995
8,grief-stricken,0.16190267788087342,1.5847247828914673e-15,2394,0.24483321121312723,0.1557892978430876
8,worthless,0.2552623904562426,6.38815146352975e-37,2394,0.08158942073028,0.25762031178114975
8,self-critical,0.5580172745590066,4.859963334254725e-196,2394,0.021624402327512973,0.52384767950068
8,ashamed,0.28870642236016825,3.5053372113310204e-47,2394,-0.09595014617897304,0.2976514241416622
8,guilty,0.6529346513487767,5.7950915769012914e-291,2394,0.1566305958272513,0.6328208066590456
8,humiliated,0.36310661992203747,1.6322300990470888e-75,2394,0.04251032377834462,0.31797861001089894
8,embarrassed,-0.21891061899256087,2.296876002619202e-27,2394,-0.06767051916652515,-0.22664498973116337
8,regretful,0.6586784321519904,7.816563117551302e-298,2394,0.16124557100741665,0.6247000271960124
8,sorry,0.5656759192171634,1.4074597832011096e-202,2394,0.01210804726106357,0.584605614681375
8,desperate,0.2854523634762798,4.047802661268447e-46,2394,0.2550873438912497,0.2569980275676893
8,panicked,-0.34671461550842275,1.4058171283508485e-68,2394,0.04256027209733245,-0.35014070968998656
8,hysterical,-0.4057322939141404,1.504951508095995e-95,2394,0.046237872433527914,-0.4067939926703477
8,overwhelmed,-0.26646304633591655,3.3876649907276308e-40,2394,0.14850664634115052,-0.27631519074029504
8,distressed,-0.36691292927815355,3.4924501797669814e-77,2394,0.07301850534681749,-0.35719960833261793
8,tormented,-0.066913482919406,0.0010531107229254657,2394,0.17200737650676057,-0.07635774774942199
8,trapped,-0.19147514035375882,3.347197645459895e-21,2394,0.19477548549964624,-0.2012969104550832
8,stuck,-0.17871806831324927,1.2418050811536202e-18,2394,0.20807644991162655,-0.1820495312340538
8,frustrated,0.01807820304355833,0.3766152494088605,2394,0.0004849346336505689,-0.01897280963467958
8,exasperated,0.4469706661168737,6.282805103289994e-118,2394,0.05004624722518553,0.3711724247918197
8,angry,-0.0690545522721071,0.0007222023724013035,2394,-0.09101054884320124,-0.08361575011905245
8,anxious,-0.05507410369497566,0.007031837439072579,2394,0.10268595490851878,-0.04781562041386943
8,afraid,-0.5538194759252261,1.5794142160455312e-192,2394,-0.05576235622710859,-0.5347760735356074
8,nervous,-0.28908718493287583,2.627147566690683e-47,2394,-0.03085578253905729,-0.2587649624038919
8,stressed,0.34686497988816933,1.2194580759587248e-68,2394,0.14740598173174063,0.3395512026306351
8,calm,-0.6048152649826771,7.79695915699956e-239,2394,-0.32102072337681653,-0.5467988506068765
8,self-confident,0.04190675002177594,0.04033857734813012,2394,-0.25417041377401656,0.04210516817220771
8,content,-0.120245630294385,3.5957242180233165e-09,2394,-0.31119299452236526,-0.08457204839354476
8,happy,-0.04652636564642795,0.022815498229126596,2394,-0.18898789943820993,-0.0236650680926383
8,hopeful,0.048659561289831746,0.017265370332774956,2394,-0.24263703745849702,0.07413474946528863
8,clinical_depression,-0.11915825344804686,4.974050865156738e-09,2394,0.20755072817266113,-0.09499478647064126
8,acute_grief,0.4370525061919705,2.9382258280447084e-112,2394,0.08988651906646178,0.44446326089437854
8,burnout_exhaustion,0.5772391369740925,8.822905944730994e-213,2394,0.039807126040851695,0.5563672594295139
8,physical_illness_fatigue,-0.4386184267021312,3.8492872856418383e-113,2394,0.03779936872049507,-0.4162594089005636
8,anxiety_panic,-0.392749701126698,3.957485640538293e-89,2394,-0.11965808437344358,-0.39998872221567205
8,frustration_blocked_goal,-0.41356214457351614,1.4629669446888746e-99,2394,-0.18067809502919163,-0.4233999395540154
10,depressed,0.0521668288012793,0.01068452242952916,2394,0.2339198513097248,0.040461128564082946
10,sad,-0.25670866926661395,2.4625134410695703e-37,2394,0.04878481657854139,-0.22169599552625016
10,gloomy,-0.41519518067619404,2.064556214650287e-100,2394,-0.003670299823335974,-0.3850214038185344
10,melancholy,-0.41205209491626,8.859336666943235e-99,2394,0.030162738653507503,-0.3938906691835252
10,miserable,-0.1319955817380402,8.970159070572034e-11,2394,0.21626782832530658,-0.13996967151719153
10,dispirited,-0.3299991516092249,6.3809052969712105e-62,2394,0.01725054182279814,-0.3161835776197975
10,listless,-0.057490743707055945,0.004896040634159535,2394,0.16916305794101444,-0.06661771020458943
10,weary,0.35414175266350284,1.1388908497729727e-71,2394,-0.04094827309369389,0.3259693549254079
10,worn out,0.5702266872332614,1.5185936877579884e-206,2394,0.219416670332178,0.5352978677526082
10,tired,-0.42895399981608945,9.114985670422555e-108,2394,-0.008111247356535203,-0.40310018022031696
10,resigned,0.2287186178159098,8.74317757216445e-30,2394,-0.151892930139185,0.21032736724134563
10,lonely,-0.4874346765076624,4.166939828874041e-143,2394,0.12631060720841691,-0.4725481992496289
10,heartbroken,0.11471824866548716,1.8162186084753373e-08,2394,0.24109572999220147,0.10643070549724987
10,grief-stricken,0.20989841306847257,3.0418386359717053e-25,2394,0.25671251011247614,0.19655241784424898
10,worthless,-0.6234373985768337,6.30411093428498e-258,2394,-0.09865172035686265,-0.5963900128620407
10,self-critical,0.3408722421007368,3.322979177513405e-66,2394,-0.08530313170901449,0.3139895948950267
10,ashamed,0.14330144588215193,1.86463196548946e-12,2394,-0.20189771606112578,0.17326903586377268
10,guilty,0.6267604072392288,1.8007285624869878e-261,2394,0.14960509902918157,0.6139445099230183
10,humiliated,0.0687532590041745,0.0007620536700303458,2394,-0.0008321995878827378,0.049651442424158844
10,embarrassed,-0.32079478506216536,1.9815398970022235e-58,2394,-0.09848797564682513,-0.30866486177020397
10,regretful,0.6405639688335439,1.150713615761914e-276,2394,0.13645448138724592,0.60305280207723
10,sorry,0.4658272731969795,3.061886735749548e-129,2394,0.03836785361955443,0.49071436500597615
10,desperate,0.35823339014154243,2.0775086765467815e-73,2394,0.27824604614110393,0.32107529103459465
10,panicked,0.016682667348253657,0.4145638052846981,2394,0.09551790142798187,0.008883786393756253
10,hysterical,-0.18909542142060884,1.0425025566105463e-20,2394,0.051693900970816546,-0.19260315617076953
10,overwhelmed,-0.21429653139537858,2.8812742588665415e-26,2394,0.16347527351493737,-0.23104750728916834
10,distressed,-0.1808695574505464,4.717510050684316e-19,2394,0.09482048588496413,-0.17762533857924112
10,tormented,-0.07596800570976668,0.00019887770712025902,2394,0.21959353675786975,-0.09720423353859073
10,trapped,-0.2804796215843647,1.5987268415917437e-44,2394,0.2357012220777991,-0.29267590899021434
10,stuck,-0.28474275241252295,6.871437096517615e-46,2394,0.24828748928665204,-0.2998861540786442
10,frustrated,0.5432958890843544,6.104544746615376e-184,2394,0.05392243453657544,0.49484441067947016
10,exasperated,0.5373038935360958,3.4698643828655566e-179,2394,0.03600708327939152,0.4793135808678365
10,angry,0.48494744587777866,1.849845875738949e-141,2394,0.010730661648568722,0.45385955728750377
10,anxious,-0.07296219140544355,0.00035314391557845267,2394,0.06397440505559165,-0.057646698171396026
10,afraid,-0.46212305094042916,5.816365283159025e-127,2394,-0.019617007281181,-0.44487565913986044
10,nervous,-0.3830884663467329,1.5534406159297874e-84,2394,-0.08989423795776427,-0.3405030037008058
10,stressed,0.46339806703905895,9.627021261305454e-128,2394,0.17306952754513955,0.44837757269572065
10,calm,-0.31688088923661595,5.563556155017848e-57,2394,-0.3390459181291902,-0.2678801243300115
10,self-confident,0.10695148201207441,1.5603224130697194e-07,2394,-0.29291388031696075,0.11244964339766315
10,content,-0.2263344581728491,3.4708856474702907e-29,2394,-0.3252440165371818,-0.19332797614975034
10,happy,-0.10278290460910865,4.661624356694344e-07,2394,-0.1995274893407732,-0.07889964163291059
10,hopeful,-0.14110952205169325,4.050669085204029e-12,2394,-0.264330518436672,-0.12479466865628958
10,clinical_depression,-0.09865068284819173,1.324039046002972e-06,2394,0.2119658213567851,-0.07934071541024237
10,acute_grief,0.6744241733270843,0.0,2394,0.18154182702660496,0.6759372034907131
10,burnout_exhaustion,0.3357810987286371,3.53740092195521e-64,2394,0.040917708378753734,0.3120070969998779
10,physical_illness_fatigue,-0.5805193863106969,9.470230359209705e-216,2394,-0.03051407765623662,-0.5543439700559517
10,anxiety_panic,-0.45635442076904426,1.810173654649607e-123,2394,-0.0831534538695306,-0.47107492400464746
10,frustration_blocked_goal,-0.022826551319351532,0.26423747091067523,2394,-0.19983451580500278,-0.02879427643604372
12,depressed,-0.5403788904683836,1.2950814521918558e-181,2394,0.22395504958026954,-0.5568781982388087
12,sad,-0.7096732463959083,0.0,2394,-0.20336470876194562,-0.6901288258295429
12,gloomy,-0.7333142764229443,0.0,2394,-0.2750672495280824,-0.7180861648055163
12,melancholy,-0.706190059496397,0.0,2394,-0.1385365752943636,-0.6936286239736105
12,miserable,-0.6258688467062626,1.6239428613370578e-260,2394,0.016863579297317348,-0.6447469323367987
12,dispirited,-0.731924671156396,0.0,2394,-0.2038979576169826,-0.7136840714947423
12,listless,-0.7040887778330868,0.0,2394,-0.11208173121470381,-0.6960746654882027
12,weary,-0.6781508465147151,0.0,2394,-0.15334316966754624,-0.6766882965671978
12,worn out,-0.23958311011680392,1.3356857161481283e-32,2394,0.19691432232556538,-0.250970349407013
12,tired,-0.7266981279274405,0.0,2394,-0.2281731054441152,-0.7074636277740298
12,resigned,-0.7054730654617972,0.0,2394,-0.1855303324923077,-0.6917526871939194
12,lonely,-0.6858099037375331,0.0,2394,-0.042008315168805294,-0.6696444586173236
12,heartbroken,0.019089127348253417,0.35051026464812346,2394,0.27579032961171074,-0.012970824524393848
12,grief-stricken,0.6023375622520294,2.175618303280068e-236,2394,0.2844087091818037,0.5729125016510417
12,worthless,-0.6867872409641413,0.0,2394,-0.06484670701741134,-0.6706511437920935
12,self-critical,0.12703528304178668,4.440842528327845e-10,2394,0.02303632826815337,0.10327160257737483
12,ashamed,0.6202515940252844,1.4369551149297087e-254,2394,-0.03450459746508407,0.6221836242696259
12,guilty,0.7146773200618766,0.0,2394,0.248185310848159,0.6902689284640259
12,humiliated,0.6734014104101507,0.0,2394,0.17007039163190868,0.6484724604993647
12,embarrassed,0.3476773808043134,5.647903753342284e-69,2394,-0.040248154638170996,0.34423275124841046
12,regretful,0.7059220912085146,0.0,2394,0.2259789718305385,0.674521779447814
12,sorry,0.6372850682773014,5.506037342674202e-273,2394,0.19176324442513681,0.6217528277840715
12,desperate,0.7174895372131846,0.0,2394,0.278380323132702,0.6760607733952225
12,panicked,0.7110394366337118,0.0,2394,0.18910671369827214,0.6889434115669727
12,hysterical,0.7174480188536099,0.0,2394,0.21348079823949678,0.6960106705564613
12,overwhelmed,0.3628343505360894,2.144601123431055e-75,2394,0.0829981761153141,0.3349843184381966
12,distressed,0.698924197687125,0.0,2394,0.1143293545191344,0.6762107921036085
12,tormented,-0.014512633880591269,0.4778602894498145,2394,0.11025143886621705,-0.040462051948866595
12,trapped,-0.7053285169503117,0.0,2394,-0.14628307254583633,-0.6944884098160664
12,stuck,-0.7144276062810734,0.0,2394,-0.17403220561452687,-0.7003452701751276
12,frustrated,0.6977605036865718,0.0,2394,0.14858502978802712,0.6638318990166338
12,exasperated,0.6334139085407015,1.0669561606731218e-268,2394,0.08520077447841895,0.5905976917703273
12,angry,0.727269737828565,0.0,2394,0.2035885222670411,0.7052883576935471
12,anxious,0.5925409519162119,6.313250530463175e-227,2394,0.015892914366903575,0.5853644290059141
12,afraid,-0.1691266203799629,8.02477931661255e-17,2394,-0.035278390262423534,-0.18088348253208236
12,nervous,0.5133836314429862,3.943834034309527e-161,2394,-0.0520614576807418,0.5269786428725121
12,stressed,0.6340692042557123,2.026361374490619e-269,2394,0.08956485388975415,0.6203211844630714
12,calm,0.0920571121495217,6.438658636150844e-06,2394,-0.28678236565981385,0.14966615746137255
12,self-confident,0.3913863650904921,1.7991138550295492e-88,2394,-0.2540528619055388,0.4204114569525744
12,content,0.03265161304985722,0.11022412748635722,2394,-0.22474744720365514,0.0759105366074673
12,happy,0.43293459318129573,5.851900098807964e-110,2394,-0.15541175490815484,0.46011709839008735
12,hopeful,0.3734243529103913,4.3051884636088015e-80,2394,-0.12548825997489596,0.39561633864524254
12,clinical_depression,0.08219873907638209,5.6594632001123656e-05,2394,0.22135841066801004,0.07735990987119742
12,acute_grief,0.7443587010075362,0.0,2394,0.2982801607879926,0.7222084742039423
12,burnout_exhaustion,-0.6866054956914582,0.0,2394,-0.09962227150953203,-0.6698252330099275
12,physical_illness_fatigue,-0.67231297693149,0.0,2394,-0.11208804007581732,-0.6370880680035386
12,anxiety_panic,0.5976575257248192,7.923257230142977e-232,2394,-0.005702975769375311,0.5715795546756476
12,frustration_blocked_goal,0.008182957360140847,0.6890257248659756,2394,-0.2121458677009201,0.008365232775515895
14,depressed,-0.547819557715494,1.354725147583093e-187,2394,0.23179939938101474,-0.5624637494427503
14,sad,-0.7160057917837578,0.0,2394,-0.2326035136648843,-0.6918305899141047
14,gloomy,-0.7314757315002665,0.0,2394,-0.2507771453333454,-0.7156467392736012
14,melancholy,-0.7033857225928412,0.0,2394,-0.1391627705009797,-0.6901136623939459
14,miserable,-0.6374325696004386,3.769312421425773e-273,2394,-0.013778199585916022,-0.6527170605848203
14,dispirited,-0.7239059255864833,0.0,2394,-0.17442922135431252,-0.7062535109290834
14,listless,-0.6997078745862843,0.0,2394,-0.09956567317703369,-0.691708001593271
14,weary,-0.6885618225348754,0.0,2394,-0.17903462285710825,-0.6847544438051113
14,worn out,-0.3117900040534427,3.953613662327807e-55,2394,0.20348155011092572,-0.3227253783876271
14,tired,-0.7279745739594446,0.0,2394,-0.22761700110143004,-0.7073975309441632
14,resigned,-0.7091788500804195,0.0,2394,-0.20016253239859744,-0.6943704558924978
14,lonely,-0.6832785815651785,0.0,2394,-0.02641203144701222,-0.6663560026138201
14,heartbroken,0.008953848221972928,0.6614743552164271,2394,0.29213698101138386,-0.022460889928035088
14,grief-stricken,0.5804078310430237,1.1964507445311787e-215,2394,0.30044536627272683,0.5516932660784266
14,worthless,-0.6627130106567312,9.461292907776322e-303,2394,0.026103364171040103,-0.6496890916509053
14,self-critical,0.20899083047495048,4.914887240360573e-25,2394,0.11686422388319442,0.17634024971449058
14,ashamed,0.6304456127487755,1.8804765696364594e-265,2394,0.001412226259723745,0.6305203985305019
14,guilty,0.7128455700787443,0.0,2394,0.2504536910297229,0.6867693962190118
14,humiliated,0.6919552968659498,0.0,2394,0.17943227359003727,0.6676120617472848
14,embarrassed,0.40328377295625767,2.5724239856219745e-94,2394,-0.031494702254122535,0.4014356428741274
14,regretful,0.7050323259462402,0.0,2394,0.24095607084255832,0.6723372161744221
14,sorry,0.6516409434683113,1.9488771217496716e-289,2394,0.21192885641112075,0.6349797966443291
14,desperate,0.7193595592858644,0.0,2394,0.2743664717707476,0.6781062210728745
14,panicked,0.7045423835442407,0.0,2394,0.17873368806676768,0.6828476861913736
14,hysterical,0.6980863054867844,0.0,2394,0.14912757750426217,0.6768535932234796
14,overwhelmed,0.0001775050976423317,0.9930740294918957,2394,-0.016401713907898338,-0.016200313349460274
14,distressed,0.6813295440378763,0.0,2394,0.05372892997040252,0.6603454060970115
14,tormented,-0.030753845452689516,0.13250155179595352,2394,0.05194773504001774,-0.05383076407220982
14,trapped,-0.7050245438585815,0.0,2394,-0.1618488295563085,-0.693155868704457
14,stuck,-0.7108701189314836,0.0,2394,-0.15253870167825687,-0.697005760268865
14,frustrated,0.6724244030936353,0.0,2394,0.057527031579326295,0.6438223486768508
14,exasperated,0.6187011486732976,5.992646880422405e-253,2394,0.04190456315147609,0.5786897616821047
14,angry,0.7086225790919206,0.0,2394,0.12600806296516048,0.6891234229268733
14,anxious,0.5946124843042077,6.706297298915648e-229,2394,-0.0014570112010512306,0.5855317468391167
14,afraid,0.06890998587501913,0.0007410759557906389,2394,-0.10102138400649054,0.054368006382870426
14,nervous,0.5185597696034249,6.463212505688502e-165,2394,-0.07056295275178545,0.5314966920299024
14,stressed,0.6341247634841048,1.7598277731019287e-269,2394,0.08409854118341155,0.6189918732435995
14,calm,0.0038031980743591914,0.8524539071048512,2394,-0.3129363549299444,0.06796255355437622
14,self-confident,0.4304351247047835,1.4041203074926197e-108,2394,-0.24330548987989448,0.4588687644837014
14,content,0.008323571115637718,0.6839680607697775,2394,-0.23202663038338023,0.053800977084533894
14,happy,0.45234598442807716,4.422554296866858e-121,2394,-0.1685259717446227,0.4781746463300071
14,hopeful,0.36968725492725313,2.0503837154714747e-78,2394,-0.09738627150568674,0.3909530385510517
14,clinical_depression,0.06094685400799519,0.0028519993916930947,2394,0.2437847487095363,0.05462929906323699
14,acute_grief,0.7467698724353962,0.0,2394,0.293664897615463,0.7245670006317741
14,burnout_exhaustion,-0.681139216979754,0.0,2394,-0.08447828896955578,-0.6643077579209047
14,physical_illness_fatigue,-0.6767205790471998,0.0,2394,-0.116720389069904,-0.6408601788219362
14,anxiety_panic,0.5493955931409975,7.009397433199711e-189,2394,-0.01015822000053946,0.5251693583130475
14,frustration_blocked_goal,0.02485561984664338,0.2240987172196069,2394,-0.22361079151141858,0.027267547824107202
16,depressed,-0.5830570204413049,4.5292584932634555e-218,2394,0.1789571832094226,-0.5920710319337598
16,sad,-0.7130030799389114,0.0,2394,-0.2375602936802789,-0.6878020645181465
16,gloomy,-0.7330840265332514,0.0,2394,-0.2461321683679002,-0.7154960597099668
16,melancholy,-0.7029590290555677,0.0,2394,-0.1592471945531571,-0.6895786770395163
16,miserable,-0.6616013218014499,2.1799546073104158e-301,2394,-0.0626403358382628,-0.6697973734156436
16,dispirited,-0.7292407128334568,0.0,2394,-0.2195683757299286,-0.7110904943492439
16,listless,-0.6867323762476282,0.0,2394,-0.0382365890554513,-0.6795544839996647
16,weary,-0.679010973727621,0.0,2394,-0.05351376097676548,-0.6744401519932841
16,worn out,-0.4826810138254719,5.706988850745444e-140,2394,0.23843423722377993,-0.484099821314357
16,tired,-0.7173075541672014,0.0,2394,-0.18554045008583214,-0.6982701274680136
16,resigned,-0.6893208294717363,0.0,2394,-0.17276111217377693,-0.6731362420260947
16,lonely,-0.6840430864169509,0.0,2394,-0.056525541384521136,-0.6660981637233117
16,heartbroken,0.036853996218777337,0.07140672449091731,2394,0.30057208038573696,0.012983702933051063
16,grief-stricken,0.4920375879198417,3.428574024708526e-146,2394,0.3131547692107951,0.466600081296958
16,worthless,-0.6671985858809081,2.620225469070448e-308,2394,-0.013078635142178135,-0.6600067770955601
16,self-critical,0.18305795178008305,1.7409074031209383e-19,2394,0.16017797271725442,0.14088010078947247
16,ashamed,0.6337435358890826,4.628824233947121e-269,2394,-0.003896673220113875,0.628830901570836
16,guilty,0.724675280149737,0.0,2394,0.2695586849500379,0.6922016657176132
16,humiliated,0.7114598931985983,0.0,2394,0.20715608016103473,0.6819975663906306
16,embarrassed,0.6575615784635438,1.7406871870486556e-296,2394,0.12450858746604113,0.6414855588799324
16,regretful,0.693772353815154,0.0,2394,0.22265116324588624,0.6591739238298714
16,sorry,0.6980317157094288,0.0,2394,0.2527523620835108,0.6705852005868391
16,desperate,0.7203378753503585,0.0,2394,0.2680327814173239,0.679261637272278
16,panicked,0.6901075368269589,0.0,2394,0.12430493155532041,0.6735086275257353
16,hysterical,0.6848179092347394,0.0,2394,0.0898447744947043,0.6697413397136202
16,overwhelmed,-0.42143072691307504,1.05658650543394e-103,2394,-0.09096823691451286,-0.4085915824979182
16,distressed,0.6564823502897499,3.447868350710457e-295,2394,0.030564811175756705,0.641931930059901
16,tormented,-0.06008995654097096,0.0032690638898038365,2394,0.006767043527661609,-0.07357467656171288
16,trapped,-0.707287657506156,0.0,2394,-0.16010077160873648,-0.6959956961275499
16,stuck,-0.7120838602466921,0.0,2394,-0.16293120709427733,-0.6977340506831653
16,frustrated,0.66097872569025,1.2559005955787006e-300,2394,0.03443881434491172,0.641755530004048
16,exasperated,0.6215168200327612,6.738319400915536e-256,2394,0.05442676932869023,0.5864336779780706
16,angry,0.7056835083892694,0.0,2394,0.11941621248286854,0.6865034158318183
16,anxious,0.5201030733284209,4.667234867836874e-166,2394,0.03352086477642027,0.513695919765837
16,afraid,0.5997899816436884,6.75932705937382e-234,2394,0.03455747148408814,0.5741551035330431
16,nervous,0.3961974877316766,8.325070142716906e-91,2394,-0.05995246092482103,0.410223027686942
16,stressed,0.5858704854656426,1.1466483491069676e-220,2394,0.08420392381216302,0.5737580263706211
16,calm,0.16879626332195477,9.224612540677223e-17,2394,-0.27426027635774775,0.21930911067010414
16,self-confident,0.5240816094576948,5.004104829749469e-169,2394,-0.14183939804270645,0.5394011397154217
16,content,-0.14039934057810646,5.194882962572437e-12,2394,-0.23309413877762608,-0.0861962908251783
16,happy,0.41583658840501797,9.539331453842009e-101,2394,-0.18896464901785562,0.4393065012693194
16,hopeful,0.1710883617445374,3.487898765745094e-17,2394,-0.1315910205234043,0.19920038055587286
16,clinical_depression,-0.12937698934700592,2.1028161265260463e-10,2394,0.17225409537076913,-0.14444697815666313
16,acute_grief,0.7518649134238071,0.0,2394,0.3270831490226687,0.7316611807484094
16,burnout_exhaustion,-0.6517555832046344,1.428233527044161e-289,2394,-0.06413323808837285,-0.6378491838806113
16,physical_illness_fatigue,-0.6952718688102433,0.0,2394,-0.13899625219713602,-0.6651432535851295
16,anxiety_panic,0.36266780207454075,2.5340578655661577e-75,2394,-0.07336795101210264,0.3352372646461514
16,frustration_blocked_goal,0.058901198336121584,0.003939744831738608,2394,-0.1850137833154506,0.06687653960446661
18,depressed,-0.6705733581268083,0.0,2394,-0.025704429361088372,-0.6571963186250762
18,sad,-0.7074346501205999,0.0,2394,-0.16596951599390203,-0.6923146682920132
18,gloomy,-0.7168426584581787,0.0,2394,-0.2022756585302139,-0.699109164558661
18,melancholy,-0.7142415264989842,0.0,2394,-0.1879087913485244,-0.6994447312256749
18,miserable,-0.6968295853574459,0.0,2394,-0.14535622332707843,-0.6850950856547116
18,dispirited,-0.7252068939257318,0.0,2394,-0.22383528490329593,-0.7079288513134844
18,listless,-0.7147676556170909,0.0,2394,-0.1853319552737136,-0.6999004613530496
18,weary,-0.7250841096496364,0.0,2394,-0.22198964583892614,-0.7030299020296934
18,worn out,-0.6553091660304913,8.734083687421224e-294,2394,-0.03285031158034648,-0.6199946062119498
18,tired,-0.7109510263004224,0.0,2394,-0.1683910682589312,-0.6849794508354143
18,resigned,-0.7220493245606096,0.0,2394,-0.22466376731164048,-0.7105930068261206
18,lonely,-0.7064689333059814,0.0,2394,-0.14133067841964853,-0.6908648693202404
18,heartbroken,0.2214926026865345,5.437438113217671e-28,2394,0.2912063940827057,0.2130817035682937
18,grief-stricken,0.7201436760028818,0.0,2394,0.28706817537370277,0.7029352969813448
18,worthless,-0.7130028863453636,0.0,2394,-0.17714501731907153,-0.6989795494415344
18,self-critical,0.23979750109323128,1.1713440839993506e-32,2394,0.10279749113470907,0.2113068872399945
18,ashamed,0.6853658107367387,0.0,2394,0.08209390722659725,0.6707679529553575
18,guilty,0.7217734591060873,0.0,2394,0.21244356455860902,0.7002146476345549
18,humiliated,0.7274755713811228,0.0,2394,0.22413576211295477,0.705120560551181
18,embarrassed,0.7182631251473338,0.0,2394,0.20512740244284242,0.700206078669196
18,regretful,0.7023750391372481,0.0,2394,0.16860007007087097,0.6771897808171525
18,sorry,0.7143293403235531,0.0,2394,0.21885820141066478,0.6888328455448942
18,desperate,0.7217812979256416,0.0,2394,0.21333941914727714,0.6937710674484285
18,panicked,0.716566018951277,0.0,2394,0.1930570005387658,0.7019009078784978
18,hysterical,0.7152433089757061,0.0,2394,0.19243207303539478,0.6982617305300854
18,overwhelmed,-0.27135331399922047,1.1207196314635784e-41,2394,-0.003457213691623849,-0.24576592968483735
18,distressed,0.7134998226187397,0.0,2394,0.18266924789367386,0.7006356941595507
18,tormented,0.7103973719425668,0.0,2394,0.12921567826023567,0.6910832666354207
18,trapped,-0.718723462423405,0.0,2394,-0.21338933306196595,-0.7043295982714166
18,stuck,-0.7206922789122971,0.0,2394,-0.20625657953016602,-0.7055766911342009
18,frustrated,0.7108506745469013,0.0,2394,0.1614734348515677,0.6891315935367435
18,exasperated,0.7041204284754765,0.0,2394,0.1472198002657518,0.6737938797335832
18,angry,0.7134936050897521,0.0,2394,0.16651798968340734,0.6959519186388728
18,anxious,0.6548121911980311,3.419261578012629e-293,2394,0.08446912835847645,0.6446218920804445
18,afraid,0.713594525588348,0.0,2394,0.1718359852695142,0.6973543918137657
18,nervous,0.6529344199234152,5.7987459735411914e-291,2394,0.07719315922452041,0.6488298611259378
18,stressed,0.6992436631161788,0.0,2394,0.1599425623880681,0.6876080502959121
18,calm,-0.43133433042618324,4.489891569393896e-109,2394,-0.20848652315884036,-0.374247238220987
18,self-confident,0.5399203809639505,2.991808792305418e-181,2394,-0.0466966109524317,0.5321048488401608
18,content,-0.19991462236996485,5.2757491996341263e-23,2394,-0.10588559667608508,-0.14948807786121715
18,happy,0.6696332610928256,0.0,2394,0.0815507938071041,0.664556962273474
18,hopeful,-0.16449932236858195,5.507663953264942e-16,2394,-0.014450617019264062,-0.14392302480623456
18,clinical_depression,-0.0366189506309225,0.07323296521571482,2394,0.06686593693133067,-0.019878439666615347
18,acute_grief,0.737863328779329,0.0,2394,0.2883078416047352,0.7217191630369016
18,burnout_exhaustion,-0.6946541977452773,0.0,2394,-0.12954989908938866,-0.6780887564550206
18,physical_illness_fatigue,-0.3664687044943217,5.4847912033123744e-77,2394,0.0853195402811242,-0.3130698163014514
18,anxiety_panic,0.631930616417729,4.515518392183733e-267,2394,-0.05228150363249248,0.6016980353433725
18,frustration_blocked_goal,-0.23134409232219072,1.8807871371396565e-30,2394,-0.2424897096453838,-0.23667183139552925
20,depressed,-0.7111304707507154,0.0,2394,-0.1538397031757928,-0.6885638328681908
20,sad,-0.7232414145318394,0.0,2394,-0.2289565498307335,-0.7059066149073736
20,gloomy,-0.729018744980838,0.0,2394,-0.2526869099896536,-0.7089735717845195
20,melancholy,-0.7265185113213948,0.0,2394,-0.23898141869743367,-0.70675579263157
20,miserable,-0.7227390839085095,0.0,2394,-0.2375287350495971,-0.7081685277533941
20,dispirited,-0.7277127443251257,0.0,2394,-0.22835456924868702,-0.7080596464440554
20,listless,-0.7206821532292933,0.0,2394,-0.20111007588037075,-0.702773655369957
20,weary,-0.7321829469283695,0.0,2394,-0.25300528451487647,-0.7124428785823517
20,worn out,-0.7046499710358747,0.0,2394,-0.12140576365759759,-0.6825791701871834
20,tired,-0.7226818794398042,0.0,2394,-0.2074523145781203,-0.7015611774042523
20,resigned,-0.7233336775390503,0.0,2394,-0.21700371359836973,-0.7058571920697443
20,lonely,-0.7156324068899845,0.0,2394,-0.2009515243243654,-0.6942794755074709
20,heartbroken,0.6115086219120871,1.5002862006977762e-245,2394,0.12711685427539984,0.5920064641511791
20,grief-stricken,0.7167885039869313,0.0,2394,0.2779453420139865,0.6999619283239804
20,worthless,-0.7136023201936821,0.0,2394,-0.16901708126944204,-0.6937816166876397
20,self-critical,0.5649353299728568,6.140213288455849e-202,2394,0.18631863687322486,0.5486938751841764
20,ashamed,0.7048211908643489,0.0,2394,0.1674945346955793,0.6866077949132183
20,guilty,0.7293733310449927,0.0,2394,0.2373771470817407,0.7078831118161224
20,humiliated,0.7115991882931572,0.0,2394,0.15049780106850055,0.689080175974276
20,embarrassed,0.7146894615869516,0.0,2394,0.18019698385464514,0.6953800113972441
20,regretful,0.712522136313566,0.0,2394,0.2116291746657728,0.691611569445615
20,sorry,0.7319700833891855,0.0,2394,0.24012018071337335,0.7099662709310498
20,desperate,0.7273860198326451,0.0,2394,0.2335709453212272,0.6933664505790406
20,panicked,0.7141747075628208,0.0,2394,0.19030959414037557,0.694652240789229
20,hysterical,0.6971555080942253,0.0,2394,0.13679628512819786,0.6747088836483554
20,overwhelmed,-0.5129701956349203,7.860790361566262e-161,2394,-0.12965910243038678,-0.4893760787331305
20,distressed,0.7022243738101511,0.0,2394,0.13514679711237848,0.6802315505133751
20,tormented,0.6488589420757759,3.5285374741049647e-286,2394,-0.027720529333953112,0.6211689937059384
20,trapped,-0.7318058912601655,0.0,2394,-0.26776083479775264,-0.7142056566859295
20,stuck,-0.7302111726287648,0.0,2394,-0.2604946794082462,-0.7119836103459083
20,frustrated,0.7228750952508001,0.0,2394,0.19446295513931824,0.695505266187131
20,exasperated,0.7189020277980518,0.0,2394,0.18771421953526715,0.6891253978361486
20,angry,0.718262589155567,0.0,2394,0.18277121540948138,0.6938556908714159
20,anxious,0.650839639030249,1.7047507749013577e-288,2394,0.15692990908174664,0.6317465619172244
20,afraid,0.710372815058683,0.0,2394,0.1293342821238196,0.6820030346009652
20,nervous,0.65487461002227,2.8810481471654274e-293,2394,0.1527113002107831,0.6411942254865375
20,stressed,0.6817133853169796,0.0,2394,0.18850388641264887,0.6631113185299663
20,calm,-0.5918077851712762,3.1288617524797864e-226,2394,-0.16050448655866278,-0.5492094934008996
20,self-confident,0.6657375719660839,1.734527010210385e-306,2394,0.06967097590331059,0.6581250125335858
20,content,-0.5895140747594689,4.55624967022678e-224,2394,-0.14731889348745336,-0.5390915062102812
20,happy,0.5864543816540008,3.291130353378376e-221,2394,0.058825407127924445,0.5799406009108011
20,hopeful,0.6641442760093508,1.6335147641083012e-304,2394,0.13792471433951461,0.6646060100881604
20,clinical_depression,-0.47518832511390163,3.988136149721241e-135,2394,0.0004558785013540276,-0.42663842248021017
20,acute_grief,0.7366442406886443,0.0,2394,0.26060230985533234,0.7193653446498041
20,burnout_exhaustion,-0.6972756736502189,0.0,2394,-0.1526573110692439,-0.6753241662669652
20,physical_illness_fatigue,-0.4409579132267046,1.8111162543306373e-114,2394,0.09524050136828816,-0.4087915837928739
20,anxiety_panic,0.6367998513135099,1.912461400101411e-272,2394,-0.03643542622875699,0.5964353552611231
20,frustration_blocked_goal,-0.5263978926641398,8.954949193987773e-171,2394,-0.20640190385930615,-0.5226088084365859
22,depressed,-0.06390350468064557,0.0017583946001719375,2394,0.11784400818275863,-0.045246473217530225
22,sad,-0.6001819124445614,2.8050193684829124e-234,2394,0.03921825094773435,-0.5919967785115338
22,gloomy,-0.635338054650876,8.032201591215607e-271,2394,-0.1404038147895909,-0.6206712632297045
22,melancholy,-0.34438269765262663,1.2630678009590826e-67,2394,0.08961740604537963,-0.33617892977682723
22,miserable,-0.6401000511205209,3.840159774974566e-276,2394,-0.11979590342528279,-0.6391636472905898
22,dispirited,-0.5844506915342894,2.360276247228272e-219,2394,-0.08354399307313673,-0.5589956749328077
22,listless,-0.4135340946831243,1.5128655162299805e-99,2394,0.05790925400366938,-0.40033582744305485
22,weary,-0.6072712649302097,2.7946340632523804e-241,2394,-0.05741036062600742,-0.5961687973714658
22,worn out,-0.584623662575426,1.6341231209639078e-219,2394,-0.032628662683859215,-0.5651829143741584
22,tired,-0.6099496771436695,5.6847882240642374e-244,2394,-0.05747611047455272,-0.5900757420630027
22,resigned,0.39013983058327556,7.139086413052101e-88,2394,0.14840314177070837,0.36292978625515543
22,lonely,0.18532816082235548,6.107967861278196e-20,2394,0.20865704998841839,0.20774570517981739
22,heartbroken,0.2299556274610405,4.2490611024129134e-30,2394,0.19048267449321182,0.2179175044907822
22,grief-stricken,-0.016739469107723965,0.4129764067449335,2394,0.21549748596290366,-0.022979213789605435
22,worthless,0.1810736837473512,4.300904510547403e-19,2394,0.03207324265616867,0.20898231299688788
22,self-critical,0.5993013662636539,2.0200257584875422e-233,2394,-0.028483535952297787,0.5930801770165859
22,ashamed,-0.15902971395077806,5.001149593063919e-15,2394,-0.1476762237310312,-0.14679441572788163
22,guilty,0.3861700897102145,5.530092678224273e-86,2394,0.055966734315258546,0.3648730726325024
22,humiliated,0.49583098148187327,9.061607666503944e-149,2394,-0.035838004949979865,0.4636342037887503
22,embarrassed,0.1364218570399122,2.0447475653903678e-11,2394,-0.10324952213137445,0.11986777020529735
22,regretful,0.6553900397244924,6.992898035268694e-294,2394,0.11365152793208703,0.6286416631135702
22,sorry,0.4470466444755206,5.675287497907965e-118,2394,0.09626692093161263,0.41765400314384393
22,desperate,0.4531611237063406,1.4542970713833336e-121,2394,-0.10370994093389782,0.4289422020318819
22,panicked,0.3502512055683771,4.855944276551646e-70,2394,-0.10822968002398467,0.3339434048357253
22,hysterical,0.5427009934401269,1.8281527414467891e-183,2394,0.03345929883331814,0.512203834543919
22,overwhelmed,0.3032028162331881,4.3512027454172365e-52,2394,-0.031492199300945586,0.2982805334619819
22,distressed,-0.28718461019368263,1.105028628799882e-46,2394,-0.1194506521042705,-0.28717417291384695
22,tormented,0.48480556515600237,2.294535354855687e-141,2394,-0.03606415727020365,0.458495055098495
22,trapped,0.048916158017332095,0.016684929626666838,2394,0.10783981950620201,0.06271362283489226
22,stuck,0.08807256524352097,1.5931608373455817e-05,2394,0.10131336437653506,0.1093617381762684
22,frustrated,0.4857225775158691,5.691379316553319e-142,2394,-0.09241153242414599,0.45468738658662894
22,exasperated,0.5316038442110593,9.443899508155576e-175,2394,0.04459442763197097,0.48998243817389825
22,angry,0.5882605712887571,6.815222371362886e-223,2394,0.0387946340570112,0.5387063385111455
22,anxious,-0.3675121280802527,1.897673443896247e-77,2394,-0.2154859174198075,-0.34834540886637083
22,afraid,-0.6391442167575254,4.56932861694549e-275,2394,-0.13971631315858868,-0.6202434118603817
22,nervous,-0.37229903420254545,1.3853555420762525e-79,2394,-0.15047508347743707,-0.3424018640083554
22,stressed,0.12206349560765321,2.0767948435706602e-09,2394,-0.14581666144624966,0.11458466348380189
22,calm,-0.4484896168940574,8.185842256660795e-119,2394,0.13039678022016102,-0.43886297392833995
22,self-confident,0.6515601051845823,2.4262417138992106e-289,2394,0.09946772771641083,0.6206934912213254
22,content,-0.6205730902434748,6.61221855260477e-255,2394,-0.04252890987464286,-0.5933838348167251
22,happy,-0.6449964405565413,1.0335129364340132e-281,2394,-0.0971783834497468,-0.6092611248564449
22,hopeful,0.32462913564234097,7.194535905875904e-60,2394,0.07963333058765551,0.34271578233014083
22,clinical_depression,-0.44910729906344127,3.5633073528154e-119,2394,-0.12056928339007189,-0.40267268846112747
22,acute_grief,0.4596814335244746,1.783696036024973e-125,2394,0.29150505873538507,0.43383123739803886
22,burnout_exhaustion,0.2658133989647338,5.299682370443955e-40,2394,0.20404307550339118,0.2720372361816742
22,physical_illness_fatigue,-0.5801490974828649,2.057004338264126e-215,2394,-0.056817873060229764,-0.5681459696770349
22,anxiety_panic,-0.6221594045451326,1.4167457811535288e-256,2394,-0.2924628717047062,-0.6068403158419889
22,frustration_blocked_goal,0.3802947404328913,3.09825803494098e-83,2394,-0.08291235019498566,0.359754373065782
24,depressed,-0.21042329049354747,2.302415940632441e-25,2394,0.10608424991995971,-0.1916495172113385
24,sad,-0.5927926576740901,3.6407588299489827e-227,2394,-0.10630558387915187,-0.5509282230444574
24,gloomy,-0.5431342280014059,8.226159817379082e-184,2394,-0.17696542418460762,-0.51932045186681
24,melancholy,-0.41004033895114184,9.620658080633958e-98,2394,0.01866955996503767,-0.38526174623541937
24,miserable,-0.5028033783073402,1.3591211397624283e-153,2394,-0.021597696689133528,-0.48184819000644996
24,dispirited,-0.42635410624160497,2.3765172627369203e-106,2394,-0.03471452037738472,-0.39438336193563295
24,listless,-0.4083366805857848,7.158681407449078e-97,2394,0.0632335944868978,-0.3915046902863357
24,weary,-0.47089075018902615,2.1153456477250245e-132,2394,-0.09766843067600386,-0.47686340564394664
24,worn out,-0.3635617861826742,1.0335044789247817e-75,2394,0.004754169051379667,-0.36548507119027995
24,tired,-0.32442792588444513,8.572137553960803e-60,2394,-0.07719463488429928,-0.33797802080115186
24,resigned,-0.5751135255769257,7.1084617338674205e-211,2394,0.0591308032267002,-0.5672242085763094
24,lonely,0.2481314002087691,6.429976346971882e-35,2394,0.20110356062719073,0.27542314274446417
24,heartbroken,-0.4579747607132766,1.920138262783371e-124,2394,0.08102825988672681,-0.4169487226550844
24,grief-stricken,-0.08463793930413097,3.3761386389935426e-05,2394,0.22910128201420582,-0.04885210968182419
24,worthless,-0.1545854273501372,2.8392652234459762e-14,2394,0.10004536754223688,-0.11527873678577173
24,self-critical,0.0995768124310696,1.051547391640831e-06,2394,-0.01388854959863695,0.11350314502080253
24,ashamed,0.11244962499606048,3.455720436778618e-08,2394,-0.03155966188469627,0.147168945867087
24,guilty,-0.35768042179591736,3.58141186849565e-73,2394,0.057233170720091486,-0.34314618517424644
24,humiliated,-0.3090768263219748,3.7071494008219736e-54,2394,-0.07360228082946774,-0.3073329330407287
24,embarrassed,0.07206193192250836,0.00041771628426602424,2394,-0.14016442085738046,0.07244646141634128
24,regretful,0.0467619746364115,0.022134557514226435,2394,0.10090603389515831,0.04359124119093807
24,sorry,0.5134976132737121,3.260336618002113e-161,2394,0.07848848486845177,0.5007163880588592
24,desperate,0.47780975312877816,8.309987026746549e-137,2394,-0.058920449550072446,0.4520636972128585
24,panicked,0.49294069186313066,8.400956224268618e-147,2394,-0.03719289982968532,0.46211736000387627
24,hysterical,0.4980608648755788,2.6704319762854397e-150,2394,-0.07962316835876593,0.47230432370255615
24,overwhelmed,-0.0853945924662422,2.8681201200775467e-05,2394,0.007580582220382215,-0.08997073565692713
24,distressed,0.29953924642540325,8.042561514226743e-51,2394,-0.0045193520130554395,0.27436495111295517
24,tormented,0.013907145601328016,0.49641990089347093,2394,0.04499451276927895,0.0064306561889358035
24,trapped,-0.006729967511981165,0.7420656702137003,2394,0.09996600461504665,0.017778427819066963
24,stuck,-0.13472175275272227,3.628959159158718e-11,2394,0.14752835147820983,-0.1064261425541396
24,frustrated,0.4804285523844184,1.6804566107527723e-138,2394,-0.038580927249466046,0.4524646111786627
24,exasperated,0.25068712317954095,1.2523318894590958e-35,2394,-0.05902363376830895,0.21011695374039968
24,angry,-0.030739867003186566,0.13267769776924102,2394,0.022871059133175713,-0.039556145327812424
24,anxious,0.47506956450123394,4.7488342020775325e-135,2394,-0.061205344971212355,0.45202838248381727
24,afraid,0.4365966738777926,5.298653104278974e-112,2394,-0.02054945402853014,0.4133199138061138
24,nervous,0.5171247480460582,7.353378911294892e-164,2394,0.014266251816960127,0.5049181095424965
24,stressed,0.474758314475147,7.501493388159635e-135,2394,0.05910109501363503,0.4499108240222733
24,calm,-0.03658879165333524,0.0734700322891074,2394,-0.026357035147201672,-0.06263398864597701
24,self-confident,0.037868693280249575,0.06394604294086907,2394,-0.09385730666694382,-0.011789219538618011
24,content,-0.4710159336217021,1.76427328610217e-132,2394,-0.0044100904770081675,-0.45800105337679764
24,happy,-0.4817203298434644,2.422675052729023e-139,2394,-0.1513346160961665,-0.4688427006741801
24,hopeful,0.365429973253267,1.5715528078585883e-76,2394,0.035683115171624376,0.373264205175619
24,clinical_depression,-0.23688010591979144,6.91448772586472e-32,2394,0.033268517631063865,-0.21468507056021527
24,acute_grief,-0.038669307392743275,0.05852411981770243,2394,-0.0691805561569768,-0.00897164700529074
24,burnout_exhaustion,-0.15074759385193656,1.2216619179314447e-13,2394,0.19026435879994072,-0.1361145951543961
24,physical_illness_fatigue,-0.3174849828568613,3.335937854910215e-57,2394,0.010594498195153432,-0.3130305883885039
24,anxiety_panic,-0.35563456503761814,2.6607871668415996e-72,2394,-0.19825602632405717,-0.3773853028360132
24,frustration_blocked_goal,0.5581190357938872,3.9891026999569187e-196,2394,0.0023180051465401252,0.5261731410743893
26,depressed,0.4965115930450895,3.0990359381462976e-149,2394,0.10571963573048125,0.4942809650843849
26,sad,0.008748655044482422,0.6687651629200445,2394,-0.22816328105884448,0.053195713965603686
26,gloomy,-0.1576946227536796,8.470447022645973e-15,2394,-0.1757506442243172,-0.14701902606098802
26,melancholy,0.21522574938098446,1.7394217294290106e-26,2394,-0.09606814172640339,0.2245086910420691
26,miserable,-0.4507681968447146,3.774694702585853e-120,2394,-0.14933968238585532,-0.4212976221947259
26,dispirited,-0.5395388606576094,5.999064451244228e-181,2394,-0.12415981516034574,-0.5075205223129384
26,listless,0.13888651864948928,8.788620260705967e-12,2394,0.1523928342057082,0.1454103493491464
26,weary,-0.5938386273111594,3.677059817386592e-228,2394,-0.08801806208318702,-0.58627414235186
26,worn out,-0.4033367857526508,2.4196930457481385e-94,2394,0.08345727101787315,-0.40154343299924233
26,tired,-0.4497275902354654,1.54300096773203e-119,2394,-0.046605518726121724,-0.4313195504769454
26,resigned,-0.017716954143596766,0.3862272066065848,2394,0.06230584395903891,-0.013499494238702418
26,lonely,0.6793451440970364,0.0,2394,0.19535639086790024,0.6842974162508589
26,heartbroken,0.5131964959192524,5.38958757463341e-161,2394,0.07870809458804717,0.5176858628189914
26,grief-stricken,0.6861792235849691,0.0,2394,0.1666017874616495,0.6693820798056881
26,worthless,0.35802223806689243,2.5580600083863806e-73,2394,-0.01678636590809031,0.34714479364504036
26,self-critical,0.5523515627065628,2.5987516459198043e-191,2394,0.0037546316912840313,0.5377559980483412
26,ashamed,-0.41470734379498236,3.7099160619176005e-100,2394,-0.23201145090201797,-0.383346606434947
26,guilty,0.28059568879048835,1.4685247130686783e-44,2394,-0.06411049280747264,0.2766983150563625
26,humiliated,0.36828284953755475,8.642735260477182e-78,2394,0.05688063568724423,0.3691587419193696
26,embarrassed,0.48462835165703316,3.002556720940502e-141,2394,0.035095504353829826,0.47407632076919337
26,regretful,0.41603506427288034,7.509525502038147e-101,2394,0.00832327023241637,0.4100686124390805
26,sorry,0.461753427994919,9.783354269005574e-127,2394,-0.057094996604871794,0.4354338108299331
26,desperate,0.554983876656048,1.6958375944122642e-193,2394,0.07865001093794544,0.509994833908758
26,panicked,0.008529603473076507,0.6765829618720015,2394,0.1195639261184317,0.0013277008368851343
26,hysterical,-0.09176756194818077,6.885496780693755e-06,2394,0.13614841051504928,-0.09084411631420386
26,overwhelmed,-0.1532701757643714,4.701276354121797e-14,2394,0.04643162593252831,-0.12216490242679653
26,distressed,-0.35374623237838687,1.6719391238440948e-71,2394,-0.034939798394273955,-0.3285024942862858
26,tormented,-0.04320512790831626,0.0345284286681671,2394,-0.019154914026040686,-0.033843101641651455
26,trapped,-0.2039543939541,6.765316103957202e-24,2394,-0.03921605394242582,-0.1674828542302067
26,stuck,0.03930772068546976,0.05447913500028995,2394,0.050012329395834984,0.05795854901653585
26,frustrated,0.13978159575775517,6.443429791507363e-12,2394,0.020982674864780212,0.11948578655449471
26,exasperated,0.25668014363568775,2.5093981299491587e-37,2394,0.06796415748314599,0.2263842707240264
26,angry,-0.4918351246024887,4.696686388766601e-146,2394,-0.0019985073140358738,-0.5030930069434717
26,anxious,-0.006081108866552249,0.7661710616450105,2394,0.0160600349081492,0.0004246281946702067
26,afraid,0.028453876367516305,0.16399486945566108,2394,0.005608910941828128,0.026157949241365656
26,nervous,-0.48475622198486423,2.4729900491573436e-141,2394,-0.08436633783757588,-0.45343406171498934
26,stressed,-0.2156504422391969,1.3800325201226998e-26,2394,0.00747961731784532,-0.22238790224557026
26,calm,-0.10765118426030258,1.2931694668493465e-07,2394,0.0035551955406825132,-0.1163988324198832
26,self-confident,-0.5570419135327789,3.2143819722325266e-195,2394,-0.009674248404167704,-0.5777161607257052
26,content,-0.46011972555111286,9.668083400066676e-126,2394,-0.16286060951469217,-0.45887785669652364
26,happy,-0.6773527139697342,0.0,2394,-0.2198702919583752,-0.68482983050295
26,hopeful,0.3971415478762435,2.868775638784907e-91,2394,0.0785694489884597,0.36882881070461093
26,clinical_depression,-0.12044477357775862,3.3872074792063e-09,2394,-0.059086982396196155,-0.0882149116821899
26,acute_grief,-0.09211890190387592,6.3469612602976305e-06,2394,-0.0775159546812207,-0.05494966134962281
26,burnout_exhaustion,-0.33409802112099934,1.6235682652515446e-63,2394,0.13928209067409986,-0.34325883930876644
26,physical_illness_fatigue,-0.42233260875738937,3.484458274669939e-104,2394,0.1240905149389016,-0.4141757030574674
26,anxiety_panic,-0.16259077913813816,1.1996465371841834e-15,2394,-0.11115586667997529,-0.16996583343781396
26,frustration_blocked_goal,0.23268799863997355,8.501911473790573e-31,2394,-0.05203373161910007,0.21717070899480834
28,depressed,-0.29170577619388627,3.571847015074294e-48,2394,-0.07748633410146026,-0.2726564607914885
28,sad,0.5134892970335083,3.3059340948569613e-161,2394,0.007916384985914057,0.5292267373051122
28,gloomy,-0.44846247424559765,8.490217796296834e-119,2394,-0.023191219119845202,-0.42803285024763094
28,melancholy,-0.33174084996819153,1.3500952306085275e-62,2394,-0.0030684446083138403,-0.3100132980765617
28,miserable,-0.07988712929358259,9.116691157653331e-05,2394,0.13581787991741612,-0.06056267273558151
28,dispirited,-0.4722975839994589,2.7399863758655954e-133,2394,-0.093224254760335,-0.4512857463624174
28,listless,-0.39147784936087826,1.6256463169021905e-88,2394,0.04299948716346416,-0.38134941054444976
28,weary,-0.5763130529461268,5.995272546954518e-212,2394,-0.0035501418974995466,-0.5511669806958663
28,worn out,-0.4705255851346353,3.59006127645685e-132,2394,0.028371201944794748,-0.45929572734033464
28,tired,-0.5285293701126951,2.148732883598172e-172,2394,-0.02544276154504216,-0.5056767830010297
28,resigned,-0.541223503041763,2.7604158215254578e-182,2394,-0.01307905357488913,-0.5152020749817597
28,lonely,0.5433807448542031,5.219483223091512e-184,2394,0.12543268717148787,0.5237617767147463
28,heartbroken,0.639896668296234,6.509028403346816e-276,2394,0.07955649536067408,0.6233752620795393
28,grief-stricken,0.6131654603765472,3.081839958080016e-247,2394,0.2161625923383111,0.6076229177880168
28,worthless,-0.21416179566081525,3.0994205375531144e-26,2394,-0.003166114783754913,-0.21836552024730163
28,self-critical,0.38097047145729473,1.5062176558578407e-83,2394,-0.0020293182791813746,0.35180195145025706
28,ashamed,-0.005407353965040372,0.7914427583184814,2394,-0.1410196461690698,-0.004164643064575819
28,guilty,-0.46663209787014265,9.708950313001038e-130,2394,-0.01964432586477363,-0.461274994273408
28,humiliated,0.35203541897285334,8.743806300257389e-71,2394,0.003363985474802572,0.30951310856514086
28,embarrassed,0.31271769049514325,1.829286830535117e-55,2394,-0.08765090242121326,0.2827898864258435
28,regretful,0.005889251997414862,0.773343381574967,2394,0.1570266081390527,-0.0038830675532010917
28,sorry,0.1520581477884163,7.453412510018317e-14,2394,-0.013286074856789032,0.11219785430221585
28,desperate,-0.007125628272146299,0.7274881574364367,2394,0.20171459360755134,-0.0011792962150702975
28,panicked,0.3919101945239744,1.0063375822337313e-88,2394,0.05078617160286619,0.388360697864233
28,hysterical,0.5991564912356306,2.793647513565772e-233,2394,0.1409135381478654,0.584002295674929
28,overwhelmed,0.6090955169150266,4.1293621584351726e-243,2394,0.1588044799654469,0.6108137462010708
28,distressed,0.4913264043665279,1.0346906547478083e-145,2394,0.08173453774700365,0.5013598372103721
28,tormented,0.48979454257068866,1.1071739508507172e-144,2394,0.1095952637991225,0.4729336004459807
28,trapped,-0.6267589051861501,1.8074238593843547e-261,2394,-0.07086339662949435,-0.5921402752572887
28,stuck,-0.4568990543494011,8.52694235493574e-124,2394,0.0737053546634531,-0.4384091049875333
28,frustrated,0.33508119676965953,6.674041108815082e-64,2394,0.02675848551433244,0.3473333754478026
28,exasperated,0.2194326304736854,1.7189775028469657e-27,2394,0.009587969167225235,0.21940818729171743
28,angry,0.27398323258763335,1.7401113193761363e-42,2394,-0.03727403460199062,0.26782459280667475
28,anxious,0.26866175165581785,7.380928426084162e-41,2394,0.0033924540083426456,0.27921784230134344
28,afraid,0.09500385844865272,3.216214028172957e-06,2394,-0.08789659211544075,0.10619373299325592
28,nervous,0.14951866224258945,1.9340725323398083e-13,2394,-0.01712012665795007,0.17089215804284005
28,stressed,0.5785971802884942,5.253091644144118e-214,2394,0.1553063012679109,0.5646992303852557
28,calm,-0.35033813769884875,4.4679425757558975e-70,2394,-0.06289227675071518,-0.3300694403791253
28,self-confident,-0.6766107348779304,0.0,2394,-0.2230382275940053,-0.6854027524036037
28,content,-0.2370037992261155,6.416221458846147e-32,2394,0.0002752804198317034,-0.23779325592257336
28,happy,0.18809135604938423,1.6761231111290433e-20,2394,-0.04173870957072372,0.15142053309640277
28,hopeful,0.0594979092596399,0.0035888785218826905,2394,-0.09349023770571642,0.02381994955808798
28,clinical_depression,0.2857456827008239,3.251054738070142e-46,2394,-0.0849592266129566,0.28625204924343217
28,acute_grief,0.6112692716689678,2.6248600990036843e-245,2394,0.12037275212906474,0.5987356697430456
28,burnout_exhaustion,-0.47066570426881693,2.9308105644641296e-132,2394,-0.13313159485393855,-0.489809687589815
28,physical_illness_fatigue,0.20852458994565057,6.283242328421773e-25,2394,0.08891077805635492,0.16872304271387273
28,anxiety_panic,-0.2356588581274326,1.4435876938951445e-31,2394,0.00224757386691778,-0.20382943727948583
28,frustration_blocked_goal,-0.19138797331887006,3.490348045696834e-21,2394,0.010350639297327796,-0.16214873544671013
30,depressed,0.31214938148404575,2.934081145530154e-55,2394,0.09008646603728818,0.31400097738213145
30,sad,-0.04192423030812839,0.04025516731365184,2394,-0.1379244251425719,-0.028644115370075645
30,gloomy,0.08825454939314786,1.5298284470571714e-05,2394,0.05137354101945078,0.09866771007486727
30,melancholy,-0.2772127198192378,1.7176583620293305e-43,2394,-0.040635241833410406,-0.29072657727477114
30,miserable,0.5366614282258626,1.1077321633449058e-178,2394,0.1396211862341858,0.5558494765080226
30,dispirited,0.4023537824424395,7.514210147114113e-94,2394,0.14364136205518874,0.4191384580082701
30,listless,0.10024893066619493,8.884809070334938e-07,2394,0.11567160690518653,0.10061318520552558
30,weary,0.16064652111212785,2.626084304296023e-15,2394,0.15525670200163938,0.20403636703160424
30,worn out,0.0869181465060488,2.0569608235023466e-05,2394,0.22812066912665546,0.13224939396666374
30,tired,-0.25688511426539107,2.191243663043081e-37,2394,0.1381966043783469,-0.22437546732833025
30,resigned,0.0948335080608315,3.3497680721697593e-06,2394,0.1206446394788565,0.0978765491249685
30,lonely,0.020203639647810172,0.32309449586731737,2394,0.0012187958537678394,-0.01601489267771536
30,heartbroken,0.5484795359445493,3.9272799481918534e-188,2394,-0.0252867045838649,0.5449580168716907
30,grief-stricken,0.5056420399105388,1.3709071983234114e-155,2394,-0.004071197294533594,0.5073684074049755
30,worthless,0.32882704385507383,1.8044289901163184e-61,2394,0.10630643489606902,0.30260426633196047
30,self-critical,0.5055085732679955,1.7032951939429088e-155,2394,0.09277837091773067,0.45813881470623935
30,ashamed,0.057675097378284045,0.004760133715805509,2394,-0.046387486797246025,0.06384528414574897
30,guilty,0.6512687163263055,5.341548619248204e-289,2394,0.16205376400802957,0.6351193931825462
30,humiliated,0.37306191319379794,6.276087410347644e-80,2394,-0.007391322768006525,0.34696606848726597
30,embarrassed,-0.2315663876912068,1.6498860867974703e-30,2394,-0.04736375057893394,-0.23126491217748626
30,regretful,0.6652454958781496,7.081435821759455e-306,2394,0.17821590780094212,0.647775003938295
30,sorry,0.5955632615116447,8.236659577445205e-230,2394,0.054212372300390436,0.5823871142325696
30,desperate,0.6467894573640034,8.8898711272381e-284,2394,0.03997972119763109,0.6505640836775756
30,panicked,-0.14421180695213645,1.3462417937254006e-12,2394,-0.09775860634289184,-0.115046117004529
30,hysterical,0.17592440736353301,4.28591910116833e-18,2394,0.0732043370937559,0.178096922821225
30,overwhelmed,-0.09192240918691144,6.642971470907197e-06,2394,0.02738955039282518,-0.05352433697114885
30,distressed,-0.1664516933755013,2.459943402413271e-16,2394,-0.01305682250885152,-0.12259166290140996
30,tormented,0.12682179289293505,4.750871449608217e-10,2394,-0.05508609016679452,0.13003388923251896
30,trapped,-0.45142364404469254,1.5510768819133084e-120,2394,-0.14332241063949072,-0.45905098156081486
30,stuck,-0.0027267746879358003,0.8939184710128374,2394,0.12458850616474705,-0.018308696969662253
30,frustrated,-0.0078139571712827,0.7023638185355607,2394,0.05060412170249905,-0.007348100516981077
30,exasperated,0.02731487686145444,0.18154020258347475,2394,0.07348550715212633,0.034328270990280435
30,angry,-0.08654466746704936,2.2327253209263915e-05,2394,-0.041316741469272014,-0.095842973321683
30,anxious,-0.5062270200419917,5.287847351167068e-156,2394,-0.036545645030448826,-0.47906057335202956
30,afraid,-0.30457796124649866,1.4400255164781168e-52,2394,-0.2060305628737885,-0.28147911101027523
30,nervous,-0.5037277492847367,3.056869912608589e-154,2394,-0.03775969663011184,-0.4694234340198177
30,stressed,-0.1438688482523919,1.522385253875546e-12,2394,0.058025691685252706,-0.13624673916546268
30,calm,-0.7160503605329234,0.0,2394,-0.18889893434315191,-0.70625282005558
30,self-confident,-0.5272622642718175,1.9794858553682107e-171,2394,-0.10815858264553438,-0.5725070513053427
30,content,-0.6650278148496809,1.3182930447304834e-305,2394,-0.15570828956028876,-0.6686678577856807
30,happy,-0.32188363276287246,7.766266460136631e-59,2394,-0.17231309821021953,-0.3448374093103462
30,hopeful,0.021851732715099218,0.28518587850414384,2394,-0.18739653595894568,-0.02295465784167653
30,clinical_depression,-0.007806443940216575,0.7026363668739696,2394,0.05672185898738734,0.006790959713570321
30,acute_grief,0.1742476702063443,8.927192090892166e-18,2394,-0.07714709497579156,0.1451190430054741
30,burnout_exhaustion,0.30981584017200875,2.0197082577844236e-54,2394,0.09396572610221376,0.265017548872423
30,physical_illness_fatigue,0.015152227115703753,0.45867441374605555,2394,0.0712672552879106,0.009014971993544646
30,anxiety_panic,-0.2692180825194708,5.008117380049857e-41,2394,-0.1818522016872191,-0.2267234227279101
30,frustration_blocked_goal,-0.03765943378416339,0.06542959890640068,2394,0.05818105557986236,-0.027433699235538487
32,depressed,0.24620414196665788,2.180741867289704e-34,2394,0.12463477561618039,0.2537087351136912
32,sad,-0.16733759413656266,1.7009442402379287e-16,2394,-0.09544442160006415,-0.13668065670168342
32,gloomy,0.18889940243286152,1.1440076139092205e-20,2394,0.05337753081491468,0.19515528598785198
32,melancholy,-0.4375567550827887,1.5287905605609087e-112,2394,-0.0596672745358373,-0.43785302441032514
32,miserable,0.32271175044085526,3.7992748906243067e-59,2394,0.13227807994354257,0.34491882284443265
32,dispirited,0.21078102613913882,1.9035373887205855e-25,2394,0.07583306846350975,0.24071266336083086
32,listless,0.0773912069874062,0.0001504380919177886,2394,0.013729259108400501,0.07730959505808796
32,weary,0.30386681378657904,2.5529770618904066e-52,2394,0.01866137013762235,0.3177548590629053
32,worn out,0.20654661842464775,1.769623160386389e-24,2394,0.11231099685233328,0.23622359155583836
32,tired,0.18659538574042436,3.38399140991881e-20,2394,-0.018379903019095215,0.207943135227603
32,resigned,-0.018589534484372176,0.36326466034521127,2394,-0.07665098223768635,-0.021534297777224983
32,lonely,0.10391862616082106,3.4739927187167674e-07,2394,-0.023182239823535664,0.08916868451401606
32,heartbroken,0.502418857102169,2.524758113843092e-153,2394,0.05560597768422898,0.5103050797209425
32,grief-stricken,0.48445561125963194,3.9018755574576683e-141,2394,0.1021042848033118,0.5055297149943647
32,worthless,0.5032278863850621,6.85372778152591e-154,2394,0.039769078815622264,0.5184342716761088
32,self-critical,0.45301760092671595,1.7692718248833395e-121,2394,-0.012042858999769125,0.4466872645363616
32,ashamed,0.5084041839117461,1.5009633252483103e-157,2394,-0.15128705367889775,0.5121217685842548
32,guilty,0.5888193869470013,2.0434049306936568e-223,2394,0.12342693570976657,0.5770338355434904
32,humiliated,0.4935600074839291,3.194580121724089e-147,2394,-0.1337251864572025,0.47415218821418775
32,embarrassed,-0.08369957780762337,4.125187303959079e-05,2394,-0.1682618462184601,-0.09627343188713304
32,regretful,0.6013541430917047,2.006026630242205e-235,2394,0.15648368581703806,0.5719077943082019
32,sorry,0.5929506180286239,2.576670608973735e-227,2394,0.04893871976444949,0.5847306784998678
32,desperate,0.3438373192561574,2.1050096135878988e-67,2394,0.27569462691362917,0.34249568738217673
32,panicked,-0.21672026833181945,7.68662314621961e-27,2394,0.06027753402592084,-0.2081117302569117
32,hysterical,0.5555148830774739,6.111680816438301e-194,2394,0.2101039983758473,0.5468372031800837
32,overwhelmed,-0.32121095546006545,1.3858671463128625e-58,2394,0.08564273273152888,-0.3052855636403365
32,distressed,-0.20195760966003012,1.8774205316504968e-23,2394,0.08714480842805114,-0.17447126187676962
32,tormented,0.006502147234985187,0.7505018949273093,2394,0.181787632929533,0.03623542171215723
32,trapped,-0.6267836986272484,1.7000222718170467e-261,2394,-0.20451443246889411,-0.6244430071402809
32,stuck,-0.5763264535386078,5.831575279872434e-212,2394,0.09311503541217678,-0.5767316783651508
32,frustrated,-0.08052175772249222,8.00807326986108e-05,2394,0.07763818970034891,-0.06857709152793287
32,exasperated,0.08094364960730227,7.342931830831126e-05,2394,0.019096822712343933,0.07582863457416168
32,angry,0.005558531660336177,0.7857521348644697,2394,0.14300901856942533,0.013839592074816175
32,anxious,-0.4869338847452366,8.965867905493014e-143,2394,-0.03481405192710735,-0.4691274640692841
32,afraid,-0.29650047832078197,8.755197564275962e-50,2394,-0.15533480055962154,-0.26888600514584376
32,nervous,-0.4471845358480436,4.718498707068842e-118,2394,-0.08330867436400285,-0.4050152777224481
32,stressed,-0.35585281631060706,2.1498224388982897e-72,2394,0.10061265931736546,-0.3602744370633321
32,calm,-0.6018169407529835,7.0589779409216935e-236,2394,-0.21060400959149891,-0.6143543989518183
32,self-confident,-0.5117149963173802,6.344129240595461e-160,2394,-0.1715237113215245,-0.53694541329165
32,content,-0.5759576255890725,1.2488091187048956e-211,2394,-0.15419044426419992,-0.6033975313702574
32,happy,0.022734926087570568,0.26616006943534615,2394,-0.1240498743069397,-0.0226370087915405
32,hopeful,-0.12505901101805322,8.258678851172962e-10,2394,-0.15167541266545365,-0.1820050824734029
32,clinical_depression,-0.31268181764738345,1.8847214825459847e-55,2394,0.0012687650790963612,-0.26025832523896525
32,acute_grief,0.13666062732674863,1.8853831698574506e-11,2394,-0.05534348609816578,0.1371319393761696
32,burnout_exhaustion,-0.13439408270214553,4.049887414825315e-11,2394,0.07394154762652085,-0.1662913094852978
32,physical_illness_fatigue,0.49743316634713713,7.220897083600587e-150,2394,0.06303343325008147,0.46950957994259374
32,anxiety_panic,-0.11975501056684296,4.164142407991353e-09,2394,-0.12216455790657893,-0.11587854367842325
32,frustration_blocked_goal,0.0871368017880376,1.9602544410492425e-05,2394,0.023614861134845136,0.07159663147564056
34,depressed,0.5587548846692078,1.1597084698738897e-196,2394,0.16978459448220135,0.5456034993872919
34,sad,0.384383435724452,3.841242870078891e-85,2394,-0.066992114369797,0.38933708374662357
34,gloomy,0.4763350211534585,7.365037629290725e-136,2394,0.02271045974569181,0.4640388806642547
34,melancholy,0.15307461588329654,5.0654406310016845e-14,2394,-0.01783992417570842,0.13984555428965817
34,miserable,0.5847153944448547,1.344508465994154e-219,2394,0.14621477769305227,0.5766256385439469
34,dispirited,0.34483759356365623,8.242570184917228e-68,2394,0.09457450176332749,0.3572556569383902
34,listless,0.17269368978474448,1.7507763003613195e-17,2394,0.07560395613729907,0.16379278685604273
34,weary,0.5321802700433748,3.3925263045041557e-175,2394,0.07847400436978766,0.5335253726194996
34,worn out,0.5518478857354037,6.771754859630439e-191,2394,0.14864554310690767,0.5470979067243786
34,tired,0.5410508613549115,3.787482786910542e-182,2394,0.07577417778829577,0.5308505641003621
34,resigned,-0.3258265837511897,2.529271876386465e-60,2394,0.0069999934178152,-0.28854988281958877
34,lonely,-0.06830576659645048,0.0008250213207722922,2394,0.0013878791775015359,-0.10230935942374014
34,heartbroken,0.7063381393648975,0.0,2394,0.1818973589216059,0.6996259109197356
34,grief-stricken,0.7275785349166283,0.0,2394,0.2412442982032241,0.7078921255663251
34,worthless,0.5964715197082012,1.103813364094419e-230,2394,0.07226249222901104,0.5927473358518824
34,self-critical,0.28741019762292436,9.325052944809475e-47,2394,-0.06365136311110677,0.2799910946894962
34,ashamed,-0.14215793023834453,2.799110213615604e-12,2394,-0.1014614206682297,-0.0943910980295434
34,guilty,0.15678503264498705,1.2097186428439362e-14,2394,-0.07505885801405547,0.16733833630542902
34,humiliated,-0.024308209113498305,0.23447147095950313,2394,-0.0033968289211609576,0.0017114412457037082
34,embarrassed,-0.4908688794642884,2.102880604624104e-145,2394,-0.08323459471006041,-0.4559592340204512
34,regretful,0.2280292306793698,1.3047014858330518e-29,2394,-0.06673973673460389,0.23799308387912674
34,sorry,0.33740433342556597,8.063026418327285e-65,2394,-0.07796326503876817,0.345918156711125
34,desperate,0.35726410341799575,5.392728705102942e-73,2394,0.16284383453273266,0.3300644389630611
34,panicked,-0.36601776673889214,8.66633786673222e-77,2394,0.03597769771068738,-0.36375507783885697
34,hysterical,0.33261602303996063,6.162672297929956e-63,2394,0.24822193703767265,0.32901374412864154
34,overwhelmed,-0.24076471728280321,6.467540786492461e-33,2394,0.12395125068240004,-0.24174639205612658
34,distressed,0.2661506336907761,4.201746122017876e-40,2394,0.11824802404778437,0.24707878948248976
34,tormented,0.1374554612426029,1.4376301621273323e-11,2394,0.23545762984386243,0.11689714409572716
34,trapped,-0.2559164005674442,4.154242731249877e-37,2394,-0.019371714507721394,-0.30025187245631907
34,stuck,-0.058235279407597935,0.0043678430894907964,2394,0.0941957160016327,-0.10401054679915159
34,frustrated,-0.4639623684352011,4.332146374721232e-128,2394,0.05638668112657892,-0.44843885107960874
34,exasperated,-0.16364163956452107,7.823499612356292e-16,2394,0.06347770486733134,-0.15404591606595813
34,angry,-0.3161090603012606,1.06762347546192e-56,2394,0.11588063376055557,-0.30198039898717366
34,anxious,-0.6366235797170586,3.0046846095080114e-272,2394,-0.11749323578114282,-0.640085881364764
34,afraid,-0.40760082478722826,1.6972538485356664e-96,2394,-0.10206651968930708,-0.40504076283215873
34,nervous,-0.4566085212766773,1.2742814393643418e-123,2394,-0.11699089972928702,-0.4525986969281626
34,stressed,-0.37559874783269476,4.441347945760902e-81,2394,-0.007680183406264057,-0.4041639030108848
34,calm,-0.5426035852519058,2.1873606540904567e-183,2394,-0.10233616028628069,-0.5324910455266748
34,self-confident,-0.648750634206581,4.717741901993608e-286,2394,-0.20588546852798761,-0.6588977469039596
34,content,-0.3621593530750086,4.214930520765698e-75,2394,-0.09562411374553999,-0.3600275575286816
34,happy,-0.10097800034347414,7.39158286319879e-07,2394,-0.12951600752375506,-0.09736171554091587
34,hopeful,-0.506310309961085,4.616430071429284e-156,2394,-0.23644003953536633,-0.5079174903755574
34,clinical_depression,0.6310812299436869,3.820676570264783e-266,2394,0.08148208506584471,0.6253555719879792
34,acute_grief,0.29471966304279057,3.500192293974619e-49,2394,0.0075179618745649865,0.30886341767128367
34,burnout_exhaustion,0.12021257387842513,3.6315241033554937e-09,2394,-0.06456685893821347,0.11730109885281022
34,physical_illness_fatigue,0.14536571782706034,8.881991795333964e-13,2394,0.1165360429765436,0.1330986009157503
34,anxiety_panic,-0.42883414606290066,1.0600219910681035e-107,2394,-0.12402781714711882,-0.4304473187265519
34,frustration_blocked_goal,-0.24675667370821175,1.5382108714948748e-34,2394,-0.005684195109792699,-0.25038243399919013
36,depressed,-0.2616743852297123,8.908491632512386e-39,2394,0.0269377399466514,-0.2532340944590361
36,sad,-0.38471767427522835,2.6754799983398e-85,2394,-0.17086840352710228,-0.3550033616350103
36,gloomy,-0.6658392711196975,1.2964923163080705e-306,2394,-0.19656193110406392,-0.6384367277189367
36,melancholy,-0.5741915850150138,4.722734912088548e-210,2394,-0.1296128806355011,-0.5551396925251145
36,miserable,-0.2897016103385084,1.6480540303005412e-47,2394,-0.018527666528526963,-0.25201247450127107
36,dispirited,-0.3596721869795602,5.011230332614903e-74,2394,-0.023273491252761427,-0.34038961731148887
36,listless,-0.6667638938395815,9.144780570612908e-308,2394,-0.1428569971518144,-0.66325667490322
36,weary,-0.15922916328269252,4.620775413365753e-15,2394,0.05566077282258047,-0.1407152893284624
36,worn out,0.08383918572455036,4.0045437547684276e-05,2394,0.07150761354437606,0.09725048488873582
36,tired,-0.2066872908783884,1.644561700891627e-24,2394,-0.08921219802208367,-0.19044506397333422
36,resigned,-0.5985605715385905,1.0583571053677136e-232,2394,-0.042948720017970315,-0.5908382850411387
36,lonely,-0.4738140640316938,2.994145997775012e-134,2394,-0.048947743260304225,-0.4759436670122046
36,heartbroken,0.5440032876151775,1.6518135566507194e-184,2394,0.13026168458482865,0.5543474205414236
36,grief-stricken,0.6593634108679788,1.1576800522764556e-298,2394,0.17175920506239653,0.6571585824587405
36,worthless,0.5130413006941206,6.9819657619093154e-161,2394,0.18776590579885288,0.5222210531159392
36,self-critical,0.36227955473310586,3.737546300150846e-75,2394,0.0017099738101146802,0.3449070634100785
36,ashamed,0.5608414587236988,1.9747415082365095e-198,2394,0.09194291298837524,0.5659898273894312
36,guilty,0.37541730256882355,5.371828282602891e-81,2394,0.04273008325305466,0.3636654638166271
36,humiliated,0.6547945917255696,3.5884066500062985e-293,2394,0.10577574653919275,0.6440423831026558
36,embarrassed,0.5570862485921851,2.9502740550752204e-195,2394,0.024134643926803402,0.5388480094421443
36,regretful,0.32593469631911887,2.3009329048611436e-60,2394,-0.06639568951521962,0.33177218486818505
36,sorry,0.4967122540166188,2.2575806701263783e-149,2394,0.020778364523608123,0.4925720869284327
36,desperate,0.631199475491228,2.839248092409644e-266,2394,0.2666441792834939,0.6227541213295098
36,panicked,0.4641822143013923,3.172644367077069e-128,2394,0.11564511772355285,0.4558342824738857
36,hysterical,0.5314029308464604,1.3487282640402577e-174,2394,0.20244533032420237,0.5172687761544433
36,overwhelmed,0.627562233553226,2.4762470236413503e-262,2394,0.14269466105152312,0.6155326452472277
36,distressed,0.5422199641529645,4.430930204091359e-183,2394,0.12619901972710473,0.5408673742040616
36,tormented,0.6183399915390853,1.4246716233600884e-252,2394,0.2546309634071995,0.6119582473602762
36,trapped,-0.26577033747702433,5.458999439322464e-40,2394,0.019576699690945436,-0.2440991233083589
36,stuck,-0.4609268847662982,3.12243093281675e-126,2394,0.029755243778048265,-0.44642405258954654
36,frustrated,0.4570174837418929,7.238109405139428e-124,2394,0.15290273647789784,0.43698833894600536
36,exasperated,0.650778455585664,2.0112224810652025e-288,2394,0.23362044391134293,0.6270825917955768
36,angry,0.20941740720411933,3.92368337240292e-25,2394,0.1227865603601772,0.18668654866504059
36,anxious,0.08619847931599696,2.408328418309204e-05,2394,0.06073406233491305,0.093765829238717
36,afraid,0.43517332436527595,3.320962812166267e-111,2394,0.08941792122875211,0.421124844902964
36,nervous,0.09331882968697132,4.7952834478310234e-06,2394,-0.011511640383325,0.11544173678258361
36,stressed,0.22862312437954507,9.242384500043141e-30,2394,0.055797629891514905,0.21682668781362155
36,calm,-0.7307337456288426,0.0,2394,-0.2790809673506547,-0.7293349115887177
36,self-confident,-0.6953956179826928,0.0,2394,-0.2227156454232428,-0.7023796556690319
36,content,-0.7323814100851074,0.0,2394,-0.2901563077254554,-0.7236652033853747
36,happy,-0.4438516688377879,3.9952879510799015e-116,2394,-0.14896068911801413,-0.4425263361524048
36,hopeful,-0.5021869680138362,3.666513476627238e-153,2394,-0.1614702846535666,-0.5101379002378409
36,clinical_depression,0.4482241559525431,1.1696917208336243e-118,2394,-0.009113204046147386,0.46207706160190376
36,acute_grief,-0.28104896545415103,1.0534974112268967e-44,2394,-0.09182109199115052,-0.2534643720523653
36,burnout_exhaustion,-0.5296884410794128,2.795375997545737e-173,2394,-0.11175043641943866,-0.5462320098224055
36,physical_illness_fatigue,-0.360807003104441,1.62395382818004e-74,2394,-0.06442874050003625,-0.3289096352909611
36,anxiety_panic,-0.21719931765114053,5.908661952878746e-27,2394,0.030430436166396284,-0.2000628823653438
36,frustration_blocked_goal,0.4937448752759292,2.3927654777178852e-147,2394,0.10299315150366008,0.45753926855128424
38,depressed,-0.07705546644175677,0.00016074574912665457,2394,0.14276287951854133,-0.0648762831056081
38,sad,-0.6216531904364294,4.841216140219827e-256,2394,-0.15632377720671703,-0.5942993253876444
38,gloomy,-0.559898626245636,1.248336494775982e-197,2394,-0.058853869620524475,-0.5295942758474939
38,melancholy,-0.6537961679923819,5.523265817603307e-292,2394,-0.13609068592480406,-0.6286597283087001
38,miserable,-0.02589873273889223,0.20524923753466107,2394,0.019231567199649018,-0.00810317939121566
38,dispirited,-0.22451849210731611,9.815559418693493e-29,2394,0.08146449963421612,-0.19198042761601514
38,listless,-0.5199844066198912,5.71520307151826e-166,2394,0.006052083353371592,-0.5035932020111764
38,weary,0.06470294386760765,0.0015376355645640195,2394,0.12165147167152804,0.0714770191765528
38,worn out,0.5076490722905248,5.1779741302523896e-157,2394,0.1607871764301204,0.4987896251419421
38,tired,0.21882532572639485,2.4080891833941997e-27,2394,-0.02887469750056143,0.21343715465201477
38,resigned,-0.4808433508966116,9.030827134071714e-139,2394,0.015496871370507457,-0.4515495566783079
38,lonely,-0.3855270080767612,1.1125229613948666e-85,2394,0.02138431832175293,-0.3524463005223658
38,heartbroken,0.014403289149452651,0.48118364921174944,2394,0.048777641189653845,0.02502633362948166
38,grief-stricken,-0.02363890238924809,0.24761000014548173,2394,0.19852399305725232,0.010423287311206276
38,worthless,0.5566538776224113,6.80381450993087e-195,2394,0.21530418801479745,0.5708888126332793
38,self-critical,0.6017316794000901,8.557830148927207e-236,2394,0.0887663105527424,0.5852076245614886
38,ashamed,0.5705172437515658,8.43422752214253e-207,2394,0.05576920499108903,0.5595025894424742
38,guilty,0.6202939895098699,1.2972183162737745e-254,2394,0.08905148889789968,0.6016494330064035
38,humiliated,0.5841037067616273,4.931643773387204e-219,2394,-0.004359624487826681,0.5608694471268809
38,embarrassed,0.30839235456290776,6.496060454306341e-54,2394,-0.08431938833309481,0.27745084032928347
38,regretful,0.4038050499504943,1.408471128713129e-94,2394,0.04098058785786185,0.42233460111203225
38,sorry,0.6224931529175011,6.293748632448748e-257,2394,0.12846066230932485,0.6305519601467753
38,desperate,0.6888098469553243,0.0,2394,0.2428699450677385,0.6742943542592155
38,panicked,0.23452898862779775,2.8417349768912722e-31,2394,-0.048915511473476905,0.1974069442246487
38,hysterical,0.08772444890850356,1.7213323971101735e-05,2394,0.06476082363408277,0.06237869190816707
38,overwhelmed,0.5045279170397208,8.370465547563582e-155,2394,-0.013416901603783567,0.4660693065645782
38,distressed,0.09922260933711885,1.1487000675156502e-06,2394,-0.05746339483209083,0.06740062583708503
38,tormented,0.5480862012775188,8.217335916210869e-188,2394,0.1647691633609782,0.5163154755948196
38,trapped,0.4759547116505366,1.2905852439007659e-135,2394,0.02341912619789488,0.4608161469719493
38,stuck,0.41010785663567517,8.88294009317683e-98,2394,0.14855178567624233,0.43618083013182707
38,frustrated,0.31248450973487935,2.2208909165497248e-55,2394,0.03401518560931553,0.28489601821305377
38,exasperated,0.5473215540086483,3.442204796270714e-187,2394,0.08142039148550212,0.5296705849340804
38,angry,-0.2311263382983092,2.1379868687768437e-30,2394,0.1016340487914005,-0.22601731040056516
38,anxious,0.022591496575171652,0.2691889728298712,2394,-0.13591079627878444,-0.007981171513105805
38,afraid,0.15175673549342406,8.353653063416701e-14,2394,-0.07553855895879495,0.11737937169840912
38,nervous,0.006549451195543459,0.7487477284268933,2394,-0.1794438311685081,-0.008212856301996956
38,stressed,0.36311756612064605,1.6144040131516994e-75,2394,-0.04324962350786839,0.3310453667241372
38,calm,-0.6911767788453375,0.0,2394,-0.1522610518500974,-0.671948041120191
38,self-confident,-0.648461000843024,1.0251765606649072e-285,2394,-0.06568085447253748,-0.6443943041300919
38,content,-0.7020251317777362,0.0,2394,-0.2113732803234577,-0.6829678904547376
38,happy,-0.5839554000859424,6.755525222351093e-219,2394,-0.20504105538267942,-0.5739952216423648
38,hopeful,-0.29209691903319007,2.6464281666133495e-48,2394,-0.1258868319236316,-0.27881824243007286
38,clinical_depression,0.3449812051675602,7.2024236522195785e-68,2394,0.13464903451468418,0.35870012413073343
38,acute_grief,-0.588575032162681,3.4612157747853575e-223,2394,-0.05208760474888123,-0.5646855961235167
38,burnout_exhaustion,0.42722360233898954,8.011263302319352e-107,2394,0.11381239118688867,0.41545556369105113
38,physical_illness_fatigue,-0.006510542776177522,0.7501904697838367,2394,0.048573199870091656,0.009948312561390173
38,anxiety_panic,-0.16742297029102127,1.6413516006221635e-16,2394,-0.04022056941029031,-0.1794884599686339
38,frustration_blocked_goal,0.30272808059004047,6.3649928762819455e-52,2394,-0.12825978588755582,0.266580043640209
39,depressed,0.11107150727112129,5.077006435771185e-08,2394,0.23568848973168494,0.104883547907262
39,sad,-0.5119962115013187,3.976660062778565e-160,2394,-0.06657909929288627,-0.49122218986373356
39,gloomy,-0.3441879909464358,1.5159073546005385e-67,2394,0.07647728936603565,-0.3336974679711748
39,melancholy,-0.5741908294156,4.730058693198972e-210,2394,-0.035123315125512075,-0.5623253339910094
39,miserable,0.06289313324837063,0.0020789974599971606,2394,0.16383900345751856,0.06774457871608844
39,dispirited,-0.018819594686576794,0.3573556708430447,2394,0.1800560712631137,0.002842667985856568
39,listless,-0.27457335100187635,1.1424382072074472e-42,2394,0.09619304053296163,-0.2839277398772168
39,weary,0.03548418079703828,0.08259419811796917,2394,0.24009315033529974,0.04719961368876867
39,worn out,0.16569606551968577,3.3643864571912067e-16,2394,0.26034947553801724,0.17627855609141738
39,tired,-0.23307143679610662,6.772209225771607e-31,2394,0.10261571796673769,-0.22151536737896618
39,resigned,-0.37133123388949674,3.7711238189603565e-79,2394,0.10438696066435596,-0.34490369003719495
39,lonely,-0.4585701230315559,8.394371626048903e-125,2394,-0.08180256124450472,-0.4523368813945503
39,heartbroken,0.17624443328637568,3.7227310422927896e-18,2394,0.13991696083658062,0.1719912114290412
39,grief-stricken,-0.03798772741968639,0.06311460506252631,2394,0.08125526932981918,-0.034428535913608886
39,worthless,0.702121476377623,0.0,2394,0.236762185015856,0.6982686169319049
39,self-critical,0.501632391762805,8.938386637102829e-153,2394,-0.07644700969042491,0.4962767377278539
39,ashamed,0.47483571699189675,6.695581378547301e-135,2394,-0.0484486019846678,0.47627866490452025
39,guilty,0.4625279261997185,3.288194196118538e-127,2394,-0.04691541788198743,0.4409680031805771
39,humiliated,0.5092281111920546,3.872791789305384e-158,2394,-0.10915544514885908,0.49741902297771934
39,embarrassed,0.11837647595511921,6.2698246123442086e-09,2394,-0.14994550267494522,0.10920221135513578
39,regretful,0.3763737140827745,1.9683310640298075e-81,2394,-0.08385919572252537,0.38081879326954365
39,sorry,0.5202976479620568,3.347640090658272e-166,2394,0.004763189223349416,0.5362547703316677
39,desperate,0.6545478266900782,7.059398390122365e-293,2394,0.1734706761639853,0.6609065483342489
39,panicked,0.30674274738856216,2.4951485133751584e-53,2394,-0.04739526132749311,0.2811350621927457
39,hysterical,0.5746011684380969,2.037733353320725e-210,2394,0.05460293065345757,0.5477029022322821
39,overwhelmed,0.4759427619494696,1.3135186020243028e-135,2394,0.031540883755001047,0.43854737211864214
39,distressed,0.04969962386016876,0.015017286721373889,2394,-0.0906308426998615,0.02249039960984248
39,tormented,0.578369537891259,8.437057002099028e-214,2394,0.11785006107850728,0.547547143268747
39,trapped,-0.3883996423615893,4.841274954985554e-87,2394,0.013234695671650316,-0.37535608084867295
39,stuck,0.3845295241786175,3.279762270693563e-85,2394,0.06602602027189262,0.38625837065538604
39,frustrated,0.3858321793403239,7.98606782836417e-86,2394,-0.04725222128755693,0.3744780623612439
39,exasperated,0.6657937352595917,1.476987399661377e-306,2394,0.07809141994669033,0.6507642639590829
39,angry,0.49577590103017477,9.882568097747224e-149,2394,0.12869885671539175,0.494600778881307
39,anxious,-0.12490097672743017,8.675156256164357e-10,2394,-0.15502077769116712,-0.14276228548783332
39,afraid,-0.38461490649575786,2.9903035848533164e-85,2394,-0.12340501956228006,-0.40076532597299463
39,nervous,-0.3036558888557494,3.0246170745259784e-52,2394,-0.1661615474037004,-0.27423796669364003
39,stressed,0.4165799646392179,3.8903391116072365e-101,2394,-0.03179505303077264,0.3886172476147409
39,calm,-0.7079331078146957,0.0,2394,-0.17091988763314203,-0.6996064583676687
39,self-confident,-0.6521124043405159,5.423448194512852e-290,2394,-0.10261025963578282,-0.6350189391281351
39,content,-0.7195412299241754,0.0,2394,-0.2198143561700514,-0.7176743165839786
39,happy,-0.6830011376575362,0.0,2394,-0.13454623066058063,-0.6671481389011322
39,hopeful,-0.654804952781156,3.4878426778675235e-293,2394,-0.13820481931807038,-0.6269272527328748
39,clinical_depression,0.2618344974267924,7.994691693456681e-39,2394,0.22128966443938022,0.2742596959246976
39,acute_grief,-0.6595465322108226,6.941928480495301e-299,2394,-0.1624695274752424,-0.648823443706052
39,burnout_exhaustion,-0.33589499715209675,3.189698943171829e-64,2394,0.0623939203704863,-0.3575022623378256
39,physical_illness_fatigue,-0.4186323734248181,3.2314820713637757e-102,2394,-0.06337091116645287,-0.39464988093785497
39,anxiety_panic,-0.356193482423766,1.5406595476547293e-72,2394,-0.005686365163680762,-0.33001642074325976
39,frustration_blocked_goal,0.3862586134295399,5.02215543918936e-86,2394,-0.09149080675259917,0.38990185097988295
40,depressed,0.44927733504294326,2.833271113560827e-119,2394,0.24857814329243688,0.4108726362826006
40,sad,-0.5322673916792453,2.9056729610901344e-175,2394,-0.02460689069521859,-0.5211909123319038
40,gloomy,0.17719202235833859,2.4492027105081665e-18,2394,0.17671706735572998,0.18329604057231605
40,melancholy,-0.6225733382361147,5.17825429884621e-257,2394,-0.01646335195886202,-0.614036255234916
40,miserable,0.5681406258329484,1.0176484753624582e-204,2394,0.2653540624958859,0.5568706136760794
40,dispirited,0.09933109546849334,1.1180622813625824e-06,2394,0.2513446949358522,0.11642172408856197
40,listless,0.338789665512494,2.2665685897344723e-65,2394,0.21393514130305386,0.31208629649945757
40,weary,0.08762238243956788,1.7607358871683556e-05,2394,0.2717927031518401,0.09479391540962584
40,worn out,0.11358233271062465,2.5103099194914667e-08,2394,0.3062848364324585,0.11755119115523878
40,tired,-0.07124114901064744,0.0004860363766031303,2394,0.21785538028443313,-0.06644979861315414
40,resigned,-0.2436528486376156,1.0805536435936643e-33,2394,0.12298578372431741,-0.2183978570914252
40,lonely,-0.1972293994692194,2.0169425753103699e-22,2394,-0.10251293494315286,-0.19882518914784386
40,heartbroken,-0.22778447063128537,1.5034668097014743e-29,2394,0.04037613662522374,-0.2495021819250557
40,grief-stricken,-0.3139825924203116,6.367421917402939e-56,2394,0.11112906855065971,-0.3205549006761473
40,worthless,0.6941084286715347,0.0,2394,0.13638770398097022,0.6925494194099877
40,self-critical,0.47821194452158655,4.574768391009348e-137,2394,-0.15159203040184022,0.46360015754940764
40,ashamed,0.5167570790877871,1.368492947627943e-163,2394,-0.08401477900936617,0.513938449248874
40,guilty,0.316136792667829,1.0429461374230098e-56,2394,-0.21594258158561694,0.3088987460796037
40,humiliated,0.560556445203447,3.450375927854159e-198,2394,-0.027119055652603086,0.5325549744675714
40,embarrassed,0.227159663715844,2.1575952433223805e-29,2394,-0.11021417119563476,0.1995489200859047
40,regretful,0.2257508171335113,4.8526006790314343e-29,2394,-0.17019881177275217,0.22747514683625725
40,sorry,0.2338845969882011,4.1748556144017026e-31,2394,-0.10193653254857701,0.2562118786696391
40,desperate,0.6657936076473095,1.4775269613146017e-306,2394,0.1152297558543354,0.6693795455635764
40,panicked,0.3476017672798888,6.067948945808615e-69,2394,-0.04816653689645301,0.31465245110832857
40,hysterical,0.2158958422129778,1.2070100873628346e-26,2394,0.008943845745858197,0.20804728137520898
40,overwhelmed,0.1726018465610056,1.8215201012551837e-17,2394,-0.00311209634805411,0.1251696046579593
40,distressed,-0.10742961220810086,1.3725801013808004e-07,2394,-0.06738025934239161,-0.1393110254112476
40,tormented,0.5067654001610761,2.1968219665905147e-156,2394,0.05269484417629015,0.47176430714476036
40,trapped,0.14183831614858192,3.1338471832489444e-12,2394,-0.017586217848458298,0.12071841570932709
40,stuck,0.4058365891969056,1.3328470093423552e-95,2394,0.0060383330594598605,0.4072726250703193
40,frustrated,0.45439226880457556,2.6954288605984e-122,2394,-0.08926145202428751,0.4345842003029907
40,exasperated,0.6553489660199768,7.828911515059993e-294,2394,0.00431584463221092,0.6285444277646265
40,angry,-0.04507975988651971,0.027408148890519863,2394,0.07455098131023771,-0.018905696695395553
40,anxious,-0.018802420522851217,0.3577946809608208,2394,-0.07930106957741337,-0.039460221496065206
40,afraid,-0.1603499763225071,2.956904997508695e-15,2394,-0.10728260213689847,-0.18209248931477873
40,nervous,-0.32549750852125614,3.3726221007243147e-60,2394,-0.06269528396709334,-0.2831809790377631
40,stressed,0.05033185862964235,0.013780366542274186,2394,-0.013522520394097882,0.027052527979696574
40,calm,-0.6633134683928548,1.7281553457770328e-303,2394,-0.023491613103300172,-0.6475456009693493
40,self-confident,-0.6635769705063987,8.184994723779973e-304,2394,-0.10867951629903996,-0.6385265791413441
40,content,-0.6821569306497277,0.0,2394,-0.08713011077997823,-0.6660446592799536
40,happy,-0.6363105521697207,6.697471756741996e-272,2394,-0.08566039123596454,-0.6048840497955009
40,hopeful,-0.6560271699073841,1.2103279648833636e-294,2394,-0.18503918503866504,-0.6245626084062924
40,clinical_depression,0.2161511567673865,1.0497988127879434e-26,2394,0.15270807185263394,0.2045824071812621
40,acute_grief,-0.6466862403685278,1.1699629014928856e-283,2394,-0.050511407546719914,-0.6285759053650581
40,burnout_exhaustion,-0.46766631599127934,2.209106410050221e-130,2394,0.0034540354496725833,-0.4626500031191692
40,physical_illness_fatigue,-0.31191534511078384,3.563205753015579e-55,2394,0.05260812826462592,-0.28185815442123024
40,anxiety_panic,-0.38970538775237856,1.152534554942634e-87,2394,0.009083849879846895,-0.3685050606239677
40,frustration_blocked_goal,0.47945680464332957,7.174617198324455e-138,2394,-0.1226613210887966,0.4753735604983703
42,depressed,0.6439279332553172,1.732027293738464e-280,2394,0.24092069508618458,0.6210889060570031
42,sad,-0.5647789658545607,8.376237629638466e-202,2394,-0.07096434843020892,-0.5408723133090564
42,gloomy,-0.5497837086618472,3.3720357699817076e-189,2394,0.03697018539250562,-0.5216004641301435
42,melancholy,-0.6313403264871957,1.9931676130064212e-266,2394,-0.07013677504905552,-0.5956689941296763
42,miserable,0.04267265647989183,0.036818548333598634,2394,0.15998532895274087,0.04499634861798364
42,dispirited,-0.1972980606555522,1.9494201512872977e-22,2394,0.16106579406333507,-0.17095101971599316
42,listless,-0.39014791440014635,7.075695468720322e-88,2394,-0.020791211428039337,-0.3802303993289313
42,weary,0.016949662712991163,0.4071336523300492,2394,0.17038350933813998,0.017943219053864465
42,worn out,0.3017058511438924,1.440271284646155e-51,2394,0.1480638259608355,0.28068805436202127
42,tired,0.33806198153886435,4.417910571424238e-65,2394,0.07127662889159214,0.31283101694668364
42,resigned,-0.5777782972070673,2.8832510109011588e-213,2394,0.05642714914640841,-0.5456388916136546
42,lonely,-0.6577422189512687,1.0547114113334507e-296,2394,-0.1239180419468463,-0.628441188474569
42,heartbroken,0.08156573637034842,6.456739432724095e-05,2394,0.16969402327944744,0.07591153597795688
42,grief-stricken,0.17042836643554626,4.62157301785178e-17,2394,0.19616745304067318,0.1715708395221675
42,worthless,0.46913352930883234,2.68084131636712e-131,2394,0.20344349128375572,0.48379829965139853
42,self-critical,0.595187986430659,1.8861844751387722e-229,2394,-0.03855414228016038,0.5723396459961453
42,ashamed,0.3065149707897611,3.002623735803599e-53,2394,0.09255089429691063,0.32697881870326867
42,guilty,0.5125607910957433,1.5548418543964184e-160,2394,0.07439192115354373,0.510469849549929
42,humiliated,0.3635045510339986,1.0946787988494339e-75,2394,0.11251108733241869,0.37291293129518777
42,embarrassed,-0.25029036691851203,1.616412745119012e-35,2394,-0.016100437613702723,-0.23148795468127364
42,regretful,0.3769890123595199,1.0299343796836809e-81,2394,-0.07613640435857585,0.3834447711040081
42,sorry,0.6257219163163038,2.331727769969037e-260,2394,0.060130430177526416,0.6251760605402448
42,desperate,0.6958250430973085,0.0,2394,0.17762531104344254,0.6809671317358589
42,panicked,0.3672189381706275,2.5580716012674264e-77,2394,-0.032469080198353956,0.3311586446095116
42,hysterical,0.624347794078189,6.806186853877428e-259,2394,0.08158883348143643,0.5942980810041675
42,overwhelmed,-0.022630413603399013,0.2683648065371062,2394,-0.07174973959502524,-0.055708981419299225
42,distressed,0.359525528807696,5.7948611234904715e-74,2394,-0.04106856197982155,0.3214634507258542
42,tormented,0.6483171993306917,1.5066506033688896e-285,2394,0.09177824570416963,0.6194731773516778
42,trapped,0.09456432057719459,3.5717056926454136e-06,2394,-0.1271544253223501,0.07005810798451058
42,stuck,0.5150321230090489,2.4969885533449845e-162,2394,-0.023010740665191334,0.5069228877254811
42,frustrated,0.34413061291895025,1.599612675892891e-67,2394,-0.18625414651001418,0.3093214778812019
42,exasperated,0.07640678382697304,0.0001825693076108403,2394,-0.11085391186363375,0.053432401850550086
42,angry,0.26664572897497757,2.9864230977457197e-40,2394,-0.00012103293696336462,0.24463463599464333
42,anxious,0.31864839094697023,1.2415509558075016e-57,2394,-0.060270027099286125,0.29557483534619033
42,afraid,0.10574481487972007,2.1511270946925028e-07,2394,-0.12683625030250084,0.07284499877541499
42,nervous,0.4403839994768873,3.841954238353602e-114,2394,-0.06283965279305162,0.42315253953176685
42,stressed,0.17441008535453895,8.317363379194225e-18,2394,-0.01446006211864487,0.1482331404258977
42,calm,-0.7248811143962215,0.0,2394,-0.19606486226582273,-0.7036288310938488
42,self-confident,-0.6244644558285878,5.1143746209659274e-259,2394,-0.022359173770365302,-0.6094680279479268
42,content,-0.7362008238141772,0.0,2394,-0.22175588500818383,-0.7150049776515434
42,happy,-0.45187337942692685,8.416260060837912e-121,2394,-0.04440284018540356,-0.44083331292857597
42,hopeful,-0.023282059240752655,0.25482159150662165,2394,-0.07531161453617101,-0.011073223292860616
42,clinical_depression,0.46954437887356915,1.4824685130651057e-131,2394,0.20027934791409546,0.44663336698105277
42,acute_grief,-0.5810323736474826,3.228111260331187e-216,2394,-0.04746736205590434,-0.5502117653787789
42,burnout_exhaustion,-0.34743787746758703,7.088250484840289e-69,2394,0.1106121188530001,-0.35309821925233914
42,physical_illness_fatigue,-0.4015996562526499,1.78771851479985e-93,2394,-0.06542243196391245,-0.35853601521879747
42,anxiety_panic,-0.08946356469114539,1.1661279581293676e-05,2394,0.00811055354131461,-0.08827381913821493
42,frustration_blocked_goal,0.3468315617365136,1.2586247401277314e-68,2394,-0.17195405315983064,0.32957639888216633
44,depressed,0.47153668208442273,8.286101922345843e-133,2394,0.2019119480718152,0.47962826865403063
44,sad,-0.6549036285529083,2.6605066845074493e-293,2394,-0.102481733052246,-0.6155460029739747
44,gloomy,-0.5629925958330202,2.875395555270264e-200,2394,-0.022488695136553223,-0.5262722585591155
44,melancholy,-0.6600693221772472,1.6088834905659825e-299,2394,-0.055796902498190123,-0.6181575101864553
44,miserable,-0.1790876773284434,1.0524830665796595e-18,2394,0.1339570559610281,-0.13653537910183572
44,dispirited,-0.18366815572048167,1.3154870363153206e-19,2394,0.12430040172319495,-0.13983775322838254
44,listless,-0.10378715640520352,3.594851009125028e-07,2394,0.003174383153563526,-0.083904150696155
44,weary,0.4024599248673678,6.650050507684684e-94,2394,0.20224055763896026,0.40136198246926263
44,worn out,0.5312965772695996,1.6285887026853956e-174,2394,0.20606054236129986,0.521860436555659
44,tired,0.4965749352101221,2.804180262949696e-149,2394,0.09126968166101668,0.4871960765441947
44,resigned,-0.4719306151041467,4.673966531969199e-133,2394,0.06727000890762917,-0.4293806108891992
44,lonely,-0.6718018481872301,0.0,2394,-0.09997105673083798,-0.6437930023563582
44,heartbroken,0.10996446126343296,6.892429350834401e-08,2394,0.17864166215037908,0.12028457134190924
44,grief-stricken,-0.008634742535751416,0.6728262090289077,2394,0.13098648505253807,0.016732879636216655
44,worthless,0.15080352412938738,1.1962755036754452e-13,2394,0.14692153907731648,0.17888719061944006
44,self-critical,0.3187047023064838,1.1834210576907515e-57,2394,-0.1130252663240827,0.28760819864176573
44,ashamed,0.17079253441062273,3.9573925379073214e-17,2394,0.1219175509961131,0.18851587144042817
44,guilty,0.5535685496816514,2.5517374995052984e-192,2394,0.1121230124053534,0.5260898899069126
44,humiliated,0.619250627932274,1.6012799554887047e-253,2394,0.1820474754278244,0.6208060621063499
44,embarrassed,-0.057700990565130054,0.00474132082975624,2394,0.020734148494614517,-0.04201450171279754
44,regretful,0.369442049145119,2.637247783413003e-78,2394,-0.0647938160745344,0.3427313778669899
44,sorry,0.5637118221395643,6.942968690801016e-201,2394,0.03351525983442916,0.5363360913942832
44,desperate,0.694631282217991,0.0,2394,0.13818210716988363,0.6724281777042297
44,panicked,0.36524611167794246,1.8926683805725193e-76,2394,-0.05786529803604865,0.3299233945805936
44,hysterical,0.6440710040478391,1.1882732102553882e-280,2394,0.1034936927465302,0.6067762757479884
44,overwhelmed,0.24936281566596954,2.9301776148796855e-35,2394,0.043274200037326314,0.2336652244364062
44,distressed,0.05352018983992679,0.008814317221039373,2394,-0.04107363059813047,0.024926894088342016
44,tormented,0.6520890877757718,5.777928097995049e-290,2394,0.12252423697974958,0.6167958793853913
44,trapped,-0.2110537370807384,1.6461709745396377e-25,2394,0.008913298026718254,-0.22775399311644404
44,stuck,0.3529002233505452,3.793762443247193e-71,2394,-0.02362524766415458,0.34191358545426037
44,frustrated,0.12636846820856265,5.48080585855679e-10,2394,-0.176657427135545,0.08339828930092896
44,exasperated,0.4430756020042509,1.1151911163799273e-115,2394,-0.057652578664203036,0.39563979504633057
44,angry,0.14484502525907617,1.071987412054494e-12,2394,-0.03653174091844093,0.12209925809312476
44,anxious,-0.3982916932415715,7.797628349514035e-92,2394,-0.08248560144490458,-0.4050612488245546
44,afraid,-0.2548749590240725,8.238146801178805e-37,2394,-0.09151080266007826,-0.26001601861088247
44,nervous,-0.5118645216712177,4.949212854443261e-160,2394,-0.11941338088162079,-0.4986615111287627
44,stressed,-0.2138181768008472,3.7326544512244745e-26,2394,-0.05507994607615986,-0.23634088099526393
44,calm,-0.7114262340038033,0.0,2394,-0.15980912239842165,-0.6857827925171883
44,self-confident,-0.5119918627307862,4.0055013821471537e-160,2394,-0.08343461716180377,-0.5073129619933124
44,content,-0.7173394928633766,0.0,2394,-0.18751709102594422,-0.6879448954948667
44,happy,-0.44081360098474487,2.1884239663503794e-114,2394,-0.0401840869613667,-0.42059557227644484
44,hopeful,0.04342098731954372,0.03363529194608149,2394,-0.0648346104651708,0.06096474782223415
44,clinical_depression,0.4198048621777739,7.739353735492638e-103,2394,0.15237495099410275,0.40136110647345263
44,acute_grief,-0.554436717164297,4.844556556632459e-193,2394,0.02971636824545556,-0.5178240229414416
44,burnout_exhaustion,-0.2016384576830044,2.207905047046585e-23,2394,0.15668451303056274,-0.19546351668131925
44,physical_illness_fatigue,-0.5497003256852272,3.94640193788201e-189,2394,0.013001093380633204,-0.5042357270848415
44,anxiety_panic,-0.138095268996113,1.1544261155204668e-11,2394,-0.07806545057509555,-0.15461095197407915
44,frustration_blocked_goal,0.306075762592937,4.28882296393135e-53,2394,-0.20415768798148443,0.28232662700388295
46,depressed,0.599605686146461,1.021718011497894e-233,2394,0.15939496437874534,0.5783644384487766
46,sad,-0.5329073711025591,9.299125913044391e-176,2394,-0.04829831812712816,-0.4914480693188299
46,gloomy,-0.0637706130336163,0.0017977966685338,2394,-0.01908395516900656,-0.05092371443701356
46,melancholy,-0.33221131041954527,8.859544903861864e-63,2394,-0.028753167068854262,-0.3015235454197872
46,miserable,0.48474164701544,2.5283043077364834e-141,2394,0.163101114382116,0.5016525874641253
46,dispirited,0.43515302795962313,3.408809829792031e-111,2394,0.11763223029742412,0.436314141112484
46,listless,0.24079433930804,6.350693545412792e-33,2394,0.05981617948337037,0.2319689125034495
46,weary,0.454117467706266,3.9290036883014177e-122,2394,0.17222610638650626,0.43866553916219
46,worn out,0.6548706974317525,2.912148393847202e-293,2394,0.2197044851564695,0.6362047798899659
46,tired,0.5830287423180438,4.808356213976647e-218,2394,0.1507038704746561,0.5718549899145402
46,resigned,-0.4259364167989587,4.002244122253138e-106,2394,-0.0013963234159544702,-0.40988857928174954
46,lonely,-0.6481236154440254,2.529126479898739e-285,2394,-0.14667969388973306,-0.632560103064409
46,heartbroken,0.5309075770187887,3.2439439160672887e-174,2394,0.26091318243072026,0.5236190835029476
46,grief-stricken,0.6933677820942927,0.0,2394,0.23724967606225236,0.6808697422775511
46,worthless,0.5080641688064922,2.6223821144033667e-157,2394,0.10355871806245269,0.49845486713238685
46,self-critical,-0.0295872948609202,0.14783439705529994,2394,-0.15826950963919967,-0.03995804869196279
46,ashamed,0.3268778529635547,1.0062738009262985e-60,2394,0.05503572098499271,0.3363445314983985
46,guilty,0.4396995803277364,9.402082764915128e-114,2394,0.07154529392696823,0.41524800362477354
46,humiliated,0.5198093057257648,7.705072065927215e-166,2394,0.15028296481840087,0.5178631090327483
46,embarrassed,-0.21475382641586344,2.2482667887566384e-26,2394,-0.018505718364950872,-0.20857436585059316
46,regretful,0.1089785941263363,9.026593454667335e-08,2394,-0.06600765110498245,0.08511944203514009
46,sorry,0.4701265465259061,6.394593918249009e-132,2394,0.010748671361708803,0.4335317678384358
46,desperate,0.6716500744499312,0.0,2394,0.13872715037897052,0.6498119534367273
46,panicked,0.16154684927926258,1.829226645347523e-15,2394,-0.024160083836932193,0.15727819447339703
46,hysterical,0.40661620671455945,5.369454406857908e-96,2394,0.05614825096679627,0.39113814673112635
46,overwhelmed,0.2886877095926078,3.555331163830209e-47,2394,0.1566377063368692,0.29843313215402323
46,distressed,0.14424708891947557,1.3292972969767337e-12,2394,0.08664627384091375,0.1534909541897714
46,tormented,0.6780475106710745,0.0,2394,0.21752689382817675,0.6585533909100341
46,trapped,0.11492588898067774,1.711306214770467e-08,2394,0.0033060154447895045,0.10233006567433953
46,stuck,0.5238838193962153,7.045311129518529e-169,2394,-0.0038307382551253117,0.49406733446922974
46,frustrated,0.4012390255107309,2.703713458111545e-93,2394,-0.16125967470536784,0.3805942474094566
46,exasperated,0.39058066633422417,4.3878284969392834e-88,2394,-0.085270408828797,0.35611106933447656
46,angry,0.4763989118707009,6.7022218197589384e-136,2394,0.01465492817250291,0.45364540689547944
46,anxious,0.046337901462751206,0.023373206641384068,2394,0.018217687199710064,0.061171740101919655
46,afraid,0.025626715893035175,0.21004989765730586,2394,-0.06427280968124185,0.02179047435181821
46,nervous,-0.027245131914492522,0.18265814325708432,2394,-0.025083944339851345,0.010499355420722117
46,stressed,0.01282704353408593,0.5304584909424248,2394,0.09383271468452517,0.041027865958244834
46,calm,-0.7311627295719055,0.0,2394,-0.2418910919094434,-0.7071031619071666
46,self-confident,-0.6809334978036666,0.0,2394,-0.19219316302482825,-0.6780020022980863
46,content,-0.7285921697736487,0.0,2394,-0.22612193681638043,-0.7003799501970209
46,happy,-0.6364243458509178,5.005066275004942e-272,2394,-0.14041727827490247,-0.6193652379124117
46,hopeful,-0.7162627733652918,0.0,2394,-0.26612057567895664,-0.6962179002309313
46,clinical_depression,0.6741118196800712,0.0,2394,0.2019256181094448,0.6417419382325052
46,acute_grief,-0.5064756690583118,3.525143582792322e-156,2394,0.08068162614861032,-0.4726859932780609
46,burnout_exhaustion,-0.11955754603416734,4.416796460581353e-09,2394,0.1413507440446272,-0.12245426937258441
46,physical_illness_fatigue,-0.6171944867350837,2.204749493482431e-251,2394,-0.03492469544960734,-0.5882824792915461
46,anxiety_panic,-0.49132438682808577,1.0379340380431109e-145,2394,-0.08022902708388244,-0.4833032435122304
46,frustration_blocked_goal,0.40406236220478586,1.0457970022165806e-94,2394,-0.17757064972412528,0.3900807047478659
48,depressed,0.14389615302333844,1.5075706532161406e-12,2394,0.1892950010011484,0.1673241320405384
48,sad,-0.5185343052993769,6.748882677008016e-165,2394,-0.09789929603910237,-0.4864162712931862
48,gloomy,-0.10713222208084465,1.4866058293887e-07,2394,0.01695266130514409,-0.09038155599879145
48,melancholy,-0.40205043848282634,1.065153356876484e-93,2394,0.00603248337135175,-0.3650268547009173
48,miserable,0.2771165651673545,1.8410908748813417e-43,2394,0.17105119312999056,0.310273917387446
48,dispirited,-0.16341607396118668,8.577375541445088e-16,2394,0.1537262400691893,-0.12468693500865136
48,listless,-0.016934127969547897,0.4075637783492162,2394,0.11588007250423361,0.010511802741632804
48,weary,0.4510001732423099,2.755986780521978e-120,2394,0.18904633019878073,0.4558172332736506
48,worn out,0.6101538592044858,3.535630674463891e-244,2394,0.216860873368719,0.5997332249641221
48,tired,0.5454725040730792,1.0828292175149436e-185,2394,0.12055669769394084,0.538272488053934
48,resigned,-0.405806797202807,1.379901407339717e-95,2394,0.130965524181006,-0.36969191461497664
48,lonely,-0.5672404583976157,6.188424005408926e-204,2394,-0.052611916032751394,-0.538351029695219
48,heartbroken,0.14677001797659991,5.330286417077342e-13,2394,0.1503064705610592,0.16731843571604363
48,grief-stricken,0.06446868921128118,0.0015995245860352357,2394,0.1775887210610897,0.0932354867375048
48,worthless,-0.07778290282403066,0.00013919900582576728,2394,0.16706253031952245,-0.03468194310854409
48,self-critical,0.02284747412475101,0.26379978720093994,2394,-0.09829720622376009,0.013725658664303541
48,ashamed,0.17872156383098067,1.239866018366128e-18,2394,0.051106567560128144,0.19240670519900496
48,guilty,0.258199182758905,9.161280772688091e-38,2394,0.08492116380575775,0.2416547456186314
48,humiliated,0.48230018805429803,1.0128582401512774e-139,2394,0.2014391174057758,0.4913593288462158
48,embarrassed,-0.19786178886519626,1.473277526479642e-22,2394,-0.05466542399168166,-0.1951315362959024
48,regretful,0.129636937680743,1.9337462677981888e-10,2394,0.038232418164528326,0.14173296210404226
48,sorry,0.40567899100996724,1.6012920777446003e-95,2394,0.0020929167861551724,0.3861754595905981
48,desperate,0.6342569984966783,1.2579051556242188e-269,2394,0.13455512067883038,0.6192826721998914
48,panicked,0.27367537419547955,2.1663721417554928e-42,2394,-0.11312533652224113,0.24667833369453313
48,hysterical,0.15467073471535364,2.7474847254689442e-14,2394,-0.05847848416502413,0.1301917308823867
48,overwhelmed,0.49224001933966766,2.5024479051094184e-146,2394,0.17585163147339133,0.4917101094066687
48,distressed,0.42135163100414913,1.1643581932755269e-103,2394,-0.061373245933862175,0.39601446563601966
48,tormented,0.5809942752234112,3.4969607481020477e-216,2394,0.03211750106980512,0.552578049151504
48,trapped,0.18499141135188268,7.140714967548523e-20,2394,0.236859380322229,0.21389657759748867
48,stuck,0.18496442053328258,7.230593464964454e-20,2394,0.17587630949217764,0.21415505467367008
48,frustrated,0.07010182349820145,0.000598241918768252,2394,-0.21974966705721433,0.046911729045646715
48,exasperated,0.11782532497520704,7.374815392704838e-09,2394,-0.1522198514260792,0.08791010309995001
48,angry,0.0006957431973162413,0.972858084459101,2394,-0.18298946741829358,-0.02956456317106118
48,anxious,0.46685762277137616,7.033247653705889e-130,2394,-0.12453088619148742,0.431725362487093
48,afraid,0.28918445292921147,2.4403874702823353e-47,2394,-0.1667433767847678,0.2510764141670975
48,nervous,0.3160622924639865,1.110562819846228e-56,2394,-0.15060140307493522,0.287437856416667
48,stressed,0.5777393214739783,3.1262670179609216e-213,2394,0.009199924231443878,0.5388457457859982
48,calm,-0.7131081059797875,0.0,2394,-0.19048945508679416,-0.6976116900779813
48,self-confident,-0.626252212745774,6.313275514848995e-261,2394,-0.04657353955370377,-0.6217076414755281
48,content,-0.7078452291584713,0.0,2394,-0.16201658713038142,-0.6894415265399576
48,happy,-0.5637824661539006,6.037333587960831e-201,2394,-0.14167925393826067,-0.5652777488814871
48,hopeful,-0.6202374865930685,1.4867096669094282e-254,2394,-0.22523731546015227,-0.6048588392103676
48,clinical_depression,0.28127395843215086,8.931672289427219e-45,2394,0.29737036324223076,0.28497221900261727
48,acute_grief,-0.5339089352833223,1.555740573594105e-176,2394,0.07496743630985922,-0.5008530397296792
48,burnout_exhaustion,-0.1454859625163298,8.5036629417428e-13,2394,0.23592286144592944,-0.14031918710702568
48,physical_illness_fatigue,-0.5304818760347108,6.888458335083785e-174,2394,0.0432063196705733,-0.5069693272095873
48,anxiety_panic,-0.21818485576393368,3.432366659357585e-27,2394,-0.16452075648808673,-0.22751581028535106
48,frustration_blocked_goal,0.26333299599984256,2.8928082025018746e-39,2394,-0.2336526262972254,0.2479387784437057
50,depressed,0.06731841341174669,0.000981386773836204,2394,0.25423690483754335,0.09813652911112433
50,sad,-0.42502922182868386,1.238368749942545e-105,2394,-0.023275268304570537,-0.380053169627516
50,gloomy,-0.2469564192301321,1.3555697438780316e-34,2394,0.0208370430245099,-0.21181093096725448
50,melancholy,-0.26824296554954025,9.877362372881787e-41,2394,0.127655396707798,-0.21810072158989766
50,miserable,-0.10782449745077302,1.2341690579532643e-07,2394,0.20032088550229965,-0.06295522996116527
50,dispirited,0.0016158760794019948,0.9370157733240716,2394,0.16026876462588224,0.050566993228415305
50,listless,-0.005760987578531864,0.778149233653778,2394,0.09860459204406685,0.03427238348351065
50,weary,0.29115107530560247,5.460482654663267e-48,2394,0.1519191899275455,0.31104518031727485
50,worn out,0.374659389911021,1.1874346795461806e-80,2394,0.16024759392749183,0.37985149366562865
50,tired,0.1469843596374037,4.92848866596891e-13,2394,0.013540292092612698,0.14384869866590574
50,resigned,-0.06345738018666774,0.0018938989177996336,2394,0.1673668124435185,-0.021339535990391262
50,lonely,-0.3782000488086106,2.866777921309275e-82,2394,0.038964838245601416,-0.3493512844762857
50,heartbroken,0.005936445437781879,0.7715772951171745,2394,0.19373057504428043,0.029872612485314153
50,grief-stricken,0.0002176940988185856,0.9915059714368453,2394,0.21043248564620753,0.03485926603314314
50,worthless,0.09993765879461221,9.60722049934348e-07,2394,0.23545346299813513,0.1364445525046132
50,self-critical,0.3486506989773504,2.2391772087290659e-69,2394,-0.04623678114612753,0.31158645832210036
50,ashamed,0.5321177265002905,3.791473692347222e-175,2394,0.13406393283564882,0.5291674584097215
50,guilty,0.5481527561206159,7.252817917760848e-188,2394,0.11433115189974218,0.5256688294353847
50,humiliated,0.6089318590991781,6.033697976324058e-243,2394,0.2383969390141747,0.6072933887448878
50,embarrassed,-0.0982284903759427,1.4696911792088357e-06,2394,-0.10187477673312155,-0.10378601133010856
50,regretful,0.528239424252649,3.574507890585608e-172,2394,0.08796351839750761,0.5117415890530818
50,sorry,0.5691893109947048,1.2336898649178237e-205,2394,0.0927835503348406,0.5530823218991212
50,desperate,0.6568101188636629,1.3939967877436426e-295,2394,0.15879136193603055,0.633111990678927
50,panicked,-0.04375634090209479,0.032286929455585416,2394,-0.1539421315004219,-0.08121948910720032
50,hysterical,-0.1269619340632786,4.5450660351781424e-10,2394,-0.07633628240818612,-0.14656837580000345
50,overwhelmed,0.029654028431221245,0.14692223133682697,2394,-0.015797754279347216,-0.0024928595284034773
50,distressed,-0.1815063238428061,3.534274302201079e-19,2394,-0.12814284621873495,-0.21895096176042392
50,tormented,0.24411146176208878,8.115251595667396e-34,2394,0.03301277164503355,0.2176221033871847
50,trapped,0.2313995124865537,1.8203846514693533e-30,2394,0.1072153945890661,0.2185274150353059
50,stuck,0.16211720997364854,1.4531704530595659e-15,2394,0.18554429503516337,0.19612532530919455
50,frustrated,0.03879219836750792,0.05772667135388642,2394,-0.1975721581961477,0.020093715780390178
50,exasperated,0.03250747208517116,0.11180504901268452,2394,-0.20506963225624908,0.009837139162196305
50,angry,0.23058618467889708,2.936556993264269e-30,2394,-0.12568852743976527,0.20502573704193158
50,anxious,-0.2743318535335441,1.3572909293179171e-42,2394,-0.17064738720645561,-0.316120107196319
50,afraid,-0.21605310819568652,1.1076162845725229e-26,2394,-0.13445586483390837,-0.2512499995846971
50,nervous,-0.1661386486477254,2.801154137049082e-16,2394,-0.19335219056787378,-0.18949417745510014
50,stressed,0.06103934674760459,0.002810014713955448,2394,-0.07353877805843566,0.004974821486428177
50,calm,-0.6568284766153878,1.3250117824127163e-295,2394,-0.1263090568077131,-0.6446507679451057
50,self-confident,-0.4250741278854516,1.1711252511082181e-105,2394,-0.04916751134774955,-0.42376893832447654
50,content,-0.6903700190025113,0.0,2394,-0.1450518774129627,-0.6687896875763724
50,happy,-0.5599077271957792,1.2263482891177315e-197,2394,-0.1667187679858493,-0.5425823781835618
50,hopeful,-0.20970810500418505,3.3644221414086855e-25,2394,-0.08546346323790606,-0.19372587742399414
50,clinical_depression,0.17320808709437874,1.4018543002070488e-17,2394,0.2412748693507139,0.18728956520344475
50,acute_grief,-0.5132759034838176,4.7207479768109674e-161,2394,0.0650376734075609,-0.48212638761690113
50,burnout_exhaustion,-0.025870343618176625,0.2057465026215587,2394,0.2669847804674463,-0.009766053563656864
50,physical_illness_fatigue,0.009126134167220168,0.6553774366642006,2394,0.06957244397211892,0.017960435192798378
50,anxiety_panic,-0.5519909656336746,5.159625172815935e-191,2394,-0.18804470523822447,-0.5569384878706208
50,frustration_blocked_goal,0.2587015035661444,6.555450219754018e-38,2394,-0.2222076010692914,0.23877022630601968
52,depressed,0.1107576504105694,5.5383199770868023e-08,2394,0.21901721671579838,0.13018822363020807
52,sad,-0.2885156699552412,4.0495037206252393e-47,2394,0.03889588998671997,-0.26423868022872354
52,gloomy,0.18059989833588228,5.329471756619787e-19,2394,0.07872340126981428,0.19021171296886397
52,melancholy,-0.4142680752673207,6.283461712942312e-100,2394,0.12325432683689877,-0.3959832929358927
52,miserable,0.5026529186256552,1.7319741794279962e-153,2394,0.2454482112783344,0.5095521401230024
52,dispirited,-0.004921165363470946,0.8098178386588762,2394,0.2361961377466157,0.02816169089507172
52,listless,-0.28237545721177165,3.971413753947586e-45,2394,0.1287751966157596,-0.2543568376779593
52,weary,0.5786952070977365,4.283060746543068e-214,2394,0.20607736521811706,0.5882380429532893
52,worn out,0.5179776745562568,1.7355014713192104e-164,2394,0.21170949035788944,0.5287535690576634
52,tired,0.4902672789542032,5.334549216947868e-145,2394,0.15067774780812776,0.4784053861209046
52,resigned,-0.11321895073161435,2.7823132978151427e-08,2394,0.15023031124917602,-0.08888698058572528
52,lonely,-0.5008661626297234,3.053453599515647e-152,2394,-0.015176454899625881,-0.48765757976041174
52,heartbroken,0.11038759562044535,6.134493917956309e-08,2394,0.2085603144907932,0.11625437647459684
52,grief-stricken,-0.011438974634906507,0.575876421469616,2394,0.19040467377038606,0.017062443928551514
52,worthless,0.17456225984879012,7.783359341158429e-18,2394,0.2728150258270785,0.2014450514078706
52,self-critical,0.6246344202710264,3.371943692625059e-259,2394,0.17685889333950575,0.6016497604741168
52,ashamed,0.6551313450439756,1.4237182641249772e-293,2394,0.12477877923917036,0.6370162761765485
52,guilty,0.62150466682009,6.93977506171861e-256,2394,0.12689849147002133,0.6001184710670039
52,humiliated,0.5327008311876905,1.3435263410160965e-175,2394,0.09539992861942907,0.5313896882518365
52,embarrassed,-0.40184495327955144,1.348863878609953e-93,2394,-0.20023065570117493,-0.4045651075643066
52,regretful,0.4903859326698536,4.440428848238085e-145,2394,0.1305634983207229,0.46745588270228405
52,sorry,0.6712919088544191,0.0,2394,0.14718152434322168,0.6578357802799062
52,desperate,0.7136988897131433,0.0,2394,0.2556661639489192,0.7021538912598592
52,panicked,-0.2541433296374187,1.3301398266552705e-36,2394,-0.2649638041487383,-0.27946064815926475
52,hysterical,-0.5079242355190636,3.298720647871494e-157,2394,-0.21227966481872412,-0.5093451955121528
52,overwhelmed,-0.15252756597851724,6.237815132204894e-14,2394,-0.057453208570864146,-0.15733609153908037
52,distressed,0.003494334698825358,0.8643150945195237,2394,-0.20898619413086417,-0.03089053283090673
52,tormented,0.6321515165529853,2.588417565732242e-267,2394,0.07160068630228597,0.6077125841523805
52,trapped,0.49010835163914823,6.819679655892751e-145,2394,0.077217431545157,0.4679490879448984
52,stuck,0.2151454285052855,1.817151073428258e-26,2394,0.21098388787862793,0.22143284621123635
52,frustrated,-0.03963295292381752,0.05250977514408095,2394,-0.22442519576461584,-0.05270101198120468
52,exasperated,0.16614549098134804,2.793220104805123e-16,2394,-0.1496179262529157,0.14642683019325395
52,angry,-0.05775736545804994,0.004700593656246577,2394,-0.20832317008432127,-0.05652427420895431
52,anxious,-0.23426850588214576,3.3202778092137534e-31,2394,-0.17667092001165582,-0.25572937499710147
52,afraid,-0.10006547563194916,9.303989877511574e-07,2394,-0.18736926336809195,-0.1188368634257869
52,nervous,-0.06340265722187859,0.0019111644265509269,2394,-0.22290841057893207,-0.08644234746900721
52,stressed,0.1576558355844225,8.600527365917235e-15,2394,-0.1001445190662596,0.11978846336780029
52,calm,-0.6673420128601381,1.7339155023576944e-308,2394,-0.16401572201642892,-0.6583908743515301
52,self-confident,-0.5237578621851268,8.759192828735103e-169,2394,-0.10943152719404378,-0.5063967739467463
52,content,-0.6915532268335435,0.0,2394,-0.12643063056112178,-0.6796048308289404
52,happy,-0.6944466327767037,0.0,2394,-0.21001463745096896,-0.6771797560151336
52,hopeful,-0.6564635177609174,3.6318909699086486e-295,2394,-0.13752345454667295,-0.622074433581001
52,clinical_depression,0.1674743897567376,1.6064583561417616e-16,2394,0.250746883592072,0.16167125837498916
52,acute_grief,-0.1854313941153671,5.822002946646487e-20,2394,0.11609947709391674,-0.17591657009381634
52,burnout_exhaustion,-0.16767308291806252,1.4783619884340897e-16,2394,0.13764632962799078,-0.15588346937616623
52,physical_illness_fatigue,-0.2901201756887031,1.1987384432338318e-47,2394,0.054962903577707306,-0.2706404158097889
52,anxiety_panic,-0.40963750569251745,1.54796402896677e-97,2394,-0.17384244270758958,-0.4067595670805334
52,frustration_blocked_goal,0.21426171816262432,2.936136881916562e-26,2394,-0.1862419312556687,0.20523165569507834
54,depressed,0.3613425541937839,9.526509700876917e-75,2394,0.21085696898543146,0.37756144641613637
54,sad,0.21565881611956497,1.3737422436170887e-26,2394,0.016799708372940675,0.21398500650230182
54,gloomy,0.2258146999870253,4.678051445250025e-29,2394,0.045222176602086606,0.23558221251180034
54,melancholy,-0.23913747136067764,1.754067890263986e-32,2394,0.11395305070653478,-0.20268302634259233
54,miserable,0.4510196191084147,2.684238922218019e-120,2394,0.17984068159405814,0.4612474728607859
54,dispirited,0.19001169003951154,6.743310611514375e-21,2394,0.13469683544513464,0.23323016268930827
54,listless,0.05904015621033994,0.003855365043421723,2394,0.1560970408917767,0.09618219122995102
54,weary,0.5147549203147114,3.9756896544077956e-162,2394,0.11491631547831718,0.5264737385974093
54,worn out,0.5423907339211081,3.2364702596944104e-183,2394,0.1532336368093623,0.5440009627194731
54,tired,0.48927735139266415,2.4580157755001604e-144,2394,0.08045703917381641,0.4799312502298969
54,resigned,-0.2714448411129982,1.0507400494031663e-41,2394,0.15884898528785474,-0.2234623020878162
54,lonely,-0.5266157784746972,6.123570096987364e-171,2394,0.0939692256999685,-0.5102741271818344
54,heartbroken,0.4663131789987343,1.5310616827344055e-129,2394,0.20718996912984183,0.46406704899461915
54,grief-stricken,0.0935311253853675,4.561625835687914e-06,2394,0.18934623431118763,0.11221840377862896
54,worthless,0.11618411935602657,1.1906172288186547e-08,2394,0.22688380549862644,0.15456855064602726
54,self-critical,0.009695241308049727,0.635402075814548,2394,0.07334244207246104,0.017306860129279636
54,ashamed,-0.10172525669511097,6.113102711473381e-07,2394,0.054276899970519224,-0.08422932714210164
54,guilty,0.2631433080716446,3.29126691478025e-39,2394,0.15408917184506163,0.2695785753484397
54,humiliated,-0.43893828338280816,2.5380878423661586e-113,2394,-0.04959646479372601,-0.4412887087862303
54,embarrassed,-0.68304227211656,0.0,2394,-0.1985232542918829,-0.6829780111075735
54,regretful,0.24832979917364634,5.66690866694753e-35,2394,0.19056943974736504,0.24756927357558164
54,sorry,0.5594732132740526,2.863026749743618e-197,2394,0.2054984202264926,0.5605598009831116
54,desperate,0.6746994861077036,0.0,2394,0.13696237042648957,0.662151411941496
54,panicked,0.31777330950435967,2.61224814858513e-57,2394,-0.15918656130638276,0.2914164699266265
54,hysterical,0.3509067746800057,2.5897469000355788e-70,2394,-0.09732846330664048,0.31589185596783936
54,overwhelmed,0.49834859386046626,1.6914227767118199e-150,2394,-0.021032047181699466,0.4813396334751791
54,distressed,0.46758014100201406,2.499624022210475e-130,2394,-0.11631650730442888,0.44635996323958915
54,tormented,0.6498597643621611,2.3963581508676535e-287,2394,0.07213750193281472,0.629356715200628
54,trapped,0.2066798111067152,1.6509854251618282e-24,2394,0.1286945503373522,0.20553433809734095
54,stuck,0.12611185181711818,5.941338370167672e-10,2394,0.2121117189216541,0.1463604560155978
54,frustrated,0.09091063322500116,8.388259864072933e-06,2394,-0.16003312423616306,0.06723480116315181
54,exasperated,0.09765336329438419,1.693065267643429e-06,2394,-0.1376239129488252,0.06960237901873159
54,angry,0.23000464452903258,4.1289263491968055e-30,2394,-0.09065083348454654,0.2166966176849168
54,anxious,-0.050316231505947835,0.013809821653126159,2394,-0.15861001229161004,-0.0692173863082317
54,afraid,-0.20496254886957957,4.024532436320452e-24,2394,-0.1133955699802228,-0.22568230051240973
54,nervous,0.12876965641462754,2.556038147863981e-10,2394,-0.16598291674636945,0.10895112683229266
54,stressed,0.19150061729526,3.3064651625279796e-21,2394,-0.16784771942370535,0.16007305836784966
54,calm,-0.6421499871485801,1.8398995049514896e-278,2394,-0.20608329593055985,-0.6381026837940034
54,self-confident,-0.5080872965604752,2.52476940606102e-157,2394,-0.027184942350789883,-0.5070351164410872
54,content,-0.7149691564227009,0.0,2394,-0.2275016072683653,-0.71138080455185
54,happy,-0.7020150817716109,0.0,2394,-0.2629892676127017,-0.6991407401770758
54,hopeful,-0.6788808330127905,0.0,2394,-0.20488836484807132,-0.6553981853292616
54,clinical_depression,0.46918008667766925,2.5068781679049753e-131,2394,0.193182359367222,0.46477517375914057
54,acute_grief,0.07217255155853215,0.00040922645611873377,2394,0.23914954223504895,0.09784990399848839
54,burnout_exhaustion,-0.044153772404311516,0.030749146562205374,2394,0.15991036640907116,-0.044420283536446
54,physical_illness_fatigue,-0.148878620060365,2.453193304519337e-13,2394,0.028337351568827537,-0.1410369773670928
54,anxiety_panic,-0.5281226096191565,4.3873937436548583e-172,2394,-0.16579984776742962,-0.5263599295076452
54,frustration_blocked_goal,0.07594545837264957,0.00019975162916296063,2394,-0.1941920988445465,0.05683847853846046
56,depressed,-0.05899020622995246,0.0038855055561551775,2394,0.19213121699672975,-0.030669998829285502
56,sad,-0.13988238113547474,6.221340611334817e-12,2394,0.09865059860734168,-0.10773146891785235
56,gloomy,-0.09952693680138695,1.064732992433553e-06,2394,0.12212552328597472,-0.0668329476807857
56,melancholy,-0.3532518077391682,2.699718265447869e-71,2394,0.09252874195680441,-0.32138724216579234
56,miserable,0.24873487716715756,4.377013771140575e-35,2394,0.20289650870004192,0.27498807107930046
56,dispirited,0.019915598564916728,0.3300424232580601,2394,0.14629376851831916,0.050178156113104944
56,listless,-0.3093217864560113,3.031786710864061e-54,2394,0.09281595510351281,-0.2739989083054164
56,weary,0.41265211641986227,4.33597886609979e-99,2394,0.1219658599016187,0.4226957918351406
56,worn out,0.42460607595645244,2.0948037292226177e-105,2394,0.13495065707489334,0.43793235987460316
56,tired,0.4886822633242746,6.14307786388791e-144,2394,0.14836187404103637,0.48169921620046113
56,resigned,-0.31647014963195796,7.872164983603698e-57,2394,0.011148642597649736,-0.3144059943152376
56,lonely,-0.36573234687894307,1.1572362251607687e-76,2394,0.20231496858499787,-0.3408416544476051
56,heartbroken,0.3976264972476032,1.65742100525203e-91,2394,0.237649454549381,0.4168898767188684
56,grief-stricken,-0.08419539357915898,3.7117026962881516e-05,2394,0.24907762749127457,-0.04914469489075706
56,worthless,-0.07662484054460524,0.0001749401826911294,2394,0.1673055766977133,-0.03392596560860916
56,self-critical,0.2891153992914406,2.571556880376351e-47,2394,-0.06657661053282327,0.2829374859985822
56,ashamed,0.403609728958121,1.7653120457339872e-94,2394,0.1692929654525005,0.4137755142920473
56,guilty,0.3385419032112341,2.8454050429766836e-65,2394,0.14041928557394193,0.34111954366022584
56,humiliated,0.23042832027852558,3.221473577541509e-30,2394,-0.049918257512468006,0.2215682002769424
56,embarrassed,-0.21316560781230784,5.308377072184981e-26,2394,-0.13013351162759157,-0.23853714144699176
56,regretful,0.5329976278776944,7.917240471577375e-176,2394,0.14373634619246659,0.5179019830617309
56,sorry,0.5896554815520364,3.3554238257194765e-224,2394,0.18290760415450324,0.5932390452366584
56,desperate,0.6508517156339945,1.6500114029993524e-288,2394,0.19099437146659895,0.6414270754418393
56,panicked,0.22119536315328453,6.424451689186047e-28,2394,-0.12149991049016444,0.205275883801429
56,hysterical,0.27835087625076316,7.538371884731625e-44,2394,-0.09516165994785594,0.2477382635535903
56,overwhelmed,0.04717615848032116,0.02098027262279085,2394,-0.08931683010327159,0.043082066797911586
56,distressed,0.2282018460118484,1.1804208614777729e-29,2394,-0.05278491080574773,0.21359153845415912
56,tormented,0.527836237914049,7.248022799429291e-172,2394,0.06715408999206927,0.515802155912083
56,trapped,0.056912555111376516,0.005345340263422678,2394,0.10430783858509549,0.06860827960175067
56,stuck,-0.2348847461027602,2.2968722541621754e-31,2394,0.0846274945536695,-0.2160919404580753
56,frustrated,0.10463438813501735,2.881739033061792e-07,2394,-0.19961545346539067,0.05882727281663497
56,exasperated,0.296595404322369,8.129528280920926e-50,2394,-0.14150267329700086,0.24851054433596012
56,angry,0.22567238012104102,5.075770800451831e-29,2394,-0.17137642587894447,0.18438476393834372
56,anxious,-0.46981699551276096,1.0001636135097553e-131,2394,-0.16552086222598666,-0.4633242671873606
56,afraid,-0.12270373256381907,1.7084366694696188e-09,2394,-0.12172306575374404,-0.10852597026901326
56,nervous,-0.00819477077155096,0.6886002755896338,2394,-0.06264188915226118,-0.004234407911606318
56,stressed,0.009787844911133868,0.6321761799019665,2394,-0.137508129148949,-0.010657300333880777
56,calm,-0.6337277225398263,4.818141742794418e-269,2394,-0.1570700233070388,-0.6220471035456184
56,self-confident,-0.5230131273846851,3.167881381312067e-168,2394,-0.2197117962899329,-0.5198837659068095
56,content,-0.5685432187345104,4.53088408594598e-205,2394,-0.11706062848274658,-0.5676566255290444
56,happy,-0.5394928580575136,6.523634338002319e-181,2394,-0.15606994676607522,-0.5576636782099321
56,hopeful,-0.6131419347522715,3.2571626968657537e-247,2394,-0.20359423692105313,-0.5932861527551485
56,clinical_depression,0.018684088341274607,0.360828730589491,2394,0.17534532345461495,0.033467640635897224
56,acute_grief,-0.03267596694050654,0.10995876823621539,2394,0.2828435544004756,0.00041874260189589635
56,burnout_exhaustion,-0.16690346814744456,2.0385477862872294e-16,2394,0.11609370908969904,-0.1632805141007358
56,physical_illness_fatigue,-0.0053257144572764975,0.794520474975323,2394,0.03748419363132191,0.004473421754738655
56,anxiety_panic,-0.4455217775342331,4.347485641628834e-117,2394,-0.24847542067858924,-0.4515772599555861
56,frustration_blocked_goal,0.20747587778472626,1.0893894785921862e-24,2394,-0.1293330684431841,0.17655259291019165
58,depressed,-0.10544207297669317,2.3303171836724813e-07,2394,0.2135466027929238,-0.08646416164041978
58,sad,-0.6229694715290226,1.9735826269136284e-257,2394,-0.010134324995646565,-0.6045491327377223
58,gloomy,-0.5154372752113199,1.264294402104948e-162,2394,0.08587240298700885,-0.5072530188472489
58,melancholy,-0.586364331186001,3.99042667561685e-221,2394,0.04980958068769997,-0.5762706722955585
58,miserable,-0.24516938829902138,4.182846318712019e-34,2394,0.12762052952670486,-0.23485074084507865
58,dispirited,-0.3194050405597028,6.512731297263322e-58,2394,0.09027745601212267,-0.31943829999921614
58,listless,-0.5840669623701058,5.331616813668955e-219,2394,0.058676172946622716,-0.5648745180710296
58,weary,-0.6069084988288411,6.440261236622843e-241,2394,-0.004030195145104557,-0.5732105704123976
58,worn out,-0.4993587212892318,3.392145582243491e-151,2394,0.030013334996468015,-0.45358833475107774
58,tired,-0.5009910911048828,2.4997426089236635e-152,2394,0.04952781055182741,-0.47339591083206356
58,resigned,-0.5779133592919595,2.178026033419439e-213,2394,-0.0034439823790479787,-0.571323061222482
58,lonely,-0.08531181977938865,2.9199352436701882e-05,2394,0.1940001556142396,-0.08922814600992922
58,heartbroken,-0.2156191931566091,1.4037591308165581e-26,2394,0.17151752497418551,-0.18463786500714915
58,grief-stricken,-0.19562519836441802,4.452971688016353e-22,2394,0.19058761033328606,-0.16515144961675324
58,worthless,0.07810573931398732,0.00013053491100539264,2394,0.040339136456164534,0.06790833536844766
58,self-critical,0.5568811238011286,4.386223493147537e-195,2394,-0.05458392532143211,0.5180372560991
58,ashamed,0.6385011105596605,2.4061541569446095e-274,2394,0.14449016817173252,0.6052359697509027
58,guilty,0.6653637016070053,5.052064626605356e-306,2394,0.14350194556913698,0.6406848792720601
58,humiliated,0.5749347626584901,1.0267054729076015e-210,2394,0.051950656466834846,0.5252505549144454
58,embarrassed,0.34721840706984375,8.726971603638102e-69,2394,-0.012293645823322236,0.2865700447495497
58,regretful,0.6301152989936745,4.29843765445183e-265,2394,0.12644607451283302,0.5983982843919844
58,sorry,0.6805976320916809,0.0,2394,0.20105136398371903,0.6850974784886718
58,desperate,0.6767337915204676,0.0,2394,0.11252850278535113,0.6699992692776556
58,panicked,0.044362660545079945,0.02996639731707509,2394,-0.16213543123887478,0.03830389194615111
58,hysterical,0.5482073736671446,6.546347544515303e-188,2394,-0.028603825948187982,0.5294766755755056
58,overwhelmed,-0.18822130317824218,1.5764514891697653e-20,2394,-0.0925874544720404,-0.17659451463043332
58,distressed,-0.01060422216423704,0.6040449455714605,2394,-0.1559932949869386,-0.0052028848038907114
58,tormented,0.4486093669493164,6.967770484102788e-119,2394,-0.00229756420150869,0.4463422408434523
58,trapped,-0.6079243676315961,6.199774637888239e-242,2394,0.0051663456162757485,-0.5821274186754156
58,stuck,-0.3533585749488851,2.4345168917188766e-71,2394,0.04896713813601128,-0.32886196845584853
58,frustrated,0.30171282262129057,1.4322884811809362e-51,2394,-0.19351699284554685,0.27711132510618003
58,exasperated,0.42987653679296867,2.8460932835727326e-108,2394,-0.13663833532751013,0.3905482087950466
58,angry,0.5415916055851413,1.405390450957705e-182,2394,-0.03360590937048839,0.5300731028306525
58,anxious,-0.042099225576055235,0.03942817570964546,2394,-0.1340362055613455,-0.05135130403850146
58,afraid,0.16828860326197603,1.1420992954615456e-16,2394,-0.14674815753662873,0.13454342805293526
58,nervous,-0.024305534472986237,0.23452297283995138,2394,-0.10748322218265095,-0.028394725046655463
58,stressed,0.4053807561142557,2.2654619844104945e-95,2394,-0.15009517966044417,0.3787956579938668
58,calm,-0.6903520542053182,0.0,2394,-0.07910084831361569,-0.6696465799613511
58,self-confident,-0.2101000828359279,2.733392009248944e-25,2394,0.030955800263776458,-0.20210379393862024
58,content,-0.6247444149499806,2.5747844100392942e-259,2394,-0.010469514979425222,-0.603547296900348
58,happy,-0.32157084070189684,1.0168176169827515e-58,2394,-0.04539482935625708,-0.30483093082008195
58,hopeful,-0.33805328968496656,4.4532216415601185e-65,2394,0.015959626204499144,-0.2882944641193536
58,clinical_depression,-0.3432204361639082,3.746546055824223e-67,2394,0.05480283984587375,-0.33994272788665336
58,acute_grief,0.15419823951764525,3.2951579471270075e-14,2394,0.24598336996619974,0.1838486904288858
58,burnout_exhaustion,0.5438577621021634,2.1620071026279854e-184,2394,0.2684871925240751,0.5403308247946977
58,physical_illness_fatigue,0.4346739429960859,6.309909848988743e-111,2394,0.14952159064799025,0.43499858081789994
58,anxiety_panic,-0.5022316331190576,3.4123460820501123e-153,2394,-0.2870050509732595,-0.5138435801450181
58,frustration_blocked_goal,-0.1260901127229744,5.982041774398825e-10,2394,-0.23503539659694975,-0.14126979671855389
59,depressed,-0.23938256372288919,1.5100481921092922e-32,2394,0.1336854032004831,-0.2993796720075692
59,sad,-0.03213063124014531,0.1160227090546262,2394,-0.14480448874779062,-0.08408639056230331
59,gloomy,-0.48753436488113294,3.576913115350091e-143,2394,-0.15597536761346778,-0.5078143282062286
59,melancholy,-0.037577387885450925,0.06601895545173458,2394,-0.023968470515395843,-0.09710863856223663
59,miserable,-0.1782859364249983,1.5060795577472167e-18,2394,-0.02292718562288652,-0.24542256592470368
59,dispirited,-0.5093657211534386,3.087470268950776e-158,2394,-0.1354098977548299,-0.5449057711725269
59,listless,-0.5316479015094273,8.733693950837517e-175,2394,-0.0399234027187683,-0.5609129637258587
59,weary,-0.3729635817136835,6.951275937354751e-80,2394,-0.023509835634157147,-0.4240623924508417
59,worn out,-0.20162402846464889,2.2241358135710828e-23,2394,0.09235617573354431,-0.23645508759141398
59,tired,-0.2714686931987585,1.0332281434282973e-41,2394,0.1341268002255893,-0.26176005009519204
59,resigned,-0.011491060469114233,0.5741395331388855,2394,-0.14247553797926793,-0.06438054415832757
59,lonely,-0.6301729474660525,3.7211706390197354e-265,2394,-0.24803411522419958,-0.6262406873356926
59,heartbroken,0.23365220110148777,4.794746932766444e-31,2394,0.03396307564134543,0.1921762053972006
59,grief-stricken,0.23302035120385559,6.980748896322107e-31,2394,-0.003859663206588114,0.1771259225038466
59,worthless,-0.367097157026173,2.895624914795412e-77,2394,-0.16286728228378894,-0.3850573912703055
59,self-critical,0.39680456827238936,4.19783997963723e-91,2394,-0.10568253134165609,0.3729017527122197
59,ashamed,-0.37531950745668646,5.9514639941506025e-81,2394,-0.043311250397574164,-0.32922566470739645
59,guilty,0.4403277053708872,4.135752057767845e-114,2394,-0.07419519778726212,0.44916348478448787
59,humiliated,0.4969587930998989,1.529247747050931e-149,2394,0.03430026265866651,0.4979908371996078
59,embarrassed,0.46001355936921945,1.1215114348831915e-125,2394,0.09595136196421883,0.4812483458391938
59,regretful,0.2549860276971695,7.659207880559824e-37,2394,-0.14186057827662749,0.24758183552912658
59,sorry,0.4279113346118875,3.382186422026014e-107,2394,-0.12438941506637184,0.4286756630172876
59,desperate,0.6656251121721788,2.39281620852736e-306,2394,0.09422206869253627,0.6619345695837338
59,panicked,0.19058587364840957,5.1264518187313325e-21,2394,0.09002419586701926,0.20297431875223915
59,hysterical,0.34093394275564975,3.13852452669659e-66,2394,0.09585839517368319,0.3126350697274712
59,overwhelmed,0.36445324142430163,4.2137595328960196e-76,2394,0.1340381935201413,0.36106283225965513
59,distressed,0.4526961687445399,2.7436488735035636e-121,2394,0.10509646772794562,0.4480423807252357
59,tormented,0.3618210224160505,5.910274885288723e-75,2394,0.0991427145295252,0.33464762899155825
59,trapped,0.06297027339045172,0.0020527491414213915,2394,0.029509452656383533,0.07975130691285069
59,stuck,0.2044601139480372,5.2153415716201875e-24,2394,-0.10899045086193535,0.1839656280441268
59,frustrated,0.5203648067157244,2.984720226956754e-166,2394,0.043657241565719734,0.5444642156365398
59,exasperated,0.38548000228287116,1.1707714518946288e-85,2394,-0.05593571877277814,0.40160658218712636
59,angry,0.6087160706045152,9.944885781076857e-243,2394,0.16293831521046132,0.5970267922693993
59,anxious,-0.0775810813313658,0.00014488736375802062,2394,0.10695088961265384,-0.04393857540711387
59,afraid,0.15227027580955646,6.877701532499444e-14,2394,0.05544953951100076,0.1671221017493193
59,nervous,-0.18100641811809057,4.434009607486562e-19,2394,0.09115281542663622,-0.144748303382769
59,stressed,0.02746678763707655,0.17912280363772035,2394,0.14360910524772277,0.05951990331451701
59,calm,-0.6117527152356333,8.476434578721563e-246,2394,-0.05339262018467196,-0.5940662966615405
59,self-confident,-0.46338125903017646,9.858508720230712e-128,2394,-0.07022968838565337,-0.43460353435017324
59,content,-0.6430317812271805,1.826174019046014e-279,2394,-0.07021667685649369,-0.6242808600904028
59,happy,-0.3214486698450307,1.12957574828222e-58,2394,0.007479669503791177,-0.28151051690026785
59,hopeful,-0.49703180242660316,1.3625583107496338e-149,2394,-0.1286085075726205,-0.4417019326603697
59,clinical_depression,0.519485683853133,1.337740933567522e-165,2394,0.14176750087061746,0.47739615412884556
59,acute_grief,-0.4611121181445921,2.4080353514287506e-126,2394,-0.059804836372957915,-0.44582341837428885
59,burnout_exhaustion,0.3592401140355957,7.686799986223167e-74,2394,0.011426022763501978,0.38911488721553616
59,physical_illness_fatigue,-0.388349978330987,5.112242151054803e-87,2394,-0.09074173198334545,-0.382852635272559
59,anxiety_panic,0.254841423087227,8.421346327752897e-37,2394,0.02929684818390022,0.25270268827983994
59,frustration_blocked_goal,-0.4761938919803884,9.070116390292163e-136,2394,-0.05587998271223722,-0.459461890371795
