layer,label,spearman_frustration,p,n,spearman_within_turn_mean,spearman_petri_depression
6,depressed,0.4451395572026481,7.230633412553902e-117,2394,0.08928875822288863,0.4635040864024589
6,sad,0.5074838018672342,6.787111323310009e-157,2394,0.13919472184119483,0.5077401365020817
6,gloomy,0.04923450955215677,0.015988646945674107,2394,0.06432608548265685,0.03313123893345134
6,melancholy,0.4414584919408317,9.387733396081799e-115,2394,0.07615112853251815,0.45936234568566187
6,miserable,0.3631193415330138,1.6115310615652341e-75,2394,0.04899736335826825,0.3648516717948465
6,dispirited,0.2205227574766465,9.362031331258263e-28,2394,0.07321056213342722,0.2158334343834799
6,listless,-0.25009849532823897,1.8284391600816956e-35,2394,-0.012959604597958103,-0.22235449089225975
6,weary,0.4531269671196765,1.5237699372733458e-121,2394,0.09646212454078432,0.4676223446823172
6,worn out,0.4771477603018183,2.2158070415702913e-136,2394,0.1138906164254528,0.4823307792416902
6,tired,0.38696958787667524,2.3140230700419943e-86,2394,0.03748251722399511,0.3625750983546122
6,resigned,-0.07552821135235852,0.0002165891824399433,2394,-0.048939859000735886,-0.040663353901100846
6,lonely,0.47090302735611334,2.078036103540149e-132,2394,0.10456840793334538,0.4465302429365811
6,heartbroken,0.4697943732589749,1.0333792973624235e-131,2394,0.11844599319652054,0.49383771919019265
6,grief-stricken,0.4436671390109179,5.100982241074663e-116,2394,0.0893513328600934,0.46587239008275755
6,worthless,0.4879913572378485,1.775225340961691e-143,2394,0.09550460141942296,0.5095366493250869
6,self-critical,0.27151040031862245,1.0033016317699216e-41,2394,-0.048337004311980264,0.2745808233682858
6,ashamed,0.15910281328351547,4.85829240811848e-15,2394,-0.008555291004669136,0.189128642058035
6,guilty,0.3874056641891118,1.4373057733321737e-86,2394,-0.02056604262617323,0.4126836778495913
6,humiliated,-0.42073164502887245,2.490758172940944e-103,2394,-0.0691662214691536,-0.4404099936563613
6,embarrassed,-0.46131308187352804,1.8162364116025506e-126,2394,-0.07743006293092819,-0.4850681144970581
6,regretful,0.4293212811332975,5.737087282940845e-108,2394,0.028041363164689203,0.45873203745214575
6,sorry,0.3074582734661031,1.3933224856126715e-53,2394,-0.034188941510037624,0.2908844815283519
6,desperate,0.4005012815104287,6.292195594029951e-93,2394,0.08326290061379372,0.4245356350173147
6,panicked,-0.2999374039121766,5.869583629262868e-51,2394,0.0272463530822185,-0.28986210057128226
6,hysterical,0.40115485327772005,2.9775710822189617e-93,2394,0.12685194037156894,0.4159646483929706
6,overwhelmed,0.1481692527347164,3.1889819974284013e-13,2394,-0.016035090146264492,0.11100059182572491
6,distressed,0.3947524451855068,4.2237805615334e-90,2394,0.08331928628327392,0.4089097145622656
6,tormented,0.4210163229081584,1.7570320315777709e-103,2394,0.06382214946025412,0.44631159371206214
6,trapped,0.3631795103198431,1.5171210018752838e-75,2394,0.0035708176015586766,0.35245711670338886
6,stuck,0.2864478535711355,1.9216524272161155e-46,2394,0.0014713732936032405,0.2828252585467498
6,frustrated,-0.5669308334193953,1.149958830491602e-203,2394,-0.10680068129270184,-0.5795280764846704
6,exasperated,-0.5320463367954741,4.304372857616312e-175,2394,-0.09738359655035264,-0.5435771881077411
6,angry,-0.55887067700587,9.25802891007531e-197,2394,-0.06307494202096084,-0.5723116459597832
6,anxious,-0.474562324164406,1.0001694805479579e-134,2394,-0.09742935324230234,-0.49076997781380427
6,afraid,0.2845571733570633,7.889376625297064e-46,2394,0.04778589018371299,0.2601835377636706
6,nervous,-0.4978352180778059,3.819314051458464e-150,2394,-0.08159206385678497,-0.5099958253219509
6,stressed,-0.4577821332594318,2.5086755646897816e-124,2394,-0.18059161597635937,-0.48213259907206174
6,calm,-0.4120021001871084,9.40217729099594e-99,2394,-0.06447297792914825,-0.42834766688773723
6,self-confident,-0.3653373502679248,1.725886987492225e-76,2394,-0.08207624409838626,-0.3603847303859211
6,content,-0.3669044130165852,3.52282633352924e-77,2394,-0.021243348880655807,-0.39498286425639795
6,happy,-0.37670329040567735,1.3915710013128356e-81,2394,-0.027705153719092733,-0.40504901408759975
6,hopeful,-0.3663553057471377,6.1539176279056854e-77,2394,-0.06433563871750254,-0.38677806968578515
6,clinical_depression,0.40197100175649075,1.1669894808367004e-93,2394,0.08026883097487172,0.42173235980945517
6,acute_grief,0.4335515701285299,2.6597204448445275e-110,2394,0.06751687962503818,0.4502776959624927
6,burnout_exhaustion,-0.3897068495440049,1.1506800267079391e-87,2394,-0.07674872033275282,-0.4121386284885615
6,physical_illness_fatigue,0.33409805230144557,1.6235225758109152e-63,2394,0.019425846409476085,0.34540759594152753
6,anxiety_panic,-0.3375507531947718,7.053117035066904e-65,2394,-0.03602215717287468,-0.3496527093224905
6,frustration_blocked_goal,-0.4179203755528598,7.675721053872833e-102,2394,-0.0601779138923692,-0.42814693774989004
6,pain_axis,0.3206104262751701,2.321197288844905e-58,2394,0.01498034596961377,0.3161810562080702
8,depressed,0.34730459405973463,8.042690539853713e-69,2394,0.07275965784268702,0.36675542324366733
8,sad,0.5544093353337551,5.105580391340775e-193,2394,0.10964055207421125,0.548661274517513
8,gloomy,0.030019565057276754,0.14200193408263823,2394,0.15999914456766556,-0.0005595526158645254
8,melancholy,0.534650032240089,4.127484805340665e-177,2394,0.07677744687044046,0.5408635480280719
8,miserable,0.3542751755741095,1.0004182011746097e-71,2394,0.18278868217253993,0.32363669710572707
8,dispirited,-0.29426064418064485,4.994856641466011e-49,2394,0.09135711094974966,-0.29304358230608557
8,listless,-0.35056076312143286,3.609418941494102e-70,2394,-0.049653903485663384,-0.3199978897924535
8,weary,0.31607835942560186,1.0956206896228836e-56,2394,0.11579349065520275,0.3090758440362053
8,worn out,-0.08697410897007461,2.031786422233199e-05,2394,0.1523258031330743,-0.09054663729862061
8,tired,0.28173887523689406,6.34690587767912e-45,2394,0.11686075535995284,0.2520726829025555
8,resigned,-0.113032134885278,2.9330635303929086e-08,2394,-0.10794136182373065,-0.06881276016077766
8,lonely,0.49094294721868653,1.87492647922815e-145,2394,0.01529867742039786,0.4826099550885779
8,heartbroken,0.5128312853443107,9.908742019802154e-161,2394,0.10099734792730132,0.5376472987427526
8,grief-stricken,0.5263403119705253,9.900633879486921e-171,2394,0.12386908421625922,0.5485390760488296
8,worthless,0.4358151188905713,1.453184459831325e-111,2394,-0.0641207723151398,0.45810262418635417
8,self-critical,0.14711750832376944,4.694020040698308e-13,2394,-0.14761124935740805,0.16237705698248353
8,ashamed,0.2773707742001154,1.5323939051072304e-43,2394,-0.10077278967441934,0.30563247036661606
8,guilty,0.3542049221671789,1.0710995266624721e-71,2394,-0.07473509568957658,0.37043365387578564
8,humiliated,-0.5071854078252122,1.1058889567703394e-156,2394,-0.007263757994325451,-0.5210149835796385
8,embarrassed,-0.5381760434062477,7.14853172648135e-180,2394,-0.10249650134906388,-0.5626994421011394
8,regretful,0.4320090749168457,1.9040838161956812e-109,2394,-0.05431440252006485,0.4504762856432862
8,sorry,0.38336326148949107,1.1554598377123784e-84,2394,-0.03640024431641335,0.37769632064556985
8,desperate,-0.07319114120465511,0.0003382794538649529,2394,0.14259384274363063,-0.0503528147017539
8,panicked,-0.42038147844851104,3.824254745494088e-103,2394,0.038320737048669354,-0.418748103367275
8,hysterical,-0.06217998333408594,0.0023366393332792685,2394,0.1458733656420611,-0.057115551553969336
8,overwhelmed,-0.0008864461431381302,0.9654226509365585,2394,0.07933788705397551,-0.03620834380962017
8,distressed,0.4576260156136453,3.115260844822703e-124,2394,0.1511201715839744,0.4534512341530396
8,tormented,0.4510905091485954,2.4381031936932424e-120,2394,0.13967945727908782,0.45256171872828715
8,trapped,0.3463707888045911,1.945484394197031e-68,2394,0.05195978580002309,0.3270843514383147
8,stuck,-0.0992327342169882,1.1458068676117885e-06,2394,-0.012511658592297012,-0.10095328761579106
8,frustrated,-0.4267315678729162,1.482875209166879e-106,2394,0.05328669647185559,-0.4288843558117599
8,exasperated,-0.46707580630945084,5.147511892819179e-130,2394,0.010584335975426566,-0.4686388839769095
8,angry,-0.49513946053290414,2.688897285842455e-148,2394,0.07298861198821888,-0.510103712853272
8,anxious,-0.5862009490106317,5.659340086893438e-221,2394,-0.11549518726518318,-0.5973771024152146
8,afraid,0.3085183249576265,5.859556494621648e-54,2394,0.11794601930920065,0.28037454276765084
8,nervous,-0.5409696474284634,4.3948834095682034e-182,2394,-0.062451213991945906,-0.5485418705813149
8,stressed,-0.4408412113557821,2.1106225013985382e-114,2394,0.03210199492403781,-0.46831359575476994
8,calm,-0.2947832387905402,3.3318100632257695e-49,2394,-0.11869045094228159,-0.289519631881969
8,self-confident,-0.39816713559993777,8.981281630900896e-92,2394,-0.1157448968448191,-0.3806067846715787
8,content,0.26978151357866115,3.3781709609513497e-41,2394,-0.024677834242231668,0.25013882241342666
8,happy,-0.3858183609755276,8.106915308673311e-86,2394,-0.05722048234088733,-0.40865589124143814
8,hopeful,-0.010264439737674736,0.615685270672107,2394,-0.13134505618460068,-0.0038202944617555224
8,clinical_depression,0.45506741676163576,1.0663838998623671e-122,2394,0.0640358615757545,0.48139916301827157
8,acute_grief,0.458237161637193,1.333651697107418e-124,2394,0.09777220633208579,0.48016799145319367
8,burnout_exhaustion,-0.23258600646080008,9.031564434944192e-31,2394,-0.08783713625886727,-0.25974326656773944
8,physical_illness_fatigue,-0.29458445506913905,3.8869634010896164e-49,2394,0.06639544418287743,-0.2739364531480516
8,anxiety_panic,-0.023216600330345057,0.25616016511574585,2394,-0.08809988517163853,-0.036461284263859035
8,frustration_blocked_goal,-0.4152342696073108,1.9697590496246975e-100,2394,-0.05389548304247059,-0.43705978685879304
8,pain_axis,-0.40140217066135186,2.2423915622864725e-93,2394,-0.004006401775297909,-0.3778885598139775
10,depressed,-0.17771155372436528,1.9449093182052818e-18,2394,0.05022364104146973,-0.13576392314635408
10,sad,0.5855427036695704,2.3081137961001115e-220,2394,0.10926970529841305,0.5856390347281765
10,gloomy,0.3265738042694436,1.3141602443664987e-60,2394,0.19430366133611823,0.307633360259041
10,melancholy,0.4708434720617072,2.2653698304059646e-132,2394,0.031933951535162125,0.47510768335705666
10,miserable,0.5072688725326672,9.64775258000083e-157,2394,0.164344727301272,0.485627199361858
10,dispirited,-0.3227717314128364,3.6072170371413424e-59,2394,0.16530321651157165,-0.32241650585893644
10,listless,-0.4069828225796926,3.4985418528043926e-96,2394,0.032783858178636535,-0.3940583243588962
10,weary,-0.2274364166489129,1.8388282039311222e-29,2394,0.12210056848676443,-0.19701740367416087
10,worn out,-0.13163972638812793,1.0081221528173872e-10,2394,0.16681844495701326,-0.11169396024100986
10,tired,0.3725967585748173,1.0173501869741726e-79,2394,-0.1468945535689411,0.38193175377259664
10,resigned,-0.4034831003435294,2.0434710021357069e-94,2394,0.010453825343241678,-0.38211079280429233
10,lonely,0.3469586000965632,1.1160801156419715e-68,2394,-0.02361523966379364,0.3456374376285866
10,heartbroken,0.4340675050130541,1.373768369381082e-110,2394,0.20680458608663024,0.43823153617430716
10,grief-stricken,0.5363089403881468,2.0919827935079436e-178,2394,0.1965434585349884,0.5422408308154307
10,worthless,0.11994536833782099,3.933918650929135e-09,2394,-0.049532639811384796,0.12909118352071586
10,self-critical,0.052196264219930164,0.010640357732157225,2394,-0.1952515423970566,0.040134510711105444
10,ashamed,0.31660662198312695,7.015119735577764e-57,2394,-0.10656037532810744,0.3299506407227909
10,guilty,0.27636085699119,3.1733772123344176e-43,2394,-0.0982899330145993,0.30265848341112495
10,humiliated,0.26435351547741137,1.4421738622764107e-39,2394,-0.13725701186734546,0.23620348475229228
10,embarrassed,0.22913343760110322,6.867328459358758e-30,2394,-0.17335454598354377,0.20008333342028858
10,regretful,0.38849521073614407,4.359487261713642e-87,2394,-0.01122422067002949,0.40557471352449104
10,sorry,0.33229958238142615,8.18555847855991e-63,2394,-0.08491914802310593,0.3354324024993296
10,desperate,-0.24440088629768913,6.771673208366829e-34,2394,0.2070479885281325,-0.23907474696299724
10,panicked,-0.2312169799870988,2.026940055579102e-30,2394,0.061498712846935574,-0.23815923634558903
10,hysterical,0.11676514203027888,1.005664735406691e-08,2394,0.14104157001356024,0.10480907028363957
10,overwhelmed,0.23364483140580292,4.815831268548854e-31,2394,-0.02794532369698576,0.2157773609912217
10,distressed,0.63913424232446,4.6887322639592796e-275,2394,0.24609642821647837,0.6286057295802928
10,tormented,0.4665562293086967,1.082060142146151e-129,2394,0.04463884324544244,0.44943299057807845
10,trapped,-0.2635148384690417,2.5559420496450657e-39,2394,0.1072993231393534,-0.27717305887302923
10,stuck,-0.4179532229955624,7.375742273732868e-102,2394,0.11001870330544451,-0.42800535617867763
10,frustrated,-0.3395905152592494,1.0851141007244117e-65,2394,0.10976379840525674,-0.3513613805840749
10,exasperated,-0.3859287916244844,7.189862948872589e-86,2394,0.07759549055954444,-0.4000311772817646
10,angry,-0.08834536839347047,1.4991269179444548e-05,2394,0.040852723144872455,-0.1274679529610291
10,anxious,-0.33777432967391957,5.74881340929439e-65,2394,-0.22185321939476593,-0.31541650680476035
10,afraid,0.5254886171192882,4.3609566588824e-170,2394,-0.006979967767143113,0.5239430759072013
10,nervous,-0.18643950633626707,3.639785684493173e-20,2394,-0.08174906544764474,-0.16073049096630182
10,stressed,-0.3816614256000131,7.191742114434696e-84,2394,0.032753345401059904,-0.39511720016621726
10,calm,-0.4182532876238032,5.123376510643649e-102,2394,-0.23111142304113724,-0.40428744743477774
10,self-confident,-0.4765772364844716,5.150631599208544e-136,2394,-0.06962930972975964,-0.46128973720891236
10,content,0.22577889650220287,4.7750969861017174e-29,2394,-0.014060850341790741,0.2059264432430233
10,happy,0.09518371671145627,3.0807504364426044e-06,2394,-0.09813773247110567,0.06451454531004068
10,hopeful,-0.5744689806351522,2.6731156026672743e-210,2394,-0.18616627139047975,-0.568715478380705
10,clinical_depression,0.4538474189492141,5.688013826574246e-122,2394,-0.026094254851859913,0.47436989000596963
10,acute_grief,-0.03407155284254277,0.09557728367469835,2394,0.18576756232208042,-0.023070019917391174
10,burnout_exhaustion,0.2739235620217646,1.815642106033255e-42,2394,-0.11888559124798191,0.24457081230350478
10,physical_illness_fatigue,-0.23300992014394561,7.024106977924863e-31,2394,0.12797199072364762,-0.2227625986762133
10,anxiety_panic,0.19073336889430184,4.777193431220637e-21,2394,-0.13903588406408013,0.1793106345942704
10,frustration_blocked_goal,-0.4571113957766126,6.355800773230181e-124,2394,-0.06182099758185383,-0.4625197719234485
10,pain_axis,-0.3213935369026027,1.1844569644421192e-58,2394,0.0866243936493223,-0.3099749867508792
12,depressed,-0.12497369995842798,8.481022232339647e-10,2394,0.13801905378810136,-0.10322677708443082
12,sad,0.4576968461741137,2.8237747172280394e-124,2394,0.19234704496004162,0.46165281521736795
12,gloomy,-0.3029732928579797,5.230131870386151e-52,2394,0.17257131659526348,-0.2891305421038135
12,melancholy,0.5042720742062017,1.2669898006193526e-154,2394,0.015767738486861405,0.509615735550078
12,miserable,-0.23676100903710912,7.43046514804835e-32,2394,0.20038892066988775,-0.22715856592542202
12,dispirited,-0.3948561628147166,3.760060106704368e-90,2394,0.15691893736562118,-0.38189614608527156
12,listless,-0.43990820292577937,7.158875249132378e-114,2394,0.08026842197392292,-0.4226085253336918
12,weary,-0.3408520679550916,3.385601902203238e-66,2394,0.1458621137742127,-0.31958903516847625
12,worn out,-0.2863442073233325,2.076932153112663e-46,2394,0.1542681331582461,-0.2651081906666411
12,tired,-0.3391803672094754,1.5827932913251683e-65,2394,0.139368037672173,-0.3240098948841955
12,resigned,0.32736541847745393,6.554394551072246e-61,2394,-0.16211264424085753,0.3332161501669603
12,lonely,0.3235431663568652,1.8491377557459036e-59,2394,-0.07243425432316003,0.31940387300886763
12,heartbroken,0.5196529715087068,1.0058934888158622e-165,2394,-0.012642840947816966,0.5143715229115576
12,grief-stricken,0.4967424411820457,2.152471855994953e-149,2394,-0.041698105829515615,0.49286422026604093
12,worthless,0.4007030983779061,4.995070698561092e-93,2394,-0.12620756211701012,0.39455874516258604
12,self-critical,0.36105212554558397,1.2723510702727143e-74,2394,-0.16457643193743043,0.3502162372254038
12,ashamed,0.4347461670097044,5.750902550315769e-111,2394,-0.1448281155797299,0.42919164706306906
12,guilty,0.41197816994874875,9.673624331275067e-99,2394,-0.13911640904919467,0.4117452194393757
12,humiliated,-0.31490840103999546,2.9315085540587613e-56,2394,0.10162833007129944,-0.32819852579109937
12,embarrassed,-0.4012505328563518,2.6682793240805466e-93,2394,0.09345098530183416,-0.4046948063447764
12,regretful,0.41117626153508235,2.5073775718994348e-98,2394,-0.11824502906068966,0.4077616958367004
12,sorry,0.41878393765210137,2.6872302825615666e-102,2394,-0.11355155017033045,0.4160122176372427
12,desperate,-0.34286486242729375,5.220257612772909e-67,2394,0.18738426684919873,-0.3392032554390244
12,panicked,-0.3909208207720553,3.0124169302032146e-88,2394,0.09839278789602914,-0.39966318488875036
12,hysterical,-0.3611976017211007,1.100711290423939e-74,2394,0.13463652862554415,-0.3711915936018972
12,overwhelmed,-0.4102290290920142,7.697587727481803e-98,2394,0.10879937556308733,-0.40465540144750095
12,distressed,0.21559219797244744,1.424580962642013e-26,2394,0.08137564595681988,0.2184710900593924
12,tormented,0.5373951152893685,2.9420173943928946e-179,2394,0.05615902095336106,0.5137549549163293
12,trapped,-0.39615836988925346,8.700162621606298e-91,2394,0.19522443354437338,-0.3929234791341197
12,stuck,-0.4933153788977332,4.681475460104608e-147,2394,0.11777486141106207,-0.4873328930941104
12,frustrated,-0.4349237587364924,4.577541362450062e-111,2394,0.10599385750112791,-0.4355920053232334
12,exasperated,-0.44762906587039747,2.600501351297233e-118,2394,0.09521111572650137,-0.4518704668048848
12,angry,-0.37261583939580006,9.974058947756765e-80,2394,0.14940683174531347,-0.3901399618539077
12,anxious,-0.41866821703490037,3.093593614886275e-102,2394,0.08891299585797524,-0.41151896231554624
12,afraid,-0.29645087344991217,9.100975823365111e-50,2394,0.13139043154087302,-0.29450309711619616
12,nervous,-0.390218020835945,6.5489521990331e-88,2394,0.09117828192556768,-0.38224169877904113
12,stressed,-0.43668732346266925,4.712713398770635e-112,2394,0.1144652799578535,-0.43050944279838255
12,calm,0.2795415472734725,3.171756998257215e-44,2394,-0.14604977046829035,0.2832433949370794
12,self-confident,0.35455876950633675,7.593169967036971e-72,2394,-0.15377111743948293,0.3495322317675745
12,content,0.32122718155764035,1.3666658608306956e-58,2394,-0.11462862465218412,0.3204246294059517
12,happy,-0.4103721367692441,6.499191144287728e-98,2394,-0.11998905666512852,-0.41195675676515
12,hopeful,0.26727792156784824,1.929103333885001e-40,2394,-0.1716850207889263,0.26282349670038435
12,clinical_depression,0.4746487856745266,8.809927615266847e-135,2394,-0.0777227100663643,0.4749481850507053
12,acute_grief,0.5496886158191329,4.034528112806088e-189,2394,0.004515892020262074,0.545241277714517
12,burnout_exhaustion,0.2610346785967826,1.3717360427136673e-38,2394,-0.1777223458774191,0.25477754434360217
12,physical_illness_fatigue,0.5654483670873542,2.213994006471183e-202,2394,0.10358569739219607,0.5701129709551395
12,anxiety_panic,-0.531672040430131,8.367444380491063e-175,2394,-0.02348808429803413,-0.541957309563099
12,frustration_blocked_goal,-0.4464310503009268,1.2927243873647909e-117,2394,0.07308549816596704,-0.441912376197463
12,pain_axis,-0.3147225641373606,3.426160600141571e-56,2394,0.09758389298553599,-0.29937581980107497
14,depressed,-0.0588333579367174,0.003981545618980145,2394,-0.06450020709535391,-0.019840924347751532
14,sad,-0.11503228269403919,1.659853147694063e-08,2394,-0.017643067296440267,-0.08407228866034824
14,gloomy,-0.4170137338679749,2.3026964265222806e-101,2394,0.002708753393985375,-0.3813917790513282
14,melancholy,-0.3707710220323031,6.72262460853496e-79,2394,-0.03204680558772711,-0.326441485027742
14,miserable,-0.38672009691503706,3.0377570316243548e-86,2394,-0.06817022555789538,-0.36031792830917647
14,dispirited,-0.061993314454658555,0.0024087413444213086,2394,0.12372011283047532,-0.06899502347735294
14,listless,-0.5723903490833429,1.8769833530860196e-208,2394,-0.14979234386361284,-0.5315809126685215
14,weary,-0.43074083002316266,9.532984061061043e-109,2394,-0.094278618318036,-0.3932473618425646
14,worn out,-0.2422241848054606,2.6262447853865855e-33,2394,-0.07087903888027478,-0.20921340449782053
14,tired,-0.2899101835780981,1.4064086954808608e-47,2394,-0.09331507052338608,-0.26377808508426476
14,resigned,-0.29315306250387335,1.1748593688370921e-48,2394,-0.17612418971681815,-0.2524551552527025
14,lonely,-0.02348834395188737,0.2506350942130644,2394,0.04375930844082773,-0.03341273488632962
14,heartbroken,0.41616866864832436,6.391884060418684e-101,2394,0.12430235184167417,0.4144929467006189
14,grief-stricken,0.17862879802426396,1.2923528338191865e-18,2394,0.05484039808756759,0.20786265255535796
14,worthless,-0.46709465318403715,5.010523231579956e-130,2394,-0.08984253756484371,-0.43544110364198785
14,self-critical,0.32099516756099383,1.6682723058657837e-58,2394,-0.048266722820556954,0.28842054232885933
14,ashamed,0.39572117040776433,1.4231916569500773e-90,2394,-0.054268482234488456,0.3827976020465316
14,guilty,0.5186372096562828,5.666512810277229e-165,2394,-0.08307724350467938,0.5274546991087861
14,humiliated,0.2856025142307415,3.6182872193833434e-46,2394,0.1310898788015128,0.24005198889007018
14,embarrassed,0.2626053290107666,4.7430723777652916e-39,2394,0.07429985936961156,0.21139884575669002
14,regretful,-0.08378903644069438,4.047490407192964e-05,2394,-0.12193228978522423,-0.051757881799104045
14,sorry,-0.20475487942129184,4.48000224621938e-24,2394,-0.09680165279334035,-0.1721551479428482
14,desperate,0.0833563033339332,4.436655518657397e-05,2394,0.1634074387402101,0.06836200550334642
14,panicked,0.20011144690007568,4.778205603636578e-23,2394,0.021324869053034393,0.1530881611108398
14,hysterical,-0.06591804618827907,0.0012505257262705356,2394,-0.03666858073057605,-0.08264599182143101
14,overwhelmed,0.1700235394507677,5.4893275640155545e-17,2394,0.15013034866773597,0.1278967076784385
14,distressed,0.061756862249783814,0.00250299304863445,2394,-0.009624282780303306,0.06949651053929873
14,tormented,0.4042584563443986,8.333599043260353e-95,2394,0.24032818239481685,0.3660918327442497
14,trapped,-0.048466949089348385,0.017712629602337476,2394,0.20776829028846108,-0.07056669621985133
14,stuck,-0.10795546516742313,1.1913194678524756e-07,2394,0.14561662474478737,-0.12413368486964814
14,frustrated,0.040579191000698525,0.0471154992119249,2394,0.029866605054774974,0.021990102629506618
14,exasperated,0.03874401686063463,0.058038242260345076,2394,-0.08169682083140072,0.018227000887378223
14,angry,-0.19971374069490744,5.836383122547762e-23,2394,-0.09890283087612659,-0.18608784125124303
14,anxious,0.30877633933476034,4.743142790055495e-54,2394,0.09090207350399929,0.2728034973155142
14,afraid,0.4828711280085776,4.284632574431079e-140,2394,0.1412169411500965,0.4421806630379977
14,nervous,0.4427314908410383,1.7565025697247296e-115,2394,0.0319385902770024,0.4130718429402503
14,stressed,-0.30192011346479497,1.2140254710275723e-51,2394,0.039434072375233595,-0.3229294736105205
14,calm,-0.5091950063297201,4.089730275528384e-158,2394,-0.14276510063616837,-0.46625849634477706
14,self-confident,0.2650664354300891,8.852050352306515e-40,2394,0.02322047062927758,0.25694843450789306
14,content,-0.5219616952519094,1.934775061371736e-167,2394,-0.09047710487215828,-0.47737958333724895
14,happy,0.2067451990181551,1.5956597212394793e-24,2394,0.06126536807509542,0.1828609191438518
14,hopeful,0.12277623708512118,1.6709703878885333e-09,2394,0.07738577967941615,0.10846778890225982
14,clinical_depression,-0.17553946958653505,5.0755498719587684e-18,2394,-0.10224439269492006,-0.14127867185064202
14,acute_grief,0.5696031271998889,5.354068297249064e-206,2394,0.08614137711641742,0.5635944578061923
14,burnout_exhaustion,-0.33589922908350933,3.177457640983103e-64,2394,-0.012515919720382141,-0.3490549212706494
14,physical_illness_fatigue,0.4601804156852736,8.881361408772466e-126,2394,0.0905556777225846,0.438807153696364
14,anxiety_panic,-0.15105468772013125,1.0885163914592234e-13,2394,0.05061833725408353,-0.1844289659051687
14,frustration_blocked_goal,-0.4906770415071318,2.8302182680118704e-145,2394,-0.1208477472072076,-0.4672575653426202
14,pain_axis,0.07640925266637986,0.00018248120750644352,2394,0.01380916563639965,0.08805933378518396
16,depressed,0.2968367858610263,6.7317725322998e-50,2394,-0.1868876809947107,0.27648263003511864
16,sad,-0.3160752242136454,1.098520608149833e-56,2394,-0.09594589616225771,-0.29845015046258555
16,gloomy,-0.341670752213356,1.5852982771248205e-66,2394,0.19822555908843575,-0.3135464730175027
16,melancholy,-0.36171432975688045,6.574605288877307e-75,2394,0.15598086617583296,-0.3272533766110819
16,miserable,-0.32281174041588795,3.48451480411319e-59,2394,0.21399348562890702,-0.30107736525488477
16,dispirited,-0.30551892213222415,6.733839629316987e-53,2394,0.19083823985636061,-0.28047427427480054
16,listless,-0.024241757677308427,0.23575340770854872,2394,-0.2307188646796451,-0.03249658137411799
16,weary,0.22112261644900888,6.69189984986119e-28,2394,-0.2022250326310206,0.20548331852187993
16,worn out,0.2635294769592086,2.5305839007349422e-39,2394,-0.212503438667806,0.24561452105919754
16,tired,0.2730995113912852,3.261340358059306e-42,2394,-0.20675172814079823,0.2496796828046981
16,resigned,0.2534802566462854,2.0506279977809544e-36,2394,-0.21878396867306163,0.23523493214467725
16,lonely,-0.32995411805518565,6.641473355751135e-62,2394,0.19193140046955087,-0.30695724405965913
16,heartbroken,-0.27631205815750437,3.2867318881433565e-43,2394,0.2004101101926805,-0.24852937061359034
16,grief-stricken,-0.26866307625106534,7.374123875176109e-41,2394,0.2058484988973236,-0.23667233018008632
16,worthless,-0.29188759260446306,3.1072901749307496e-48,2394,0.20492206055406725,-0.2673051131904596
16,self-critical,-0.10398148441065203,3.417602317302929e-07,2394,0.14958508979496282,-0.08444073580570649
16,ashamed,-0.10779315106321337,1.2446437837740203e-07,2394,0.23512347234215716,-0.09160615542634816
16,guilty,-0.2716702722171085,8.963568247917979e-42,2394,0.20766008687084264,-0.24645531275261412
16,humiliated,-0.2620325597262692,6.992194230221832e-39,2394,0.2072910046513847,-0.2436279698286939
16,embarrassed,0.30718044313751486,1.7473903527702947e-53,2394,-0.1623521645840873,0.2713519675397282
16,regretful,-0.282966875983871,2.56622706285425e-45,2394,0.18430469321008036,-0.25596232993018725
16,sorry,-0.30747548348594655,1.3739047825449547e-53,2394,0.20616157744175784,-0.27878347163460593
16,desperate,-0.2777577997679813,1.158403845586924e-43,2394,0.20870015823396482,-0.25264826836514415
16,panicked,0.3047613882500649,1.2419839840958843e-52,2394,-0.20868154993973154,0.2795057878727999
16,hysterical,0.304605288994528,1.4086407661220396e-52,2394,-0.19084830893499066,0.27805104033132566
16,overwhelmed,0.309927879798724,1.8417721827215963e-54,2394,-0.12247453781892115,0.2744808756956673
16,distressed,0.3167097188101641,6.429852390759035e-57,2394,-0.1902642829033814,0.29348450959163475
16,tormented,-0.1681110148242159,1.2305052194230044e-16,2394,0.24535390106039498,-0.15663352507695907
16,trapped,-0.2933517530543401,1.008022529483312e-48,2394,0.19173439675197484,-0.27104490138222204
16,stuck,-0.30051803466096266,3.7046249863805026e-51,2394,0.1996449961560645,-0.2773600176114013
16,frustrated,0.3325379411041111,6.610005806247376e-63,2394,-0.20050725485855891,0.30545490901972777
16,exasperated,0.30921503076478346,3.3095810026603526e-54,2394,-0.20600186163555795,0.2835548765927945
16,angry,0.3320933764173967,9.846998563212609e-63,2394,-0.16859640376731388,0.2978778369446441
16,anxious,0.29700946251503374,5.8812097805475235e-50,2394,-0.205650837020872,0.27187877858949683
16,afraid,0.3065652530314986,2.8824220989597643e-53,2394,-0.19468777687218283,0.2814081159143636
16,nervous,0.2945318255697037,4.0487579089680854e-49,2394,-0.19372369088864796,0.2702558141540724
16,stressed,0.25571556350982355,4.741747262298477e-37,2394,-0.16466008917880826,0.22577878821953348
16,calm,0.1424682024805197,2.507783650050147e-12,2394,-0.2355330728801192,0.12568417988866942
16,self-confident,-0.27962315838574936,2.988556731412611e-44,2394,0.167815167130359,-0.25134978308291894
16,content,-0.35789294228710955,2.905442386409163e-73,2394,0.16332485903022692,-0.3292406911543051
16,happy,-0.3193548375510932,6.797971727814679e-58,2394,0.14077152954666253,-0.2911120962583332
16,hopeful,-0.30450475497116064,1.5275706915556007e-52,2394,0.18743183782807166,-0.27761705097117934
16,clinical_depression,0.27784657064125,1.0863302870807967e-43,2394,-0.1897564129765814,0.2564658126974575
16,acute_grief,0.14519211892368902,9.457471514161014e-13,2394,0.16009516346677705,0.17289287166713355
16,burnout_exhaustion,-0.32416506717190663,1.0774582764779187e-59,2394,0.19677644783081127,-0.30205192189544017
16,physical_illness_fatigue,-0.16825250557894866,1.1595470791560876e-16,2394,0.17073584054675528,-0.13734622312323252
16,anxiety_panic,0.311614433080936,4.573047807229226e-55,2394,-0.13255664936337697,0.27604686259954075
16,frustration_blocked_goal,0.1632114060893627,9.323035854046426e-16,2394,-0.21892409756876757,0.1420711717777456
16,pain_axis,-0.24652653439356628,1.7791035439204937e-34,2394,0.11001704943151099,-0.21451623546785678
18,depressed,-0.27142452668557193,1.0658870679440304e-41,2394,-0.11838380833412775,-0.2705625414858582
18,sad,-0.59561175814082,7.39972119797455e-230,2394,-0.2050897044254407,-0.5778561095404434
18,gloomy,-0.45421660612498654,3.4297228144424815e-122,2394,0.004335549219524615,-0.4278266079527268
18,melancholy,-0.6764303320327834,0.0,2394,-0.2145527020155163,-0.6557046824521524
18,miserable,-0.052285766914830556,0.01050706353961102,2394,0.20590158379610157,-0.04733884093912674
18,dispirited,0.365518319231638,1.4371817946422615e-76,2394,0.1802122566648363,0.35676750379973127
18,listless,-0.02135616258070493,0.2962546736597118,2394,0.19356604275105374,-0.01752793872690492
18,weary,-0.616996697586959,3.534043771296823e-251,2394,-0.19805562171309338,-0.5975093083058559
18,worn out,-0.5680525186186648,1.2146186383523034e-204,2394,-0.23593212596644828,-0.5500072670088667
18,tired,-0.474536571492783,1.0386817896810246e-134,2394,-0.19137475934067896,-0.4631824911343443
18,resigned,-0.5664706594669062,2.8847120047564206e-203,2394,-0.07871311640695616,-0.5488442249096936
18,lonely,-0.47092222975460046,2.0209934059302325e-132,2394,0.09948978456675996,-0.44583861190523577
18,heartbroken,0.5694278050880185,7.626707951290428e-206,2394,0.2025624111577511,0.5483539344368675
18,grief-stricken,-0.5367272334907496,9.83670272462079e-179,2394,-0.18328289642015738,-0.5246361958796559
18,worthless,0.4467482081544594,8.460624312703344e-118,2394,0.20126761234154175,0.4339512323354166
18,self-critical,0.5570816579566136,2.976583704452458e-195,2394,0.19718450611028054,0.5409404647794592
18,ashamed,0.6287705119781042,1.2318925014519572e-263,2394,0.2191476133353277,0.6087510363182896
18,guilty,0.581823720116996,6.11326409041702e-217,2394,0.21384215684239039,0.5651844608689623
18,humiliated,0.6099969614975685,5.0928989103712924e-244,2394,0.21685107285236674,0.5887913443945644
18,embarrassed,0.09455206552559002,3.5821378191693562e-06,2394,-0.11453295982961796,0.07184466977080081
18,regretful,0.4893483254843177,2.203371595125162e-144,2394,0.20437004336513995,0.47828247790953865
18,sorry,-0.593953833606974,2.855014625952819e-228,2394,-0.21178195821035795,-0.5551397483312525
18,desperate,0.4912679077773324,1.1329645840773071e-145,2394,0.21434194379314986,0.4792579341273388
18,panicked,-0.28426711921479986,9.78862724392718e-46,2394,-0.1858931540994984,-0.28394920732521944
18,hysterical,-0.4088822339798716,3.7693627936126603e-97,2394,-0.16780403046422798,-0.4007884688563275
18,overwhelmed,0.5729367429414555,6.15717580306323e-209,2394,0.12880909521885694,0.5504783630559104
18,distressed,-0.40048478804180226,6.411991352661575e-93,2394,-0.2035301169955825,-0.3925008744862813
18,tormented,0.5592730226123567,4.2294651758805834e-197,2394,0.25297656979611577,0.5380945264238861
18,trapped,0.29476551101816656,3.3779352329151195e-49,2394,0.22572626961350137,0.2909968151944013
18,stuck,0.2841524276842907,1.0659408676252368e-45,2394,0.21212237849372753,0.2809446579680876
18,frustrated,0.6450215916069781,9.670300772636147e-282,2394,0.22294890518192823,0.6234289941641588
18,exasperated,0.31546954396389565,1.829464152681632e-56,2394,0.041693156539800214,0.2907723373467417
18,angry,0.6143350301443017,1.957184338243505e-248,2394,0.19194501228172384,0.5687821512993484
18,anxious,-0.3918837396941608,1.0363281002603719e-88,2394,-0.19372533583320234,-0.38250383760245843
18,afraid,-0.39133088290764434,1.9131814145516544e-88,2394,-0.19695528480462565,-0.3837132087136657
18,nervous,-0.4515745202778818,1.2635826853635458e-120,2394,-0.19553166722774298,-0.4405689001269643
18,stressed,-0.33828994940465074,3.5850696778580406e-65,2394,-0.18951333216148153,-0.3285215491983124
18,calm,-0.6244131367985291,5.799560837072209e-259,2394,-0.21442250892436615,-0.6018758531830872
18,self-confident,0.5587978057462235,1.0668179100028195e-196,2394,0.18033239491140904,0.5447021275704196
18,content,-0.7014541890785282,0.0,2394,-0.26579518791376916,-0.6717969314199169
18,happy,-0.4668646233926829,6.963184718434181e-130,2394,-0.28297670935770375,-0.4414752766377385
18,hopeful,0.12948154856832036,2.033143638924056e-10,2394,0.10079311563493601,0.147369959540068
18,clinical_depression,-0.5046573853438956,6.785642074607023e-155,2394,-0.22989027997645978,-0.4976563146010061
18,acute_grief,-0.3605244307355127,2.150872138470499e-74,2394,-0.19941119574989247,-0.35499736312408403
18,burnout_exhaustion,0.39669312517710753,4.760580874307485e-91,2394,0.20447942669016572,0.38759350942927134
18,physical_illness_fatigue,0.6286392370517053,1.7078215212036197e-263,2394,0.009779666293664578,0.6035309433985152
18,anxiety_panic,0.2800003385410906,2.2695051154159267e-44,2394,0.15177724006018042,0.2561400584506756
18,frustration_blocked_goal,-0.6781210097132828,0.0,2394,-0.19300729659483562,-0.6425557031059387
18,pain_axis,-0.0718533200160136,0.00043417584979520607,2394,0.004328708793695832,-0.07954314758474011
20,depressed,-0.6600697560924794,1.6069303437319028e-299,2394,-0.1161560516435382,-0.6390617332159213
20,sad,-0.6733402758546774,0.0,2394,-0.15314057457344815,-0.6491533801577641
20,gloomy,-0.02324835522283372,0.25551019882107523,2394,-0.02418283430334623,-0.00743891397107476
20,melancholy,-0.6885300522786297,0.0,2394,-0.16846231000740694,-0.6635818539714465
20,miserable,-0.6607809584626584,2.188507079610594e-300,2394,-0.12126299039894797,-0.6332400128303708
20,dispirited,0.6615367156584979,2.6148667765051604e-301,2394,0.13961965876260116,0.639026622958699
20,listless,-0.6366239403202929,3.0019098054071317e-272,2394,-0.02772258116530897,-0.6296334633605447
20,weary,-0.6753521487616149,0.0,2394,-0.16132866588689,-0.652363726486653
20,worn out,-0.6769885720335057,0.0,2394,-0.17180427186204955,-0.6525808434533164
20,tired,-0.6684773331747373,6.5480941101294e-310,2394,-0.14639934604889196,-0.6451506788130534
20,resigned,0.6464232389084739,2.3544241189939905e-283,2394,0.15566639909632635,0.6201179172749333
20,lonely,0.589903135473789,1.9629229334178903e-224,2394,0.14832899301131242,0.5701507756115562
20,heartbroken,-0.6620068273380062,6.952387759453703e-302,2394,-0.1376073324611144,-0.6401493027094418
20,grief-stricken,-0.6724518929277351,0.0,2394,-0.15121145699017258,-0.6494621005307778
20,worthless,0.6682038366009658,1.443674614455183e-309,2394,0.15710908762483478,0.6446871648670688
20,self-critical,0.6668345728358991,7.464030629021923e-308,2394,0.1445134153500374,0.6428657737849893
20,ashamed,0.6731478994066512,0.0,2394,0.1505151474705838,0.6497324207608932
20,guilty,0.6689332514192309,1.7495519083497e-310,2394,0.14101498028468662,0.6463485901889542
20,humiliated,0.6765298076262583,0.0,2394,0.15867085919449886,0.6529930613302055
20,embarrassed,0.6379001796130523,1.1321978060116462e-273,2394,0.17771494241806707,0.6032872205727401
20,regretful,0.6615743785359999,2.3517805312528806e-301,2394,0.1322186959356583,0.6391099810947661
20,sorry,0.2957434169460234,1.5799318916919958e-49,2394,-0.14532797123933294,0.309600792747352
20,desperate,0.676791524231759,0.0,2394,0.16925283592472454,0.6534955889463062
20,panicked,-0.6597936044643934,3.479824315812863e-299,2394,-0.15131624655715428,-0.6375109800058001
20,hysterical,-0.6593070980639224,1.354749704205994e-298,2394,-0.13197492501350183,-0.6376364742195297
20,overwhelmed,-0.657661053175857,1.3210492141225476e-296,2394,-0.1398643614872491,-0.6333737175868126
20,distressed,-0.6640559844397794,2.0996708014580492e-304,2394,-0.1512040004718309,-0.6402464885468078
20,tormented,-0.09319458375315544,4.937300694599201e-06,2394,0.265830780617459,-0.07854988135581462
20,trapped,0.6600099456554396,1.8997865732136053e-299,2394,0.1710537581224319,0.6372715321259875
20,stuck,0.6615418294995552,2.5774897329663926e-301,2394,0.16227059082636686,0.6383276175886532
20,frustrated,0.6922555446924273,0.0,2394,0.17186450990844798,0.6666810954682436
20,exasperated,0.6933832111624881,0.0,2394,0.19140863749477136,0.6612192988725234
20,angry,-0.26181229363344005,8.1156218754291e-39,2394,0.0036325514788275205,-0.26331689424920546
20,anxious,-0.6611783643059769,7.166276664748505e-301,2394,-0.13492159494726957,-0.6382486171672949
20,afraid,-0.6639510553592463,2.829279700931328e-304,2394,-0.15333097394650916,-0.6405154640762043
20,nervous,-0.6640271363960518,2.279116619177489e-304,2394,-0.1393879531278016,-0.6409855381876762
20,stressed,-0.6603017837085586,8.390293956338869e-300,2394,-0.14653491940963576,-0.6351473820409151
20,calm,-0.6928998659220994,0.0,2394,-0.2045195105921278,-0.6678812918113077
20,self-confident,0.6653059281265779,5.95873709541461e-306,2394,0.1303270107990383,0.6431005036438066
20,content,0.42801328014179524,2.975837911148237e-107,2394,-0.07697518315235125,0.42184272603432027
20,happy,0.6068029531548406,8.209307670003587e-241,2394,0.023032549518402737,0.5907688903673556
20,hopeful,0.6562172199631682,7.166700538716644e-295,2394,0.1133841338536935,0.6341494284629533
20,clinical_depression,-0.6713825556117894,0.0,2394,-0.16380207556529575,-0.6471618292209949
20,acute_grief,-0.6696205796803031,0.0,2394,-0.16334755657899686,-0.6496797541735253
20,burnout_exhaustion,0.6631333488319434,2.8790652988753633e-303,2394,0.13795106416528014,0.6400803359231974
20,physical_illness_fatigue,0.6606122793521939,3.513339300831022e-300,2394,0.10815297991842168,0.6381524249666849
20,anxiety_panic,-0.605030355301258,4.7708873368866055e-239,2394,-0.013921464144212504,-0.587480137660752
20,frustration_blocked_goal,-0.665817078497257,1.3815272051130432e-306,2394,-0.14177343814870275,-0.6414889350482473
20,pain_axis,0.3227757370749429,3.594740887713129e-59,2394,-0.08602252582297801,0.31805138880532824
22,depressed,0.12401109838611192,1.143129367920605e-09,2394,-0.1933055453267169,0.12669881495508414
22,sad,-0.13731578722772686,1.5079566547577215e-11,2394,-0.2519393672128352,-0.12110015178978034
22,gloomy,-0.4915947957921875,6.822009484535027e-146,2394,-0.06030321728619694,-0.4607811752298684
22,melancholy,-0.2422662424116526,2.5586868820242663e-33,2394,-0.260898069381007,-0.22241160980171085
22,miserable,-0.37708298401177925,9.328161364236735e-82,2394,0.023570762554381598,-0.3595972079836175
22,dispirited,0.11706428631311502,9.216488103478127e-09,2394,0.26217127027288106,0.10644570376866554
22,listless,-0.25447466827558246,1.0709063144548043e-36,2394,-0.1509742517880832,-0.255851202750063
22,weary,-0.11212232750611925,3.787889720149712e-08,2394,-0.251619055269403,-0.10019564609467724
22,worn out,-0.07939427963994758,0.0001007596036332864,2394,-0.26241306488786054,-0.06854193058586769
22,tired,-0.08129980057109981,6.822430177129353e-05,2394,-0.25664592143391973,-0.06969274939899915
22,resigned,-0.5212710977546747,6.328417755836446e-167,2394,-0.09382836159385047,-0.5112151506360383
22,lonely,-0.3023895599028121,8.344507613827261e-52,2394,0.22639378931808968,-0.29688583740258173
22,heartbroken,0.34258608821044645,6.768710266016215e-67,2394,0.26737719034811835,0.3368997878522137
22,grief-stricken,-0.15190302838711472,7.904116356149314e-14,2394,-0.2440502398676922,-0.13824616913742246
22,worthless,-0.0005128703530127849,0.9799904486051414,2394,0.2680221172634968,-0.013521857170667301
22,self-critical,0.11243549388949568,3.4694595602121133e-08,2394,0.2384038215595013,0.09727985930385355
22,ashamed,0.10400460376481716,3.397084797679015e-07,2394,0.2628320559091211,0.09226115606687606
22,guilty,0.10701803130209878,1.5327778041150528e-07,2394,0.2512857906393997,0.09546004202206738
22,humiliated,0.10220777478463558,5.403780721630215e-07,2394,0.25763334305509294,0.09073940332747994
22,embarrassed,0.13084098120378787,1.3087239697501712e-10,2394,0.257490224616195,0.11937633135870135
22,regretful,0.06979063114311164,0.0006328368076628834,2394,0.24808384310157278,0.05834393698148362
22,sorry,-0.6357299446408252,2.9547803800037367e-271,2394,-0.33880415739369074,-0.593071607007128
22,desperate,0.08435377413959036,3.5881286710232674e-05,2394,0.2771525454809896,0.07230817871143115
22,panicked,0.01905703027034825,0.3513210575741606,2394,-0.2537689225779586,0.029236271295866003
22,hysterical,-0.10191304466552324,5.826989097682989e-07,2394,-0.24705400455748378,-0.09338162083329171
22,overwhelmed,-0.06838997949181126,0.0008128149074668456,2394,-0.25284649419917954,-0.055042636586119444
22,distressed,-0.04952434666620965,0.015377066629719419,2394,-0.251723624848316,-0.03632087497580871
22,tormented,-0.0018776387096486266,0.9268393195782441,2394,0.2692266663845372,-0.009670808120804692
22,trapped,-0.06208472648995789,0.0023731823564292613,2394,0.2787325455978509,-0.07015816180744686
22,stuck,-0.03447994483237265,0.09166623548385332,2394,0.28108162010089394,-0.045482533837223525
22,frustrated,0.1654652260492507,3.7010101102915864e-16,2394,-0.24998197462136618,0.16727766217870355
22,exasperated,0.1787426790746554,1.2282161811294197e-18,2394,-0.1857312199533654,0.1714371808317009
22,angry,0.04215080656950903,0.039187182364643636,2394,-0.23450979218223178,0.047219803700810296
22,anxious,-0.0022542596706154588,0.9122189423337785,2394,-0.25441277386368155,0.01006907192802826
22,afraid,-0.02580857632250102,0.20683144225037958,2394,-0.2548420019640272,-0.010848782219083747
22,nervous,-0.021334744930201474,0.29673943760201743,2394,-0.2523434305807223,-0.008842051042447807
22,stressed,-0.04707030192635036,0.021270182514340714,2394,-0.2509606635068766,-0.034090276743317424
22,calm,-0.20410514574871133,6.260848752249324e-24,2394,-0.2863355673063,-0.19442056390512588
22,self-confident,0.1999756949337009,5.11611766075628e-23,2394,0.24064334183765446,0.183634916104525
22,content,-0.3102771405549597,1.381235545038627e-54,2394,-0.2752029364216049,-0.3018380538627203
22,happy,0.0903196194529831,9.602079039980682e-06,2394,0.18631612033009348,0.07824206085806194
22,hopeful,0.08282748378817689,4.960446991602276e-05,2394,0.24333011345375882,0.07122109202600665
22,clinical_depression,-0.0960850024275878,2.4803074976483666e-06,2394,-0.25719960677103315,-0.08063215527105706
22,acute_grief,0.15938289100020206,4.3471574694820646e-15,2394,-0.22822373365852236,0.15689519608406788
22,burnout_exhaustion,-0.0032792216426342684,0.8725942719117271,2394,0.2649046302818081,-0.013768947845226684
22,physical_illness_fatigue,0.24188945816790391,3.230986835703339e-33,2394,0.2521774623924018,0.22102706624759347
22,anxiety_panic,-0.007617145594234304,0.7095158380218599,2394,0.2752797661785665,-0.011824149570818603
22,frustration_blocked_goal,-0.1140921741731163,2.1717360215128817e-08,2394,-0.2565132836321977,-0.10152944094101905
22,pain_axis,0.6927749115904944,0.0,2394,0.2352731205943245,0.6803172741368636
24,depressed,0.11050024749351176,5.946720105797753e-08,2394,0.2234111875705389,0.10586484246476179
24,sad,-0.5311763307863282,2.0153942465418171e-174,2394,-0.18594362674357906,-0.5016112821356006
24,gloomy,-0.21888354827651818,2.331610353714241e-27,2394,0.13664870156738024,-0.19989478371007727
24,melancholy,-0.5639669147357889,4.190740001174732e-201,2394,-0.1849062525043592,-0.5309783558720391
24,miserable,-0.12185565017075244,2.212216640493143e-09,2394,0.1896012133494045,-0.11426848676445366
24,dispirited,0.055044253331964034,0.00706277849140849,2394,0.11021522539888476,0.06309554333113762
24,listless,-0.2648508047027255,1.0261866119907626e-39,2394,0.2900610842272483,-0.2570757540074325
24,weary,-0.48596311959714233,3.945379040717822e-142,2394,-0.14507866351994197,-0.45853854296955776
24,worn out,0.2061658780700823,2.157328951319696e-24,2394,0.026005383898448316,0.2074304229218298
24,tired,-0.03943639049167218,0.05369276796566826,2394,-0.13389962028951088,-0.03437925496907534
24,resigned,-0.4926943379355135,1.2334570792900729e-146,2394,-0.012859373068899664,-0.47179103429968156
24,lonely,-0.5744958500471588,2.5296645847664126e-210,2394,-0.15234919772871758,-0.5353835985310436
24,heartbroken,0.05712626146170539,0.005175110074017066,2394,0.18509911062699125,0.05824971038970422
24,grief-stricken,-0.2816740813397455,6.656670552603767e-45,2394,0.1680590527814363,-0.26161549848834686
24,worthless,-0.237651982148158,4.332778084239073e-32,2394,0.08220651639689434,-0.21410626370470925
24,self-critical,-0.08344812362685748,4.3512267156386714e-05,2394,-0.20638549055206445,-0.0746126448768059
24,ashamed,0.521900386520903,2.149654340904924e-167,2394,-0.025257922877363736,0.5255434717754114
24,guilty,0.48218442636362036,1.2056441619266236e-139,2394,0.1875445901827087,0.4680778062598446
24,humiliated,0.47924409732274825,9.851680600828462e-138,2394,0.012443015876748738,0.46280799562740915
24,embarrassed,0.12653657160678683,5.198194872460932e-10,2394,-0.14899270959761238,0.12185564666581872
24,regretful,-0.419301135710926,1.4311065424129341e-102,2394,-0.19395622902198412,-0.3870655407775103
24,sorry,-0.3704882233122195,8.996854811215195e-79,2394,-0.22808149087604404,-0.34394999810462495
24,desperate,0.09609567743670497,2.473918388944907e-06,2394,0.19763633584274742,0.08501346604188757
24,panicked,0.36041120462243936,2.407029619926666e-74,2394,0.023237720217703043,0.3159383626026621
24,hysterical,0.03783945357393334,0.06415165559468221,2394,0.22256735102273506,0.02086534392704864
24,overwhelmed,0.48104574888509755,6.6679820582502565e-139,2394,0.15554742894084062,0.45328539338453044
24,distressed,0.012843819016640492,0.5299209125000239,2394,-0.1700001106846071,0.014520145644802817
24,tormented,0.06206777498508587,0.002379739942278968,2394,0.19016583333925408,0.056674480304055426
24,trapped,-0.1720910950896401,2.2695037163928612e-17,2394,0.16908153421690897,-0.1617248675152404
24,stuck,-0.17360042686647362,1.1827135479088913e-17,2394,0.18115412024924915,-0.16618890388534793
24,frustrated,0.04747242724439044,0.020187099090489533,2394,-0.17643591088823396,0.037110621148613646
24,exasperated,0.18700715621051858,2.790604534042636e-20,2394,-0.011208197651846375,0.15244667986756355
24,angry,0.23298941983443164,7.110099193076206e-31,2394,0.15428530264130816,0.19001951305873507
24,anxious,0.258585853611723,7.081019625583878e-38,2394,-0.05319347338253301,0.24675730068031324
24,afraid,0.2237317799853617,1.5355772627363633e-28,2394,-0.15829977593998876,0.2145846220642477
24,nervous,0.06605766554640125,0.0012209155429567953,2394,-0.11906533643010105,0.06542370652518131
24,stressed,0.3356859707017361,3.8565513427084514e-64,2394,-0.09727752174935944,0.3061662941782778
24,calm,-0.23039608035497652,3.2829480945054556e-30,2394,-0.20272214175584702,-0.21896764779859215
24,self-confident,0.3640661083273193,6.223468741728267e-76,2394,-0.09428511605088179,0.3487638905381304
24,content,-0.3116580948489214,4.410522441775086e-55,2394,-0.10515338538035938,-0.2949166200063062
24,happy,0.44256198399755364,2.1966132506022106e-115,2394,0.03829467665748077,0.4247920362546351
24,hopeful,0.2526748759663245,3.4632175739623586e-36,2394,-0.25989025933883864,0.2530566800123925
24,clinical_depression,-0.18625898080617218,3.959964921152671e-20,2394,0.028294336404886926,-0.15304970606091972
24,acute_grief,-0.33994131523784915,7.853310633359547e-66,2394,-0.0855829601589311,-0.3226036160236406
24,burnout_exhaustion,-0.001394854713880661,0.9456164245427142,2394,0.1383490157157181,-0.0018169817226692073
24,physical_illness_fatigue,0.5003400754849774,7.08473736606105e-152,2394,0.06728619831053231,0.4803585995006951
24,anxiety_panic,0.3305762070368765,3.818471697072443e-62,2394,0.20936459384628156,0.3187861499912426
24,frustration_blocked_goal,-0.2464892691230518,1.8214879872701852e-34,2394,-0.17904804851990158,-0.24090869446845095
24,pain_axis,0.5405820472386126,8.932989052350115e-182,2394,-0.017088467151632453,0.5407612965410803
26,depressed,-0.09174264843839111,6.925298871705866e-06,2394,0.2603837251611796,-0.06835657867212208
26,sad,0.12644610711621412,5.348467039862734e-10,2394,-0.23002638432816094,0.11830106431282768
26,gloomy,-0.07381556713649326,0.00030065836154252447,2394,-0.20890801037365855,-0.051934838344962125
26,melancholy,0.11227424831649614,3.6300298356395257e-08,2394,-0.22285484330969013,0.10665290449303377
26,miserable,0.011120494828990624,0.5865502097005553,2394,-0.2005952937759449,0.028223621681636318
26,dispirited,0.1761109467911039,3.9481672882505384e-18,2394,-0.21852494325693744,0.17099639096912014
26,listless,-0.22589506964589035,4.4672734042596336e-29,2394,0.25281250521140414,-0.20510400964167091
26,weary,0.13378187870456903,4.967992733116506e-11,2394,-0.17522035585547463,0.14070331347995316
26,worn out,0.28981966527815195,1.5066176947285367e-47,2394,-0.11638934058033328,0.3081186102620493
26,tired,-0.2020181749893984,1.8204754123066285e-23,2394,0.23733313103279882,-0.18114815192891381
26,resigned,-0.38731318142815013,1.5901471610041643e-86,2394,0.2371337197246528,-0.3636974318640629
26,lonely,0.11593587623226888,1.2793497183168172e-08,2394,-0.21396968241389686,0.10847141043334045
26,heartbroken,0.2785963374242498,6.308418074763182e-44,2394,-0.2214564923040409,0.27007131997810785
26,grief-stricken,0.16256863239558145,1.2104663124984237e-15,2394,-0.2190160394404178,0.15365374218403513
26,worthless,0.17778218588226452,1.8847918997773635e-18,2394,-0.211607584590825,0.1691506320853238
26,self-critical,0.2089171933842022,5.109493365681727e-25,2394,-0.22415326242611538,0.19603638209321492
26,ashamed,0.6421547212922419,1.817258515877904e-278,2394,0.12311353859418939,0.630533936123941
26,guilty,0.4468335801264366,7.547660927616157e-118,2394,0.1259738419282871,0.44431244570493
26,humiliated,0.4475777526576281,2.7857652272046654e-118,2394,0.19302882890484724,0.4311988645575067
26,embarrassed,-0.10638520374725013,1.81487585867108e-07,2394,0.23134781011895394,-0.09782335747781072
26,regretful,0.1561034480373116,1.5778528502721605e-14,2394,-0.2284943660893169,0.1449578252170917
26,sorry,0.14784196496945523,3.5977196236881853e-13,2394,-0.23728102476212265,0.137014533545898
26,desperate,-0.029916337627551148,0.14337843085482777,2394,0.10121769865276976,-0.02780434553630461
26,panicked,-0.0929264992134464,5.2575688945151945e-06,2394,0.212688811371512,-0.09010629400918076
26,hysterical,-0.13584868915278026,2.483033957497281e-11,2394,0.23836411256650752,-0.1272572248913789
26,overwhelmed,0.004565049651431265,0.8233443406610783,2394,0.2493732102127524,0.01705245546728067
26,distressed,0.4538704754108842,5.511220295976299e-122,2394,-0.22686318323956667,0.4284849965191604
26,tormented,-0.004805497806856061,0.814205278476303,2394,0.21052503335873482,0.010621590477590261
26,trapped,0.08312968225533678,4.654357214937031e-05,2394,-0.20577129588345933,0.08259488789436588
26,stuck,0.09762058769169464,1.7067315530562005e-06,2394,-0.20555376157145194,0.09501857794757038
26,frustrated,-0.003827404819916347,0.851525674089189,2394,0.20501629121743611,-0.0207229661985708
26,exasperated,-0.10764540047471732,1.2951847097677332e-07,2394,0.22534438286283529,-0.10317714419891556
26,angry,-0.14065393493449202,4.7523003581014785e-12,2394,0.2266244006862537,-0.14019527977767687
26,anxious,-0.011856786182558303,0.5620141651944855,2394,0.23422666168867834,-0.011733004897142707
26,afraid,0.09190623712366938,6.667913408390728e-06,2394,0.18639054275071065,0.08569726859707162
26,nervous,-0.11878811128945552,5.551305530456292e-09,2394,0.2450790657875319,-0.11320813920232421
26,stressed,0.2811363697645989,9.880693074732673e-45,2394,0.19427915424345574,0.28134693002872047
26,calm,-0.30374468284446077,2.816334536748447e-52,2394,-0.1967348671876064,-0.30773843037066834
26,self-confident,0.05776788744299872,0.004693027353022137,2394,-0.2068164022602979,0.043878867991569405
26,content,-0.1160460554968522,1.2392017380039485e-08,2394,-0.24094224593468938,-0.11766774762231429
26,happy,-0.27726962312981385,1.648524802770606e-43,2394,0.05532295206493857,-0.270168416686312
26,hopeful,0.07974173958682952,9.390314681368308e-05,2394,-0.26323880879114586,0.06548911344711116
26,clinical_depression,0.20195292176909202,1.881901006922566e-23,2394,-0.171057044005063,0.20287035928166855
26,acute_grief,-0.373300379815049,4.897884085679584e-80,2394,-0.08246692279266891,-0.3678328692421953
26,burnout_exhaustion,-0.24454710127112333,6.1793875638616075e-34,2394,-0.1470250352214224,-0.18827654670334604
26,physical_illness_fatigue,0.2809061711406899,1.1697809923758746e-44,2394,0.04403702526679275,0.284852445394671
26,anxiety_panic,0.0021142067379579963,0.9176525793628526,2394,0.24824792249714595,0.012350878693663301
26,frustration_blocked_goal,-0.09497914135978949,3.235270542100626e-06,2394,-0.18155834559393946,-0.13396245637601345
26,pain_axis,0.32801734265346955,3.690216767771972e-61,2394,-0.0457166716423971,0.31590643998038803
28,depressed,0.5426172139238845,2.133151037043811e-183,2394,-0.008335821107551378,0.5497526406280371
28,sad,-0.22674953247867496,2.733313116052264e-29,2394,-0.1696672032062485,-0.19255139888891545
28,gloomy,-0.05946287969323585,0.0036086636856179776,2394,0.1930781835801193,-0.019458901103641107
28,melancholy,-0.209008797160876,4.868530343661085e-25,2394,-0.20689422541753305,-0.19231127571038548
28,miserable,-0.04063466748766408,0.046814256022042595,2394,-0.05082214789103833,-0.009571786168220643
28,dispirited,-0.09306032172909814,5.095289594294504e-06,2394,0.00618727854632131,-0.05118085950876132
28,listless,-0.21186807513641193,1.0655436016692407e-25,2394,0.24802718787159014,-0.17969850397105824
28,weary,-0.14147990132743765,3.5559809252320263e-12,2394,-0.012063186733904302,-0.10785989354984543
28,worn out,0.19315059299378093,1.4907346948609184e-21,2394,0.2138971799116191,0.19953772413714027
28,tired,0.5132599972782262,4.8477350336578126e-161,2394,0.2083129820245708,0.49407202846199455
28,resigned,-0.43013904516235574,2.0422991784242184e-108,2394,0.2073306832805225,-0.3875724580949663
28,lonely,0.05877344261311636,0.0040187974955192265,2394,-0.21428076798882167,0.058267197564696144
28,heartbroken,0.2497415865875185,2.29894409295963e-35,2394,-0.2019587769556248,0.24491555821357494
28,grief-stricken,0.16226784679508713,1.367283203213073e-15,2394,-0.17587484168218334,0.16005610184858454
28,worthless,0.1347235949935067,3.6267180439843205e-11,2394,-0.2019350297385134,0.13623756880236804
28,self-critical,0.06394476496131661,0.0017463234085614728,2394,-0.25620235811283765,0.05588872378230701
28,ashamed,0.4042952476172683,7.985885198033736e-95,2394,-0.0486995214727491,0.39873228631442603
28,guilty,-0.08487462671892079,3.208697536974573e-05,2394,-0.08313948468385882,-0.07460894298136977
28,humiliated,0.5712319347548843,1.980394390000254e-207,2394,0.15496488380250212,0.5457850829283425
28,embarrassed,0.07441327430663944,0.00026834705531492636,2394,0.20350583702663758,0.06736920258366344
28,regretful,-0.07814496282164524,0.00012951755376291145,2394,-0.22974424437901503,-0.07806836160199149
28,sorry,-0.19538164286470708,5.0189221938832375e-22,2394,-0.23006917792165052,-0.19388781747467349
28,desperate,0.16435927515116333,5.833289396899693e-16,2394,0.01668767663301319,0.16351987413807303
28,panicked,0.5355840711674735,7.7154340610388e-178,2394,0.19280190919904688,0.4978649600409691
28,hysterical,-0.011170302595701266,0.5848748797168442,2394,0.2283302120093081,-0.015594170294452654
28,overwhelmed,0.33443786707154155,1.1944739328267165e-63,2394,0.23802306600121131,0.31934621627848253
28,distressed,0.36482092442528885,2.908032717019149e-76,2394,0.052892975880975836,0.3411037085775027
28,tormented,0.3924354588960237,5.614064960216954e-89,2394,-0.07206161531121011,0.3761152404230973
28,trapped,-0.2808803015095074,1.1921737486667292e-44,2394,-0.18114077513014437,-0.26415462341005647
28,stuck,-0.53981423723037,3.631070535624069e-181,2394,-0.2023673407969601,-0.5006989294032074
28,frustrated,0.013727075815464715,0.5020126550171364,2394,0.15927150354656583,-0.017811131815468256
28,exasperated,-0.05825891618203765,0.004351953692992148,2394,0.21610608451153682,-0.06669289476416473
28,angry,0.09926333218501487,1.137105975506258e-06,2394,0.20932621233001902,0.0657892480747866
28,anxious,0.5932384055974699,1.3718852688147698e-227,2394,0.21592461256206402,0.560352871079681
28,afraid,0.5839824950487276,6.378166664627318e-219,2394,-0.018123277664572394,0.5470036866023805
28,nervous,0.058432108633268046,0.004237116657602553,2394,0.23226551271664475,0.05811401043071012
28,stressed,-0.018662121650160467,0.36139372898425043,2394,0.199293582463384,-0.015414508473275098
28,calm,-0.532308406922973,2.701266276703528e-175,2394,-0.0814638907912725,-0.525120753395598
28,self-confident,-0.06447067050715656,0.001598991663199436,2394,-0.20527916577273597,-0.07246898546580767
28,content,-0.6281113965316258,6.341537867850956e-263,2394,-0.07560413387596737,-0.6033355883562455
28,happy,-0.34550894157908435,4.3846255906928634e-68,2394,0.04273220193417082,-0.3379098027513829
28,hopeful,-0.14990433013517174,1.675081928549922e-13,2394,-0.2799688354469229,-0.1549210015148203
28,clinical_depression,0.3033633782958765,3.825342907159996e-52,2394,-0.10509845964771666,0.3077740977046911
28,acute_grief,-0.1802785954853354,6.161587883503928e-19,2394,-0.15053030768849354,-0.16813882170784222
28,burnout_exhaustion,-0.22560053314653894,5.289106540592158e-29,2394,0.03375382404366039,-0.18533711400172997
28,physical_illness_fatigue,0.4275294139433848,5.461087282310746e-107,2394,0.03837450562916728,0.4212047862049388
28,anxiety_panic,0.392788240366837,3.791262200728773e-89,2394,-0.12371844738528219,0.3807630015570189
28,frustration_blocked_goal,-0.2996989297224107,7.088610112808107e-51,2394,0.13607839999266869,-0.30536678438497133
28,pain_axis,0.47797212044086457,6.53113554397318e-137,2394,-0.12740493478785705,0.474522956982209
30,depressed,-0.005993352095799304,0.769449290831179,2394,0.03259547478395818,0.021628893393521743
30,sad,0.29847104976735284,1.8677027544780628e-50,2394,0.10581143842875815,0.2897754295608615
30,gloomy,0.5036861040818326,3.269738520487589e-154,2394,0.15421600910467792,0.48748165012072303
30,melancholy,-0.4083246032638147,7.260958684244072e-97,2394,0.018525354892783067,-0.3764064645157092
30,miserable,0.36968453096434223,2.0561275045131185e-78,2394,0.1424375840463989,0.3705384646225926
30,dispirited,0.5032990177259308,6.110325853060453e-154,2394,0.1374547037394202,0.47698312714310737
30,listless,-0.024673345884467953,0.22751553566487473,2394,0.2128641747085278,-0.0021847615030176786
30,weary,-0.09525204825464441,3.0307332015557583e-06,2394,0.06337842070878322,-0.06932402799781126
30,worn out,0.6551890257346998,1.2150811629529221e-293,2394,0.16041358823336307,0.6374983587199089
30,tired,0.17519747218559015,5.896440189202956e-18,2394,-0.031748682983147265,0.18666964292973062
30,resigned,-0.4497688541935335,1.4593484873319278e-119,2394,0.18133307921126987,-0.4138011826618932
30,lonely,-0.3182880855802014,1.6869718180334065e-57,2394,0.10948565689265286,-0.29521962290673576
30,heartbroken,-0.3066605158526824,2.6676703728264415e-53,2394,-0.1729691812955412,-0.2899064761888369
30,grief-stricken,-0.41338217489665924,1.8141174941674158e-99,2394,-0.15331872911409844,-0.3846389483156505
30,worthless,-0.021762943893340957,0.2871481895864767,2394,0.1562517024061446,0.007323866176901683
30,self-critical,-0.4590377728726925,4.377509446542992e-125,2394,-0.1837026911315086,-0.41659537665472474
30,ashamed,-0.3699938431104624,1.496306503673077e-78,2394,-0.06959740445062919,-0.3329045599763362
30,guilty,-0.5925674266366471,5.958243140387771e-227,2394,-0.10976823036494313,-0.5521105902663095
30,humiliated,0.6181619998906713,2.1821684927239879e-252,2394,0.1091156057731214,0.5949072918562712
30,embarrassed,0.33755250758029315,7.041813971917249e-65,2394,0.038948699622342084,0.32702712414323865
30,regretful,-0.56516148159274,3.9173982309240055e-202,2394,-0.2012505198558497,-0.5327576301629728
30,sorry,-0.5279189099421129,6.270517081933669e-172,2394,-0.20427469464093623,-0.49721770595071607
30,desperate,0.5404250242814388,1.1903589424710259e-181,2394,0.0802409600984996,0.5129466311578534
30,panicked,0.5639897195908119,4.005718326484985e-201,2394,-0.05057597956712466,0.5198494769954339
30,hysterical,0.6265061416260966,3.3741042798502415e-261,2394,0.1611245794017187,0.5814437940093714
30,overwhelmed,0.6469917003112337,5.188607709845477e-284,2394,0.18562973808422623,0.6194309541302417
30,distressed,0.29050917785981456,8.913158922890449e-48,2394,-0.11777292245447371,0.27518054565070393
30,tormented,0.04912540347797419,0.01622434782646148,2394,0.019250406466369288,0.0450876136436334
30,trapped,-0.3424633335041982,7.588317700530868e-67,2394,-0.008996307945120446,-0.3210373517293301
30,stuck,-0.31588680349600895,1.287581245743024e-56,2394,0.11585449635533152,-0.29830983819662105
30,frustrated,0.5104487049177507,5.169563517286739e-159,2394,0.04914676236032756,0.4468025088546628
30,exasperated,0.5595142503671455,2.642855920892886e-197,2394,0.06378377737219446,0.5009517022843013
30,angry,0.5845712042189716,1.8269296397520774e-219,2394,0.049274151031529434,0.5163771972926666
30,anxious,-0.3135644324872298,9.030778773500952e-56,2394,-0.10676643428384355,-0.2901694160447965
30,afraid,-0.03559410869228438,0.08164691501425936,2394,-0.12760171829902311,-0.0375279107081123
30,nervous,-0.08357948585636239,4.2317157694351604e-05,2394,-0.054634241058563224,-0.06671181753851028
30,stressed,0.5639394376623309,4.425035103987e-201,2394,0.1462497381647338,0.5318320788992442
30,calm,-0.6112065232487136,3.0391988634894032e-245,2394,-0.07393365931484258,-0.5919998487682451
30,self-confident,-0.08112150832765412,7.078475826598898e-05,2394,-0.20097850805332557,-0.08619395115287778
30,content,-0.4231818304747079,1.2222195132327233e-104,2394,-0.07691299505879579,-0.41103636884188377
30,happy,0.12055921335966542,3.2727547917965014e-09,2394,-0.03979024904514081,0.10539775459824123
30,hopeful,-0.09695167803010155,2.0099282790486614e-06,2394,-0.06947267889525766,-0.10451475834512924
30,clinical_depression,-0.21749053806676077,5.033891142181492e-27,2394,-0.04743596453547384,-0.18943630428001007
30,acute_grief,-0.5670027930534299,9.957859714628765e-204,2394,-0.14422967997841873,-0.5322718942608736
30,burnout_exhaustion,0.19489442525492906,6.373069463500285e-22,2394,0.1273790381642016,0.1825253079046482
30,physical_illness_fatigue,0.42374701596481207,6.075967185621469e-105,2394,-0.01392170253674404,0.41249094359390803
30,anxiety_panic,-0.4036527324850898,1.6797104408133175e-94,2394,-0.09976790129993242,-0.3734400109082217
30,frustration_blocked_goal,0.3471619749461545,9.206125453658682e-69,2394,0.07805175659469009,0.31370922375412363
30,pain_axis,0.350726037355163,3.080289801131546e-70,2394,-0.08574954761761679,0.31525714648720576
32,depressed,-0.1591944959414508,4.684782575927231e-15,2394,0.06022085114673202,-0.11777299226215956
32,sad,0.5481126421766179,7.819703654994436e-188,2394,0.048613880828659806,0.532015752194761
32,gloomy,0.5751398172324195,6.734164558829107e-211,2394,0.050600650997062444,0.5664412258838211
32,melancholy,-0.320936242953063,1.7548893552898524e-58,2394,-0.015303776527359151,-0.28688356257112524
32,miserable,0.48741601289602954,4.287746474475043e-143,2394,0.06385980974878275,0.4898872294136918
32,dispirited,0.5205777598673962,2.0739954650540456e-166,2394,0.0006684198189254968,0.5029167018214915
32,listless,-0.39738733323616154,2.1726406446556846e-91,2394,0.12052372941637529,-0.35272943607463986
32,weary,-0.2511778996648704,9.127460154348766e-36,2394,-0.015048783989816641,-0.2193871840783079
32,worn out,0.5791390343251284,1.6980713559506093e-214,2394,-0.0012041299662590727,0.5692802214082646
32,tired,-0.2936861317594007,7.787719686269536e-49,2394,-0.04325507173035577,-0.26350100226416295
32,resigned,-0.3891513515387927,2.1206642315187317e-87,2394,0.16440735256152655,-0.3545527626490788
32,lonely,-0.6579222520017329,6.399236620973866e-297,2394,-0.12480102027342863,-0.609817269723755
32,heartbroken,0.18167142943556883,3.278741704730346e-19,2394,0.03840357910420973,0.1905468033433558
32,grief-stricken,0.11379629968348358,2.3624065908473155e-08,2394,0.060231051499533686,0.12944600343969795
32,worthless,-0.311151498586774,6.709218645713821e-55,2394,0.004869838557797577,-0.2559300861631029
32,self-critical,-0.5652074334147691,3.5753567557660816e-202,2394,-0.08767081367939189,-0.5258324289907083
32,ashamed,-0.43573780003764373,1.6054793162532678e-111,2394,-0.014806142120015256,-0.3900334264083902
32,guilty,-0.5995244750075903,1.2256317353785825e-233,2394,-0.06037689855272317,-0.5550849640366783
32,humiliated,0.2702480768316183,2.4365572185975363e-41,2394,0.02319683276938061,0.26458480829465914
32,embarrassed,-0.224053499223994,1.2790308892709807e-28,2394,-0.00830566157340305,-0.20249567429361828
32,regretful,-0.6091806176093916,3.390017636381844e-243,2394,-0.12089174195544475,-0.5703298454887512
32,sorry,-0.5857821384024136,1.3846976279248984e-220,2394,-0.13431369798473564,-0.5434738687971071
32,desperate,0.5646038008894094,1.1858907729609284e-201,2394,0.04204350755741618,0.5380231094142074
32,panicked,0.641669370190541,6.459803567464466e-278,2394,0.10219777203877427,0.5920258249165429
32,hysterical,0.6848745623336239,0.0,2394,0.1895553198703342,0.6374169589240525
32,overwhelmed,0.606477803832776,1.732875307472645e-240,2394,0.09217477791377424,0.5782918935800709
32,distressed,0.5517956824628177,7.477734365423901e-191,2394,0.04602550610763292,0.5254470481758805
32,tormented,0.5019547269089728,5.326077630974081e-153,2394,0.09498899970616634,0.4758139935477251
32,trapped,-0.46726995128050264,3.8984441036856474e-130,2394,-0.02322606332686987,-0.4496099608406148
32,stuck,-0.6409022557034297,4.77252047046473e-277,2394,-0.1083808382044682,-0.6087174618715695
32,frustrated,0.573269397385083,3.1204615676315646e-209,2394,0.012359577680792551,0.5020504761724942
32,exasperated,0.6095747156293174,1.3585523664931228e-243,2394,0.050483062936710635,0.54502012603528
32,angry,0.6737961027779382,0.0,2394,0.11399503252147433,0.6119812860559839
32,anxious,-0.45123736766068184,1.9975155750264547e-120,2394,0.005345228036091956,-0.4259214156572778
32,afraid,0.3428265824555504,5.409907869302209e-67,2394,0.053284021341443916,0.3139999387369397
32,nervous,-0.24320723102168373,1.4263234123354235e-33,2394,0.03441431196996854,-0.22117289791908223
32,stressed,0.5284393540919032,2.5166751466581193e-172,2394,-0.0009885174195334787,0.497135355650448
32,calm,-0.27148336281603275,1.0226022911478181e-41,2394,-0.02508636615908036,-0.26717671627052175
32,self-confident,-0.15688157580651899,1.164929511153497e-14,2394,-0.16735461519892625,-0.16577257497542258
32,content,-0.024663698832003506,0.22769740295583768,2394,-0.05332130725949048,-0.02722517543030441
32,happy,0.11106009977027353,5.0931014858380276e-08,2394,-0.07855359909524988,0.09611911715890188
32,hopeful,-0.042538831306533256,0.03741404313528681,2394,-0.10011948911887567,-0.0525030693668572
32,clinical_depression,-0.252060102828404,5.160135581172712e-36,2394,0.0226767503284874,-0.2107742176319189
32,acute_grief,-0.4694619387443709,1.6697060638769326e-131,2394,0.031832898172506424,-0.42964536424705035
32,burnout_exhaustion,-0.46164548447471543,1.1386435890027074e-126,2394,-0.1358433501117134,-0.4319402342301977
32,physical_illness_fatigue,0.4741789774802737,1.75463508177513e-134,2394,-0.0830719166190655,0.4746093891023797
32,anxiety_panic,-0.4975107371667522,6.386344499894631e-150,2394,-0.001180489965693629,-0.47647595541389354
32,frustration_blocked_goal,0.42929610159156806,5.922208593205459e-108,2394,0.026381805882932277,0.38482485915385245
32,pain_axis,0.4783749384012161,3.5909817152758907e-137,2394,-0.06993539580351597,0.45197606648914473
34,depressed,-0.1797100105939069,7.959892163875371e-19,2394,0.07794626102459959,-0.1451252020096021
34,sad,0.5954141790611065,1.1448694153339677e-229,2394,0.07705432033121373,0.5858515076935059
34,gloomy,0.6294336362872527,2.3598537087436486e-264,2394,0.08337926681844308,0.6184294719634073
34,melancholy,-0.17641482655373456,3.453336379956466e-18,2394,0.06098934578466818,-0.1419511320901433
34,miserable,0.2181755911527679,3.449980248804252e-27,2394,0.09981835203623726,0.22419800539475138
34,dispirited,0.5857666133322318,1.4313598170927764e-220,2394,0.04845313294408709,0.5707984019644103
34,listless,-0.3424228408727302,7.879796734748513e-67,2394,0.15332940222572358,-0.29662544831998805
34,weary,-0.0396910016029554,0.05216460830012757,2394,0.09207438073734911,-0.02424965139881748
34,worn out,0.59790213962812,4.595780751436728e-232,2394,0.05421482272958835,0.580676867459529
34,tired,-0.3322864479605821,8.282512267551398e-63,2394,-0.007755194320156054,-0.3116772824241778
34,resigned,-0.17435314943101582,8.526315957686529e-18,2394,0.18518876557655067,-0.1275669039463416
34,lonely,-0.5481245959291434,7.646298274522476e-188,2394,-0.03959363450760244,-0.48503617280017125
34,heartbroken,0.04882542775324584,0.016888181165018577,2394,0.13476442639240158,0.053034921299507584
34,grief-stricken,-0.09963817312089632,1.035540877137082e-06,2394,0.16897779570880894,-0.07333340132610008
34,worthless,-0.07036528355482469,0.0005703371200914255,2394,0.1262273030268681,-0.016670870538055015
34,self-critical,-0.4419134513596032,5.161399742185923e-115,2394,-0.12702398502795992,-0.40344560322148765
34,ashamed,-0.5281459921389874,4.2111082452124535e-172,2394,-0.023082979159554436,-0.4874792140391354
34,guilty,-0.6243460622138094,6.835116560476928e-259,2394,-0.09694910077030554,-0.5864697668224105
34,humiliated,0.4110691468049752,2.8469823409069302e-98,2394,0.03494275715607684,0.39874690075478386
34,embarrassed,-0.40297101949235425,3.6903585846988617e-94,2394,-0.06018006037594059,-0.3781618859740492
34,regretful,-0.6128892664488771,5.899158685196362e-247,2394,-0.13095085152261088,-0.5737792961651383
34,sorry,-0.6016980137137794,9.233684319555742e-236,2394,-0.12210877090790773,-0.5624230990383653
34,desperate,0.5741620221362244,5.017898662606534e-210,2394,0.043231230552801495,0.5444230031535969
34,panicked,0.3231346155047927,2.6349119337224253e-59,2394,0.013694408501955994,0.2591485083463788
34,hysterical,0.42396237910904666,4.653733742509969e-105,2394,0.10426409812379547,0.371605065220562
34,overwhelmed,0.32422800729913326,1.0200697860656732e-59,2394,0.0036405104790367855,0.2882095299882661
34,distressed,-0.009556771623676026,0.6402386541207798,2394,0.006524769751645812,-0.03496216193034469
34,tormented,0.3169359548193011,5.310376486446499e-57,2394,0.09163792314919408,0.2884554105823991
34,trapped,-0.13521748518215285,3.072247996054153e-11,2394,0.05659781853254083,-0.140360607530338
34,stuck,-0.25851222155772213,7.437234605812102e-38,2394,0.031135142897998763,-0.24469975563029642
34,frustrated,0.5198347800068557,7.377439722266117e-166,2394,-0.0632387014948755,0.45060727347791224
34,exasperated,0.5748351562911853,1.2600016051028906e-210,2394,-0.03235799120009612,0.5152228134652791
34,angry,0.4251441560804791,1.0734575621471186e-105,2394,0.03959517749883837,0.3554981075499374
34,anxious,-0.5643413067730775,1.9959533473533054e-201,2394,-0.0446685130980664,-0.5541604080506379
34,afraid,-0.39085046609482005,3.2562191720829975e-88,2394,-0.014757881526667021,-0.4058894893527583
34,nervous,-0.5793347662578064,1.1286589179867192e-214,2394,-0.04666864347791813,-0.5630477240910591
34,stressed,0.4369746651467186,3.2496977100985347e-112,2394,-0.08454773845986856,0.396229790828968
34,calm,0.08504161218576974,3.0953428973532463e-05,2394,-0.016186228715555816,0.0921204251644723
34,self-confident,0.1421700409473485,2.7871409869648795e-12,2394,-0.08287840699807456,0.1326774672563203
34,content,0.21066136129968693,2.0286910263241811e-25,2394,-0.04217898025100526,0.21267810550418775
34,happy,0.20514624075280496,3.660047647398327e-24,2394,-0.07646509861930169,0.2015840026588169
34,hopeful,0.16222237710514711,1.392667679299976e-15,2394,-0.06234489131978174,0.1580034929706681
34,clinical_depression,-0.2385469606922551,2.5146898057037703e-32,2394,0.08341692865383961,-0.20103949832743434
34,acute_grief,-0.5244409253077587,2.6863812127727764e-169,2394,0.01903133393272639,-0.4827057748910208
34,burnout_exhaustion,-0.2585496532990086,7.253978352037618e-38,2394,-0.032575143144942934,-0.22611303729725735
34,physical_illness_fatigue,0.515513643784758,1.1119639503894438e-162,2394,-0.0356890657731456,0.5219368750613481
34,anxiety_panic,-0.5260721478851847,1.579810629192348e-170,2394,-0.009621798739448753,-0.515609478642667
34,frustration_blocked_goal,0.4246962657092117,1.8728889644182173e-105,2394,-0.019157465760259722,0.37916441948952917
34,pain_axis,0.48335707505357306,2.0575042339644347e-140,2394,-0.03739063358065044,0.467616988754492
36,depressed,0.13743442210324242,1.4480142926439665e-11,2394,0.15059393522404818,0.15788899567527928
36,sad,-0.5314405650233744,1.2616561580024868e-174,2394,-0.02950998487089173,-0.48824857674899774
36,gloomy,-0.2566513182294958,2.5576762180782708e-37,2394,0.061090980077990256,-0.2180919616303555
36,melancholy,-0.5850141773148,7.119139220240648e-220,2394,-0.03328061379257881,-0.5444595277538846
36,miserable,0.2716748322751814,8.934787269658125e-42,2394,0.08232411580002687,0.27331780763623675
36,dispirited,-0.561013884191795,1.4085646537652018e-198,2394,-0.06435880936588673,-0.5316900285372981
36,listless,-0.42275849186463105,2.061218580644344e-104,2394,0.12737099240057267,-0.38602166304911584
36,weary,-0.13696830276384653,1.6978495454615062e-11,2394,0.11841935947673095,-0.11520323984787573
36,worn out,0.48302230461385437,3.4108426754610586e-140,2394,0.12457563651786181,0.4721275285186128
36,tired,0.6055963479043287,1.3075799164400857e-239,2394,0.1682408545589327,0.5884851079476197
36,resigned,-0.4504638688749516,5.700749644814813e-120,2394,0.10133047892518773,-0.402880324520301
36,lonely,-0.6042744358918086,2.6766887047244416e-238,2394,-0.11690093256584506,-0.5474732590578568
36,heartbroken,-0.1594699289713219,4.199374164210669e-15,2394,0.04752293214345347,-0.15151163581334406
36,grief-stricken,-0.21965430098239147,1.5195768989254068e-27,2394,0.08321165477550041,-0.19240281219162778
36,worthless,-0.1914596591751642,3.3721907967204617e-21,2394,0.08955031188131901,-0.13871102137824176
36,self-critical,0.25349370942620775,2.0327236494234133e-36,2394,-0.07293751989515639,0.2859107575081902
36,ashamed,0.24367107042634567,1.0683432234953714e-33,2394,0.03834548622348938,0.27521510951642625
36,guilty,-0.2844074953266631,8.818572192491608e-46,2394,-0.06889216903556547,-0.2534175681785337
36,humiliated,0.6394017885067457,2.346442498974783e-275,2394,0.06471828799039647,0.6239644569748889
36,embarrassed,0.4702358394352173,5.459824058662333e-132,2394,0.02579019044151147,0.45665743161996214
36,regretful,-0.6037210854995879,9.432081643682942e-238,2394,-0.13057271614335642,-0.5697537691891097
36,sorry,-0.5989551593285584,4.382694660810302e-233,2394,-0.07780355986016477,-0.563370822509279
36,desperate,0.5257311054217553,2.860467152406908e-170,2394,0.03222332362693523,0.49205732322893403
36,panicked,0.6194578508434667,9.727937675073377e-254,2394,0.08410999025619362,0.5690398718138152
36,hysterical,0.6620032575236993,7.022740317474731e-302,2394,0.1693986119749192,0.6139533306050373
36,overwhelmed,0.6167569883132236,6.2577540993379384e-251,2394,0.1284948148137257,0.5770868334692459
36,distressed,0.6234160274542786,6.641691241466834e-258,2394,0.07025672151092577,0.5840768432789033
36,tormented,0.5069671284040698,1.580077901426576e-156,2394,0.10295073604622651,0.4756102754067672
36,trapped,-0.19878082613738754,9.315758927219368e-23,2394,0.07595000129588209,-0.20631182108258575
36,stuck,-0.611743671597755,8.657729604228581e-246,2394,0.01725018368018437,-0.5983726687075299
36,frustrated,0.5603999176318278,4.686693507644829e-198,2394,-0.04196887650367953,0.49927492430580345
36,exasperated,0.6130863270652283,3.7121864027572225e-247,2394,0.014415734212164539,0.5604442327294761
36,angry,0.6677392344880669,5.519527082197354e-309,2394,0.05890221919529645,0.617631936036279
36,anxious,0.5919930445975242,2.0888447492819165e-226,2394,0.14763994017592147,0.5530889294597761
36,afraid,0.6267575728954073,1.8133832512038551e-261,2394,0.10277168180442423,0.5803452069997301
36,nervous,0.4704445546050733,4.0368190818759106e-132,2394,0.13691385217317037,0.4411692918641033
36,stressed,0.5239889236014492,5.87437132489758e-169,2394,-0.005827963231459253,0.4846758644200842
36,calm,-0.6484718130038689,9.959155300299152e-286,2394,-0.07897224365152371,-0.6127581030311505
36,self-confident,-0.18206825822422362,2.73680406813843e-19,2394,-0.18379952008663347,-0.17583332505845303
36,content,-0.6685798102550352,4.8681959162284e-310,2394,-0.15211568376498943,-0.6337944542369449
36,happy,-0.19650223645982298,2.8905017459152765e-22,2394,-0.14719794776969242,-0.18831128073512401
36,hopeful,-0.6465670259476142,1.6064880666208175e-283,2394,-0.19800458780879432,-0.6255773980589922
36,clinical_depression,0.029536099118282144,0.14853710652554394,2394,0.18836547834399206,0.05952670118809734
36,acute_grief,-0.537999814108191,9.840427046535599e-180,2394,-0.019577756126649203,-0.4969393838965515
36,burnout_exhaustion,-0.3423195027903426,8.6751964829247e-67,2394,-0.05493218885393865,-0.3132069189911599
36,physical_illness_fatigue,0.26935126965904976,4.563427486498678e-41,2394,-0.11398838124115157,0.2895950717305127
36,anxiety_panic,0.2674393227783393,1.7251132242967826e-40,2394,0.1277840530157812,0.2453308838787617
36,frustration_blocked_goal,0.21204780125964362,9.677748587970304e-26,2394,-0.06974761861002834,0.16964111527436807
36,pain_axis,0.44849095292280033,8.171144468892149e-119,2394,-0.07290170740444697,0.4417165411110483
38,depressed,0.06091548126963759,0.0028663697140489273,2394,0.16533942214519198,0.07614270106384631
38,sad,-0.49326689121355405,5.049673935142336e-147,2394,-0.009449821906817172,-0.4516904807758594
38,gloomy,-0.1550881254956148,2.3388183389384934e-14,2394,0.0400968008676011,-0.12781845057848734
38,melancholy,-0.5606379648474421,2.941519422419439e-198,2394,-0.0338673301220612,-0.5200986603017476
38,miserable,0.3973094312761562,2.3727814137679534e-91,2394,0.07056901418188223,0.39049622833371833
38,dispirited,-0.4524749778753811,3.7095751096100463e-121,2394,-0.07952199282036557,-0.4266600357386968
38,listless,-0.311150727332408,6.713500581582725e-55,2394,0.10536630076316494,-0.27813161172726897
38,weary,-0.016693579916191463,0.4142585599633045,2394,0.09563435654114372,-0.005175598649142753
38,worn out,0.5655578531725605,1.7804691828259657e-202,2394,0.0921650032343817,0.5465107815335701
38,tired,0.5860106566440829,8.49957047205638e-221,2394,0.17822713665114615,0.5649862751373352
38,resigned,-0.40571558576965444,1.5345112545276027e-95,2394,0.1037166381154577,-0.35439681691154196
38,lonely,-0.6219359900199443,2.437483278258851e-256,2394,-0.1366451558091229,-0.5728134393902714
38,heartbroken,-0.1491302304882886,2.2345624002929083e-13,2394,0.09757864153479759,-0.13813735284513867
38,grief-stricken,-0.15943678935748096,4.2550504453300794e-15,2394,0.10944490212548443,-0.13278037851957283
38,worthless,-0.2809002260942505,1.1748897236957585e-44,2394,0.06525501634945217,-0.22939180883632712
38,self-critical,0.15977749368329403,3.715683265740658e-15,2394,-0.08158294072924022,0.1816685429611113
38,ashamed,0.039156673331284315,0.05541449054706491,2394,-0.011784805573532394,0.06186805505404076
38,guilty,-0.11830256142816245,6.408083699392656e-09,2394,-0.06664204241709355,-0.09795570481698901
38,humiliated,0.5029651507201416,1.0471287301621785e-153,2394,0.04141733304297729,0.4881948989603138
38,embarrassed,0.2566861229683303,2.499497613044532e-37,2394,0.016348714284904628,0.23798784804113968
38,regretful,-0.3581244524926897,2.3129915300191996e-73,2394,-0.10733769266544992,-0.33573573453116673
38,sorry,-0.5301572074493752,1.2224688174498134e-173,2394,-0.0855751863646563,-0.49930628830432994
38,desperate,0.5454499502115701,1.1291996723210819e-185,2394,0.024727975175651954,0.5126015507332362
38,panicked,0.604524965753775,1.5121146727110082e-238,2394,0.09231024611337163,0.5513375816446279
38,hysterical,0.6220738181404312,1.7441668875151982e-256,2394,0.15603396604413972,0.5731234777136767
38,overwhelmed,0.5845553101423301,1.8897125908739987e-219,2394,0.0933878145214356,0.5420054430130814
38,distressed,0.5420698964132957,5.838684685545172e-183,2394,0.06449563024370432,0.5054184336402124
38,tormented,0.3183880240790991,1.5495158956243114e-57,2394,0.11304406422223282,0.2935790887864732
38,trapped,-0.1486893880681373,2.6313286961378325e-13,2394,0.06420151577747889,-0.14595645375907573
38,stuck,-0.6105301523843061,1.472218675722958e-244,2394,-0.017835127028644922,-0.5930051529003215
38,frustrated,0.5910986315141907,1.465729411274167e-225,2394,-0.02005117016689492,0.5384523704604878
38,exasperated,0.621293988050053,1.1562166599816123e-255,2394,0.02233367925339004,0.5717838326282608
38,angry,0.6590534749369596,2.7488716489634773e-298,2394,0.06791932068515069,0.615116355494704
38,anxious,0.5227012171231611,5.422323050838273e-168,2394,0.11067177059250312,0.48272629070476475
38,afraid,0.45383264579454186,5.804254532884927e-122,2394,0.1258566351324194,0.4057630876422115
38,nervous,0.41635814836817314,5.0853704368550473e-101,2394,0.08888485292445254,0.3816949367713775
38,stressed,0.5178349413998862,2.2104733997618636e-164,2394,-0.03795030161389172,0.4788380011704562
38,calm,-0.6189495702526598,3.300927521258285e-253,2394,-0.06509756761642715,-0.5833422343411979
38,self-confident,-0.23971465498789338,1.232324490786906e-32,2394,-0.17326355246834263,-0.22427527030905497
38,content,-0.6535944440281282,9.583662890568285e-292,2394,-0.1204094362021667,-0.6153816551150217
38,happy,-0.5227109572324917,5.3321224043456335e-168,2394,-0.12635788010438992,-0.4976891442823982
38,hopeful,-0.6460565010914514,6.2357655818156995e-283,2394,-0.17866086293103955,-0.6165662051048814
38,clinical_depression,-0.055241114596076495,0.0068609578408766955,2394,0.1675761703955037,-0.025251100766967426
38,acute_grief,-0.45930619114538174,3.011138415592869e-125,2394,0.03859029246230899,-0.41254918410326286
38,burnout_exhaustion,-0.29087016349147216,6.767469403897044e-48,2394,-0.03415766902789564,-0.2629331610617168
38,physical_illness_fatigue,0.3108503051677754,8.606321620242301e-55,2394,-0.05528319126994918,0.33562688193683954
38,anxiety_panic,-0.07110116405287835,0.0004986799316426105,2394,0.05876248972758896,-0.08765422832037574
38,frustration_blocked_goal,0.21002749379937452,2.8406713236610637e-25,2394,-0.07387193856123996,0.1702311009717285
38,pain_axis,0.40009544977258926,1.0004717338274917e-92,2394,-0.04767797266276774,0.38116641302505944
40,depressed,0.016563180390007048,0.4179147697936838,2394,0.1842410204822529,0.03659007453248704
40,sad,-0.5262209963156995,1.2189378929501825e-170,2394,0.0025423751248670667,-0.47137322646459223
40,gloomy,-0.2868975072588885,1.3712011240209816e-46,2394,0.05257297683655374,-0.24469203905624717
40,melancholy,-0.6051873432531922,3.33269655318925e-239,2394,-0.053155611054227975,-0.5572475818383406
40,miserable,0.1589134121499273,5.236998359522054e-15,2394,0.1482993093176451,0.16356709580546708
40,dispirited,-0.5184789186438096,7.414496641494392e-165,2394,-0.0360553766600326,-0.47942565954451144
40,listless,-0.49574476671541545,1.0379028833132233e-148,2394,0.06725219707670727,-0.47001278387761114
40,weary,-0.20493083069056067,4.09100883010116e-24,2394,0.08710830450810937,-0.17998763110300522
40,worn out,0.3126760479679593,1.8937922024814416e-55,2394,0.11592334524189386,0.3045640097001098
40,tired,0.23819761620307117,3.1105074647756476e-32,2394,0.14951508236645433,0.22801224698703512
40,resigned,-0.5126296606373145,1.3863878440019992e-160,2394,0.0544251895115994,-0.4642009462981901
40,lonely,-0.6539216255811608,3.9197093658857643e-292,2394,-0.17638779149465492,-0.6084895067128471
40,heartbroken,-0.16588656157478207,3.109458034682862e-16,2394,0.14166404305905578,-0.13675788313004042
40,grief-stricken,-0.19917831334984049,7.635153578819267e-23,2394,0.12976858557532767,-0.15958815496827455
40,worthless,-0.2508289516979041,1.1430158643778334e-35,2394,0.10483601546825802,-0.1998229972313338
40,self-critical,0.27879435754460946,5.463323150007594e-44,2394,-0.08629048961789303,0.29723010757314866
40,ashamed,0.06953866593630778,0.0006622004281133262,2394,0.02522451918250267,0.10047382377640295
40,guilty,-0.10776569109598914,1.253890412065939e-07,2394,-0.07118255967978711,-0.08027411694318759
40,humiliated,0.6027211343995444,9.12804347863017e-237,2394,0.09658284038862482,0.583239444437137
40,embarrassed,0.3192148003541773,7.661059845028301e-58,2394,0.030174731889251266,0.28941716677066137
40,regretful,-0.4518550142154709,8.629177212553404e-121,2394,-0.10489955546918936,-0.41660150500501203
40,sorry,-0.565064497349707,4.750298313310789e-202,2394,-0.03782276108590397,-0.5178005079414731
40,desperate,0.5850673666710617,6.356815002328645e-220,2394,0.0886768893512681,0.5552902281677782
40,panicked,0.6139076582551402,5.366310912693556e-248,2394,0.09866294632794165,0.5656791302229538
40,hysterical,0.6368508362922518,1.6781001143854897e-272,2394,0.16001682523296068,0.5896096236941026
40,overwhelmed,0.6002059859326982,2.657400876271947e-234,2394,0.13682855791936926,0.5579155981777677
40,distressed,0.40301621734458914,3.5029146707921137e-94,2394,0.11528360987355396,0.38241659258804783
40,tormented,0.2292187443450525,6.534214317900325e-30,2394,0.11734493976943657,0.20954300451570937
40,trapped,-0.16634997635160975,2.566060574473678e-16,2394,0.05948829790002628,-0.16568529428489168
40,stuck,-0.6153963479732916,1.5881542049581117e-249,2394,-0.028405208592126016,-0.6036945897903995
40,frustrated,0.6210446426817162,2.114473828096615e-255,2394,0.01278705955564864,0.5701946381104478
40,exasperated,0.6310868792239223,3.766877359296922e-266,2394,0.05758855348605095,0.5818660030502455
40,angry,0.6371880524548542,7.063777762249682e-273,2394,0.1068821397120687,0.5984214484427897
40,anxious,0.5405324390909435,9.78124992530199e-182,2394,0.08588481705876386,0.49852860595531406
40,afraid,0.30611315245284687,4.1607072968343233e-53,2394,0.0935203090055938,0.2678194852850589
40,nervous,0.4258034439498897,4.723891212827564e-106,2394,0.0710404439300663,0.38868078710567944
40,stressed,0.569358343742922,8.773801323792447e-206,2394,0.031746731876062424,0.5276491803835975
40,calm,-0.5271436433263141,2.4356957211756823e-171,2394,-0.12890040789519028,-0.5014680611179296
40,self-confident,-0.13285086450479577,6.76640329153234e-11,2394,-0.19577918631001176,-0.12823088150749437
40,content,-0.5698459598792858,3.27877090676721e-206,2394,-0.15489772437890365,-0.5394109377054153
40,happy,-0.355252426796077,3.8635101043613125e-72,2394,-0.15507550412276155,-0.34073258837498543
40,hopeful,-0.5506064379689993,7.126203314284093e-190,2394,-0.19536566075418133,-0.5288029560742857
40,clinical_depression,-0.15325295360838204,4.7322854143283007e-14,2394,0.160406782863757,-0.11568857386948697
40,acute_grief,-0.5613756769903786,6.928055684907129e-199,2394,-0.031241545782557525,-0.5126146574397739
40,burnout_exhaustion,-0.4146015174355317,4.2123563438986814e-100,2394,-0.02197410878142623,-0.38027830916369676
40,physical_illness_fatigue,0.0955632166599513,2.812644142402265e-06,2394,-0.0683171081133891,0.12954741153065738
40,anxiety_panic,0.3880114842326892,7.408066954343037e-87,2394,0.05580743888091616,0.35310226182380094
40,frustration_blocked_goal,0.3265630053111008,1.3266717090108528e-60,2394,-0.06584247984139989,0.27885513498234565
40,pain_axis,0.44440984763649694,1.9063058808628522e-116,2394,-0.05233693316110248,0.4212132690644458
42,depressed,0.012541989942650116,0.5396352700920913,2394,0.19551747570298456,0.034691119565377786
42,sad,-0.477452886920601,1.4103516307982699e-136,2394,0.07256312483852415,-0.4194013559125376
42,gloomy,-0.2047137931840947,4.5759834444679785e-24,2394,0.1293656259354544,-0.1592304130563729
42,melancholy,-0.5727632746338359,8.773339905443616e-209,2394,0.005116483624774758,-0.523375271864367
42,miserable,0.10845396617704642,1.0410015774208185e-07,2394,0.17858343024695628,0.11867701748461909
42,dispirited,-0.36586935559475126,1.007287202857329e-76,2394,0.0545071683693462,-0.3188991561658484
42,listless,-0.46510282530271385,8.587139461721213e-129,2394,0.08080277139165651,-0.4387857969005142
42,weary,-0.1862156123036047,4.040937339350543e-20,2394,0.13076295599588256,-0.16408231020339947
42,worn out,0.3940079768781614,9.720719758005815e-90,2394,0.1514589654145544,0.37836207370884195
42,tired,0.4340509100405195,1.4032985808811114e-110,2394,0.16688301931409993,0.41393263302143174
42,resigned,-0.4726870550282521,1.5533856481881998e-133,2394,0.06661050355445826,-0.42553434942894397
42,lonely,-0.6313266361124917,2.062921245456974e-266,2394,-0.10726180078359143,-0.5833114807561057
42,heartbroken,-0.2403806549200228,8.190340023962438e-33,2394,0.15034887457596924,-0.20378322764037465
42,grief-stricken,-0.2543141804047016,1.1895135325428527e-36,2394,0.1687127469228698,-0.21165744779045323
42,worthless,-0.25578392672559697,4.5330426267605926e-37,2394,0.08191395463330278,-0.19846230021290265
42,self-critical,0.1927430699125246,1.8161023513791134e-21,2394,-0.10661758064292448,0.214226743160757
42,ashamed,0.14947920294980246,1.9626901492278227e-13,2394,-0.023651552164753523,0.17665925268971086
42,guilty,-0.009781085052049028,0.6324114276079219,2394,-0.10715981479714369,0.011597830451430157
42,humiliated,0.5661869723883266,5.0818554751885357e-203,2394,0.071345429905358,0.5521384354521277
42,embarrassed,0.22439559537191878,1.0527508581330335e-28,2394,-0.02598251202979451,0.20115138352455025
42,regretful,-0.4329908313615746,5.446413690710713e-110,2394,-0.11424077590503032,-0.39596819372382897
42,sorry,-0.5797799184451105,4.453175358367654e-215,2394,-0.01677069106913683,-0.5309217563472913
42,desperate,0.6002405616557906,2.458849741651458e-234,2394,0.09134310788435629,0.5696669452294134
42,panicked,0.6123297701532814,2.193567923253207e-246,2394,0.07726959637831063,0.5627042932868391
42,hysterical,0.6583593607608229,1.8994521969743757e-297,2394,0.12900685035085893,0.60993859530505
42,overwhelmed,0.6134091436699691,1.736958203110852e-247,2394,0.13399928415282275,0.5695877073400775
42,distressed,0.4998471673401478,1.5567645887160825e-151,2394,0.11555510641285238,0.4738826973168198
42,tormented,0.19777431462632486,1.5387948476689176e-22,2394,0.14430851003574302,0.18070920663430107
42,trapped,-0.16778876607492432,1.4084743008603273e-16,2394,0.12417796093123126,-0.16392016719548536
42,stuck,-0.5457727172696497,6.194767196634508e-186,2394,0.041043724431796436,-0.5243942351061589
42,frustrated,0.6154743602976803,1.3199368271439608e-249,2394,0.0100690628005652,0.5664612857048617
42,exasperated,0.6278304619147741,1.2734649028257113e-262,2394,0.03584485875875362,0.5782404550072636
42,angry,0.6457941795636568,1.25054829170109e-282,2394,0.0788188577578399,0.6041178382475353
42,anxious,0.5371243119840787,4.801028412531587e-179,2394,0.032378425324500804,0.49379171690357077
42,afraid,0.38687623618595823,2.5621287590064727e-86,2394,0.06056743734266918,0.34250309769794957
42,nervous,0.4283752743036644,1.8882897811305185e-107,2394,0.0030165437856589303,0.3878367995364414
42,stressed,0.5755561659156632,2.857503469992619e-211,2394,0.029520147369033262,0.532403687298111
42,calm,-0.628114160244632,6.2981688819799586e-263,2394,-0.1274072086015796,-0.5969554021565104
42,self-confident,-0.22217962021049248,3.694478542057081e-28,2394,-0.19032883871333445,-0.21198387088803614
42,content,-0.6645031333081433,5.882991618057148e-305,2394,-0.16146059904421017,-0.6328577644844716
42,happy,-0.5397820890127681,3.850354727051667e-181,2394,-0.14587386456032395,-0.5181175276046952
42,hopeful,-0.6391568290527571,4.4226846368406215e-275,2394,-0.19734469539319155,-0.6106077929519951
42,clinical_depression,-0.21550118412026292,1.497062268603495e-26,2394,0.14897585763699833,-0.1717175666617448
42,acute_grief,-0.563698126236385,7.133645958158836e-201,2394,-0.0258785073165382,-0.5147964096197185
42,burnout_exhaustion,-0.3575496745363712,4.072937571175758e-73,2394,0.055638923643903285,-0.3242327029855342
42,physical_illness_fatigue,-0.010252952997262659,0.6160805017523856,2394,-0.08500197388775993,0.031292386059268165
42,anxiety_panic,0.45829797917334963,1.2255618472881747e-124,2394,0.015540721997406193,0.413126470571546
42,frustration_blocked_goal,0.3847067559060618,2.707294589963973e-85,2394,-0.05834799245122081,0.3328713971522527
42,pain_axis,0.4478356176459117,1.9710557983969663e-118,2394,-0.06201829142997075,0.4358646402050427
44,depressed,0.027434180287772128,0.17963966661413036,2394,0.1697164942242852,0.04768078196656529
44,sad,0.23867629167165474,2.3241207133225453e-32,2394,0.015582557620446517,0.2635153004947056
44,gloomy,0.43792334800163646,9.500949581070759e-113,2394,0.01728767507272401,0.4450790594042204
44,melancholy,-0.540979365106978,4.3173668487270656e-182,2394,-0.021534300302269105,-0.4936500790025053
44,miserable,0.47173296078239363,6.230068541996012e-133,2394,0.12380950411632102,0.4677493347189903
44,dispirited,0.4067054940438343,4.837732533801621e-96,2394,-0.03917087087970063,0.4004870785076866
44,listless,-0.5631505812974937,2.105056821693975e-200,2394,0.05559154020925818,-0.5313496924979164
44,weary,0.3988499871292942,4.135609121266046e-92,2394,0.06137778582341515,0.3952816408173501
44,worn out,0.650565790697103,3.5718598308101565e-288,2394,0.05930254218865645,0.6218192269795774
44,tired,0.59131607392687,9.132493138118528e-226,2394,0.13140458660698132,0.5683372421756385
44,resigned,-0.4975653827696417,5.856915745742227e-150,2394,0.06588159111944003,-0.44971862503629634
44,lonely,-0.6491827830212108,1.4795482178994697e-286,2394,-0.11950658176523474,-0.6027740933187199
44,heartbroken,0.22089304249838562,7.610404531403324e-28,2394,0.11689130194005422,0.2316599424026883
44,grief-stricken,-0.010424618422459479,0.6101855541674582,2394,0.1192750364251926,0.015132717176284984
44,worthless,-0.27658966875085106,2.691594605619849e-43,2394,0.05959920815838406,-0.22263565234821495
44,self-critical,0.14151836838976536,3.508131759222006e-12,2394,-0.10853399369736119,0.16348920441958628
44,ashamed,-0.511101458500105,1.7550344846785635e-159,2394,0.03032476571519178,-0.4609733762198305
44,guilty,-0.6039951032743122,5.056664296790238e-238,2394,-0.04146008627149477,-0.5591743703918902
44,humiliated,-0.13559371921718444,2.7063771119757442e-11,2394,0.07160057174196818,-0.1156320775980378
44,embarrassed,-0.5474473294330285,2.7203094858740517e-187,2394,0.001929216848726793,-0.5231046625532385
44,regretful,-0.5835160235009635,1.714506689555286e-218,2394,-0.10355460985215875,-0.5383001141889405
44,sorry,-0.5008399779034108,3.184197219389255e-152,2394,-0.027904325846726384,-0.4437078724417704
44,desperate,0.6334969039461166,8.647122167829298e-269,2394,0.07423685479537516,0.5994941287501825
44,panicked,0.6227881424191126,3.0696833919060616e-257,2394,0.05830888687182716,0.5738822551264503
44,hysterical,0.6182940500549926,1.5904549798892255e-252,2394,0.15259826130412413,0.5707737935414511
44,overwhelmed,0.6453933769410721,3.616384468989132e-282,2394,0.08830708215391778,0.6027333169469345
44,distressed,0.6624756561168751,1.850744591439011e-302,2394,0.07449227242116058,0.627951117593696
44,tormented,0.6594908554317356,8.11011889646946e-299,2394,0.08229738074904969,0.6262390358160801
44,trapped,-0.08312463433024968,4.659319830101605e-05,2394,0.09874730016798108,-0.07677081868056145
44,stuck,-0.6039626533624093,5.444274818840528e-238,2394,0.0036288752502477463,-0.5760768312765162
44,frustrated,0.6031252380336878,3.651121204236292e-237,2394,0.013935227052640973,0.5531178966296723
44,exasperated,0.6062213352324971,3.1219626194081375e-240,2394,0.07136801888425688,0.5541892229244628
44,angry,0.6562023417520907,7.466925138743246e-295,2394,0.08315160385369151,0.6125611406528348
44,anxious,0.0246717640926434,0.22754534868375845,2394,0.04723272625428848,0.0022083711066640576
44,afraid,0.608545678045502,1.4751752597177403e-242,2394,0.05956374301651196,0.564280792695989
44,nervous,-0.426896087553642,1.2071001669375987e-106,2394,0.02005631310746804,-0.4170351382967841
44,stressed,0.574461519088463,2.7143729292980898e-210,2394,-0.0173234849613882,0.5328926376513543
44,calm,-0.6450972843628955,7.916270481869048e-282,2394,-0.09815471879488186,-0.611712455857843
44,self-confident,-0.2013332367244122,2.5775937139956183e-23,2394,-0.1898753141903715,-0.1949783810830948
44,content,-0.6110656599048893,4.222804000755167e-245,2394,-0.15540303843624736,-0.5811972179662337
44,happy,-0.5432412811270592,6.751809510158355e-184,2394,-0.1300380261145676,-0.5199165053609311
44,hopeful,-0.6024139447988394,1.83024403699513e-236,2394,-0.19488747094248898,-0.57671779361551
44,clinical_depression,-0.11665888859151671,1.0372606293536675e-08,2394,0.13230263793003563,-0.08143376586626977
44,acute_grief,-0.5421790614078088,4.777044871141993e-183,2394,0.02149313229052427,-0.49392619798702814
44,burnout_exhaustion,-0.35872832499983237,1.2748347448930889e-73,2394,0.02070189974160798,-0.32238329197813526
44,physical_illness_fatigue,0.3362168250831408,2.38057103956961e-64,2394,-0.09128493454816572,0.33836454017558054
44,anxiety_panic,-0.19866302724028145,9.880719633625335e-23,2394,0.05498844149587255,-0.20741194528001924
44,frustration_blocked_goal,0.3483614345387254,2.9488291283205355e-69,2394,-0.05547842936611998,0.301951740072231
44,pain_axis,0.40574632224852647,1.4805717655440178e-95,2394,-0.09133257002297716,0.3808332489367464
46,depressed,-0.14589831462843672,7.322482142605361e-13,2394,0.15395122405040218,-0.11517318409767652
46,sad,-0.5159673429006622,5.182591064351453e-163,2394,0.03358887143969942,-0.4599242204563466
46,gloomy,-0.3871935882045095,1.812048996380217e-86,2394,0.030350092218634703,-0.3364679986984349
46,melancholy,-0.6062896279694118,2.669150091913043e-240,2394,-0.020580927925754382,-0.559505823062465
46,miserable,0.03466552507487146,0.08993197965768188,2394,0.10679080376490273,0.05348957051570773
46,dispirited,-0.5307517318174451,4.274221960539809e-174,2394,-0.05329441638716527,-0.48203629262944847
46,listless,-0.5545365003759152,4.0011254387023623e-193,2394,0.05197521984408654,-0.5332072302029595
46,weary,-0.36903637404293055,3.9975817340438356e-78,2394,0.009602991452585129,-0.33884977749480555
46,worn out,0.08368852697557086,4.1348827720624305e-05,2394,0.020388358510778,0.08864510086414558
46,tired,0.05272717995456722,0.009871154267482075,2394,0.08722528680305733,0.042517678599916425
46,resigned,-0.5187094269411526,5.0121397045535905e-165,2394,0.04556639637828522,-0.47648579595044455
46,lonely,-0.6498255199696297,2.6277915306453345e-287,2394,-0.13309690933195684,-0.6069734841715141
46,heartbroken,-0.25152802113885336,7.280578766242185e-36,2394,0.11285732548587829,-0.21296391643049958
46,grief-stricken,-0.2302415262364044,3.594194285189614e-30,2394,0.1076834905264533,-0.18935617565140425
46,worthless,-0.44164696169736245,7.328040292837613e-115,2394,0.011725498400349458,-0.3886604069115708
46,self-critical,0.07018564586131298,0.0005892288930212582,2394,-0.10938242471838441,0.08835436163421709
46,ashamed,-0.27281976566675276,3.976920329709945e-42,2394,-0.027196867444689195,-0.243525526839033
46,guilty,-0.2793157356575179,3.738928902438558e-44,2394,-0.09742782832372265,-0.2563418213545167
46,humiliated,0.38731510450956746,1.586809727804487e-86,2394,0.045635097435662894,0.377886426837906
46,embarrassed,0.1773331476930264,2.3006834364296574e-18,2394,-0.012759763292128988,0.1539788894465478
46,regretful,-0.3979449314073792,1.1554843422540935e-91,2394,-0.1249686219408146,-0.36738370983072927
46,sorry,-0.595298353535346,1.4784541055186452e-229,2394,-0.05222308033619063,-0.5480092207147458
46,desperate,0.5988852151051962,5.124494254291989e-233,2394,0.10269511841925692,0.572726705412381
46,panicked,0.6016478467924927,1.0340929857500811e-235,2394,0.09558722250522553,0.5557619134238869
46,hysterical,0.6475695835749986,1.1114416864968807e-284,2394,0.1605738539926091,0.6029327779225392
46,overwhelmed,0.5843132802201425,3.160424599815725e-219,2394,0.09662297181349608,0.5467547270274035
46,distressed,0.2546219113993715,9.724556948451883e-37,2394,0.10604750182358152,0.24165838555189983
46,tormented,0.15752202653653133,9.064542496436951e-15,2394,0.0901525128449987,0.14973646965580503
46,trapped,-0.14686266971494233,5.152807136611028e-13,2394,0.04027395518741768,-0.13110778274700116
46,stuck,-0.6251827134606089,8.78022131321318e-260,2394,-0.07308004744634561,-0.5979031546111774
46,frustrated,0.6239293627217388,1.8950510583049203e-258,2394,0.06426932651662806,0.5806714011231693
46,exasperated,0.6319469055546135,4.334044698990069e-267,2394,0.06732340981459325,0.5844873426795171
46,angry,0.6241619237446511,1.0728381341531344e-258,2394,0.12311344959736534,0.5860321137712533
46,anxious,0.320633620342218,2.2754664694046275e-58,2394,0.08615377307810013,0.2895425450332554
46,afraid,0.021652073515622264,0.28961128180747453,2394,0.0963127949301665,0.0031998596443613553
46,nervous,0.37976410150085543,5.4522007856310784e-83,2394,0.07086826536296398,0.34330342494527316
46,stressed,0.568058901975927,1.1991500145593682e-204,2394,0.0013259744060423462,0.5333536967506747
46,calm,-0.3728376535940585,7.922669298847941e-80,2394,-0.0883754249174807,-0.3578273233736673
46,self-confident,-0.06597989570085855,0.0012373279880664111,2394,-0.18768928317665742,-0.06713712193124123
46,content,-0.37025255219474673,1.1467170528020473e-78,2394,-0.16940137000549987,-0.3538236294116886
46,happy,-0.2120753877706501,9.53576353738904e-26,2394,-0.1381040065608185,-0.20544947128746638
46,hopeful,-0.4970741608233947,1.2742933181405022e-149,2394,-0.1755116428854574,-0.47766741158912673
46,clinical_depression,-0.3739357963134152,2.527207532700516e-80,2394,0.0897814623421843,-0.3335291670063682
46,acute_grief,-0.5723884414399975,1.8842950435853427e-208,2394,0.034961774080161975,-0.529126425710537
46,burnout_exhaustion,-0.4558397408334081,3.682320546309177e-123,2394,-0.054216050244734845,-0.41511546225173496
46,physical_illness_fatigue,0.07270177577342093,0.00037079255020385014,2394,-0.10206800232418448,0.10199720261577921
46,anxiety_panic,0.2139132125931673,3.5457001068182197e-26,2394,0.04607488388961614,0.18726254641035828
46,frustration_blocked_goal,0.4525243550308662,3.4680869295408805e-121,2394,-0.004997348486095871,0.40297259992083684
46,pain_axis,0.3770333644191379,9.829017847175768e-82,2394,-0.08909958307263309,0.36255642198289906
48,depressed,-0.11566601763519165,1.3830914289833036e-08,2394,0.1487391977629686,-0.08645886400151082
48,sad,-0.18918053835532891,1.0012477273020368e-20,2394,0.012984337069915815,-0.15102407534223353
48,gloomy,0.23679708101994992,7.270278386783712e-32,2394,-0.0027793269359532996,0.2519264195843871
48,melancholy,-0.5930633773370827,2.0129647155245945e-227,2394,-0.022787362644425272,-0.5507283006465706
48,miserable,0.3213394091339942,1.2409187945422195e-58,2394,0.07794223841626635,0.3268874958185547
48,dispirited,0.348258865159113,3.250979021907742e-69,2394,-0.06157188258510863,0.352555806436213
48,listless,-0.5819670466564424,4.52034494240699e-217,2394,0.04035152438215754,-0.554115616458563
48,weary,0.3602009572576456,2.9659833877142104e-74,2394,0.015458742692861883,0.3608087491478779
48,worn out,0.6239353689201065,1.8674208565955032e-258,2394,0.00029784828091156124,0.6019634914412353
48,tired,0.5729147207148212,6.440355332219233e-209,2394,0.053312644845786614,0.5486789336773362
48,resigned,-0.5405916779779164,8.777029230703514e-182,2394,0.04128974984033586,-0.4946661517034371
48,lonely,-0.6662191983607172,4.3659725344973035e-307,2394,-0.1323475968072953,-0.625138749817334
48,heartbroken,-0.1654515241800401,3.722002216781231e-16,2394,0.10012094746269998,-0.13923397039735166
48,grief-stricken,-0.29605639395613587,1.2380704550275707e-49,2394,0.11895899696469482,-0.260781277181796
48,worthless,-0.3753274114187646,5.902386982402674e-81,2394,0.005789175397454348,-0.32154784838713074
48,self-critical,0.2739320181046738,1.8047434349498563e-42,2394,-0.11630575149891285,0.29547950831603736
48,ashamed,-0.5325456621344986,1.7710493495897592e-175,2394,0.005527850333155157,-0.4925268660693816
48,guilty,-0.6020699419142083,3.985261851601463e-236,2394,-0.07797126498762214,-0.566961798329201
48,humiliated,0.2317815754195627,1.4532153271045908e-30,2394,0.04611460711466158,0.23382646253841588
48,embarrassed,-0.43162101829668154,3.1192412884801772e-109,2394,-0.011488871230130388,-0.42132227041482845
48,regretful,-0.24592515609431034,2.6001634332646057e-34,2394,-0.13939204278546913,-0.2183963863934786
48,sorry,-0.15571394718499137,1.8355801267862074e-14,2394,-0.08535277288059911,-0.12049012608136483
48,desperate,0.6408544916654728,5.404357979962269e-277,2394,0.07074452964267065,0.6106153101964863
48,panicked,0.6140789658874961,3.582376303031901e-248,2394,0.09770182344181275,0.5662912454007517
48,hysterical,0.23204839870381824,1.2413679784801377e-30,2394,0.16821358009267656,0.20051789324939134
48,overwhelmed,0.629647349718705,1.384249750697067e-264,2394,0.09231631021840549,0.5888210952329604
48,distressed,0.6466128501411851,1.4221747751385105e-283,2394,0.06673171988118438,0.6140409012513306
48,tormented,0.534765381511349,3.356329825553227e-177,2394,0.08214359328848368,0.5119616536643615
48,trapped,-0.20550137000827623,3.0455649443438816e-24,2394,0.024938490887092938,-0.18776778436370167
48,stuck,-0.6473177397052174,2.1761577253641473e-284,2394,-0.09453652405668639,-0.6141072108528732
48,frustrated,0.6326271465607409,7.798453426018677e-268,2394,0.06532020878563391,0.5910191342275113
48,exasperated,0.6271850643982877,6.301157463697189e-262,2394,0.09547514978029595,0.5827684892970824
48,angry,0.6257535083118393,2.157271640838173e-260,2394,0.12901944691894543,0.5893855102056393
48,anxious,-0.11086063635504287,5.382646231454188e-08,2394,0.08534881530973794,-0.12942686906745204
48,afraid,0.4496853853587244,1.6335104394962512e-119,2394,0.07667586134231175,0.4072321519213821
48,nervous,-0.3414157631247443,2.00840835207251e-66,2394,0.0650548327374343,-0.3439195063245105
48,stressed,0.6123632685612386,2.027843390095669e-246,2394,0.01619318466050882,0.5754309715144316
48,calm,-0.5872211325880878,6.365309281936927e-222,2394,-0.060820198917667434,-0.559533915092045
48,self-confident,-0.03241708002949917,0.11280554393765332,2394,-0.18214976070398622,-0.03210104585729393
48,content,-0.39470507046004105,4.454151909120431e-90,2394,-0.1441728615064965,-0.37637935546444545
48,happy,-0.1322153786421825,8.34466638268918e-11,2394,-0.13459438062871415,-0.12385118283710148
48,hopeful,-0.32643447912010376,1.4850049227788363e-60,2394,-0.17070469143127814,-0.31043067360762056
48,clinical_depression,-0.3124510631924056,2.283520095799778e-55,2394,0.08071412635974977,-0.276407070837267
48,acute_grief,-0.577928461317182,2.1107570035472637e-213,2394,0.03762507275838629,-0.5354027467104773
48,burnout_exhaustion,0.0972163900112336,1.8842234395152638e-06,2394,-0.062026337486122886,0.11290986199802613
48,physical_illness_fatigue,0.3527451626196154,4.4073133659742684e-71,2394,-0.10483599338378863,0.3646012328151676
48,anxiety_panic,-0.24917842288881484,3.2970312476841945e-35,2394,0.06596101501496471,-0.2625186198980462
48,frustration_blocked_goal,0.44131741869076274,1.1298913264226656e-114,2394,-0.013916787347228104,0.3951445122958643
48,pain_axis,0.4574948698241031,3.7364804695113685e-124,2394,-0.048274178306765635,0.4505219384766911
50,depressed,-0.15277998497840417,5.667010656553888e-14,2394,0.1552590118327933,-0.12029474839434444
50,sad,-0.4974983884661003,6.512450081962732e-150,2394,0.06401522910831847,-0.44555779718262095
50,gloomy,-0.4117216800102507,1.3122352592219644e-98,2394,0.05042055312567941,-0.35942364158775975
50,melancholy,-0.5883322503329291,5.8403120747507245e-223,2394,0.02025706264822042,-0.5450222041733226
50,miserable,-0.01846981908976368,0.36636352545949424,2394,0.18134022621912743,0.0046564848096472275
50,dispirited,-0.5118283355506716,5.2557906689424286e-160,2394,0.0049987987467048165,-0.4591477481013307
50,listless,-0.5872952983486782,5.4287613203003046e-222,2394,0.008970172856170917,-0.5544161083733198
50,weary,-0.3269146064866594,9.743012078443445e-61,2394,0.056799740031613234,-0.2921695340566097
50,worn out,0.10084757531622977,7.639647291468723e-07,2394,0.07578124148714414,0.10580606884819874
50,tired,0.5259028175814158,2.1215704593945312e-170,2394,0.03447209284974535,0.5042384609670778
50,resigned,-0.527959113515724,5.843873152764424e-172,2394,0.02557280750203386,-0.4784991835124464
50,lonely,-0.6443869949611946,5.166396120583121e-281,2394,-0.07692857263490693,-0.6016264875748976
50,heartbroken,-0.17857080793018962,1.3262712157006111e-18,2394,0.20734636930558353,-0.14675005731767016
50,grief-stricken,-0.12153311965153167,2.4395433697744716e-09,2394,0.1971486546934214,-0.08979796856361588
50,worthless,-0.3450737289383625,6.602657835340584e-68,2394,0.1160721395704222,-0.2911759355526848
50,self-critical,0.1357677716241722,2.5518864282077183e-11,2394,-0.1063977761416208,0.16477204694482558
50,ashamed,-0.011026929941350334,0.5897033459684844,2394,-0.014600204559962034,0.020485731112797802
50,guilty,-0.23286028364242603,7.676309157630735e-31,2394,-0.06027250200990586,-0.20431301171999253
50,humiliated,0.3713952433339199,3.529817219881137e-79,2394,-0.030146447079504146,0.3636889206948426
50,embarrassed,0.1497005116813882,1.8073946216142324e-13,2394,-0.10872779553971826,0.1343880791889501
50,regretful,-0.5801069471209286,2.2467491066546567e-215,2394,-0.026516708428708825,-0.5377814343339462
50,sorry,-0.5523617637090577,2.5487863886045684e-191,2394,0.04224846206714317,-0.5036885401418272
50,desperate,0.33812412075080023,4.17346081462129e-65,2394,0.12057595385813344,0.3191680892340438
50,panicked,0.6105507105330408,1.4033624946506752e-244,2394,0.049088232586941644,0.5612510426889733
50,hysterical,0.6576826524837335,1.2442279935686976e-296,2394,0.0742468167755909,0.611344390721392
50,overwhelmed,0.6197551508019737,4.75558627720284e-254,2394,0.06475305898418758,0.5760177346605156
50,distressed,0.4502815939257281,7.296012328248358e-120,2394,0.10529966905613888,0.42758459384309644
50,tormented,0.06018419514629302,0.0032206217163201338,2394,0.13515962563233275,0.05020036521632874
50,trapped,-0.15846332011654274,6.25735802372096e-15,2394,0.1423151022901666,-0.15314817433904387
50,stuck,-0.5849349863396541,8.426437941632538e-220,2394,0.043426351969999694,-0.5560680521701123
50,frustrated,0.6091750860257996,3.433776740645474e-243,2394,0.022080543719327772,0.5646758695838302
50,exasperated,0.623059475642959,1.5848490059593915e-257,2394,0.027752623056399167,0.577644341121459
50,angry,0.6465843946521149,1.533976261137196e-283,2394,0.07183864735383877,0.6060266162824608
50,anxious,0.5554859789997991,6.461109506565464e-194,2394,-0.00427557038395758,0.5092827025626239
50,afraid,0.5354853027320507,9.214762474452413e-178,2394,0.013980647750271611,0.48160296223006654
50,nervous,0.40566366803793624,1.630108055171654e-95,2394,-0.09150806859625189,0.35508297358567126
50,stressed,0.5850760864669616,6.239860758082866e-220,2394,-0.027168077390081688,0.5463811411321714
50,calm,-0.3337429890219551,2.236354777750029e-63,2394,-0.08050222701352548,-0.3158699597424794
50,self-confident,-0.054200808014594815,0.007989100519266198,2394,-0.14020454881667946,-0.050621237626460036
50,content,-0.46252485982124547,3.302437903146115e-127,2394,-0.1025424095871176,-0.442994607571549
50,happy,-0.023296096705180784,0.2545351726796687,2394,-0.1040477240807775,-0.0178375562771786
50,hopeful,-0.5231348669476658,2.5680271172682695e-168,2394,-0.11052893243179208,-0.5031050831438372
50,clinical_depression,-0.3529555107347699,3.596237203723617e-71,2394,0.12161951563648143,-0.3121053869122581
50,acute_grief,-0.5665904006124487,2.271070559423617e-203,2394,-0.0003656274244411492,-0.5232548310189059
50,burnout_exhaustion,-0.48457114727479345,3.274751494678161e-141,2394,-0.0023209959490248563,-0.44012529032307285
50,physical_illness_fatigue,0.17094161703079,3.713488141611156e-17,2394,-0.13159090980471297,0.1982681752604666
50,anxiety_panic,0.2399340346941455,1.0773140512915014e-32,2394,0.055022105921637685,0.2014933633515168
50,frustration_blocked_goal,0.45714051558521107,6.104659150239959e-124,2394,-0.013669848283417812,0.40626379887911485
50,pain_axis,0.3884476867479635,4.592778744540148e-87,2394,-0.054042620911005354,0.3851950591176322
52,depressed,-0.11172963753195717,4.227379518214512e-08,2394,0.13482304240801313,-0.083271133403398
52,sad,-0.43085104674143737,8.289983146965907e-109,2394,0.04362627152665995,-0.37253223681659536
52,gloomy,-0.31323239305674005,1.1913985123948468e-55,2394,0.0279710584205163,-0.25671944366908606
52,melancholy,-0.5607649897318784,2.2938100418219807e-198,2394,-0.01452133737373831,-0.5140133881602683
52,miserable,0.03515262425071518,0.08550535489363818,2394,0.1440382160629336,0.057454047972551
52,dispirited,-0.46774143596575335,1.9834880451375606e-130,2394,0.01957266738487245,-0.41275242187830796
52,listless,-0.5579105768277478,5.977491860002238e-196,2394,-0.00638021440701083,-0.5301992189769638
52,weary,-0.24984762140384384,2.1478296031075529e-35,2394,0.062192477941481306,-0.21658954395801905
52,worn out,0.18003770614132172,6.8683914858288115e-19,2394,0.06979692093703335,0.18354736942081995
52,tired,0.48698627022446705,8.275766351326609e-143,2394,0.03656726422275861,0.4702377818510002
52,resigned,-0.4769234484019753,3.0877604506861564e-136,2394,0.06183791857513132,-0.4295987181964782
52,lonely,-0.6332329980077548,1.686583197584532e-268,2394,-0.0842951150168105,-0.593003677047263
52,heartbroken,-0.04985763950665138,0.0146993115687662,2394,0.1379080212654855,-0.024150111886133432
52,grief-stricken,0.017930830882559434,0.38051852022987365,2394,0.1600414389453618,0.0421169426858753
52,worthless,-0.3106272743902849,1.034706065430997e-54,2394,0.09591467244457196,-0.2548057171212016
52,self-critical,0.13835305542935583,1.0564557469049954e-11,2394,-0.10194463460768753,0.16410072716413232
52,ashamed,0.04234236658203892,0.03830310089156261,2394,-0.039631661800173044,0.06776660532245497
52,guilty,-0.16594455726057422,3.0356953496425006e-16,2394,-0.08243642935899226,-0.13573249585637745
52,humiliated,0.3858344100733298,7.96672816602552e-86,2394,0.003965906270979348,0.3838868444956052
52,embarrassed,0.0690218140928157,0.0007264369320500717,2394,-0.08503900151660743,0.0610146862789213
52,regretful,-0.5243915772921004,2.926106847376301e-169,2394,-0.01188814205241315,-0.4783345218504065
52,sorry,-0.48248531678127826,7.664330013881776e-140,2394,0.007631071034161426,-0.42342874095968497
52,desperate,0.4722228259366277,3.0550693712178584e-133,2394,0.08206153524638105,0.44960957141950414
52,panicked,0.5841087177680209,4.879470860190253e-219,2394,-0.0018630368036670342,0.5340369778896606
52,hysterical,0.6510524316139874,9.589975357288239e-289,2394,0.05781639499004275,0.6034650673637424
52,overwhelmed,0.6102978024727091,2.529164061504759e-244,2394,0.031038932150423634,0.5695639570185704
52,distressed,0.5461048293237034,3.337587596227563e-186,2394,0.01962257278402428,0.5188179017312399
52,tormented,0.5334147319058998,3.761974502271499e-176,2394,0.08224978545805468,0.5091594380035193
52,trapped,-0.09939882895578377,1.0993336694583444e-06,2394,0.11978830325217912,-0.0902481741070413
52,stuck,-0.5938126953183815,3.892516202762035e-228,2394,0.028368055941094643,-0.5651373512795658
52,frustrated,0.5798849178090167,3.5752917949492795e-215,2394,0.03166460063591469,0.5359153333930315
52,exasperated,0.6202176695830511,1.5595195758588017e-254,2394,0.06180988964194244,0.5730105939363322
52,angry,0.6250025053042425,1.3667893043957355e-259,2394,0.06466299396889053,0.5843456853877594
52,anxious,0.48891816809927263,4.273500341131786e-144,2394,-0.05227451963836681,0.44208030864995174
52,afraid,0.41867435828674654,3.070564415812539e-102,2394,-0.055984487294488586,0.36124689691684936
52,nervous,0.25479928268615903,8.657297095431273e-37,2394,-0.11554926285040812,0.20295551488148192
52,stressed,0.5474197650590619,2.864334673545832e-187,2394,-0.03297340209951158,0.5147911802321852
52,calm,-0.49867384298681217,1.0088621682838102e-150,2394,-0.050083661787221796,-0.48003495421797615
52,self-confident,-0.34401563352579495,1.781456699763493e-67,2394,-0.10526102206128564,-0.3309955870526064
52,content,-0.6108176705298408,7.531790877591547e-245,2394,-0.05634485083256832,-0.5872272799431659
52,happy,-0.4780656017203832,5.68504652751929e-137,2394,-0.06824887268124791,-0.4616936363664323
52,hopeful,-0.6366375500120713,2.899034419338603e-272,2394,-0.0751373420825996,-0.6108373957503448
52,clinical_depression,-0.3072997540125177,1.5855239761687232e-53,2394,0.10338589833831059,-0.26793160489533735
52,acute_grief,-0.5226481476403361,5.941217152069695e-168,2394,0.026112518597919507,-0.4800307993464688
52,burnout_exhaustion,-0.4532012813404167,1.3766491645713903e-121,2394,0.02732711066923882,-0.40566677174830307
52,physical_illness_fatigue,-0.09791839465590821,1.58635255141207e-06,2394,-0.08914505231961188,-0.05883219353457782
52,anxiety_panic,0.36151316779639425,8.036104793715808e-75,2394,-0.007650580537101278,0.31963971216829073
52,frustration_blocked_goal,0.42231274876028163,3.570754439147919e-104,2394,-0.00013999644456230004,0.3754177036304421
52,pain_axis,0.43021568928403053,1.8535913110376534e-108,2394,-0.04631824735702466,0.4295900531337213
54,depressed,-0.40871499902239083,4.5889675932786424e-97,2394,0.06896854081370662,-0.37723926262480206
54,sad,-0.537171710558609,4.406780421631208e-179,2394,-0.0010771944713190294,-0.4918325630036722
54,gloomy,-0.46348849235684897,8.471597300181766e-128,2394,0.008740156625429811,-0.4084426168868367
54,melancholy,-0.6134519903832258,1.570296397579152e-247,2394,-0.030168959337306574,-0.57204174179566
54,miserable,-0.14065807783252504,4.74541294920811e-12,2394,0.13531063646321995,-0.09884902116800955
54,dispirited,-0.583451033556973,1.9675010093212445e-218,2394,-0.01201377049503613,-0.5326119271573581
54,listless,-0.6339610463663639,2.666310191728211e-269,2394,-0.05135991657925776,-0.6128479293306593
54,weary,-0.4337313417268221,2.1130883809087408e-110,2394,0.01995020458280335,-0.39801786135294714
54,worn out,0.4407370435104591,2.4194376632959447e-114,2394,0.029917001276376344,0.45120823577108293
54,tired,0.4582233617800885,1.3594726145212311e-124,2394,0.011452186052002988,0.4452280259472791
54,resigned,-0.5747156521488556,1.610719964639563e-210,2394,0.01993407862868448,-0.5321331379462066
54,lonely,-0.6626245488827848,1.2150236596993629e-302,2394,-0.12574398617803556,-0.629054402418075
54,heartbroken,-0.1973435433970965,1.9059279588015096e-22,2394,0.1628642592686655,-0.1740276429271217
54,grief-stricken,-0.10462623794155268,2.887898729515372e-07,2394,0.1517551228698727,-0.0812998247517271
54,worthless,-0.4913199481201198,1.0451054362924973e-145,2394,0.042649272040481544,-0.44060345914762644
54,self-critical,0.008711079795209235,0.6701036791986227,2394,-0.080948678056348,0.03064503441039125
54,ashamed,-0.32820721938833697,3.120858283700856e-61,2394,-0.03057116239844885,-0.2936659941924616
54,guilty,-0.4820318535294453,1.5167279362320226e-139,2394,-0.09486164184750492,-0.44026347394383475
54,humiliated,0.4374751211816577,1.6994774096539628e-112,2394,0.05433249767882058,0.4372375413942076
54,embarrassed,0.2134976165765792,4.438243631988156e-26,2394,-0.042373040090003346,0.20151701157906438
54,regretful,-0.6211616540425092,1.592962194100963e-255,2394,-0.034455655388550596,-0.5788840918100678
54,sorry,-0.5622821283869841,1.1663947721821723e-199,2394,0.015990392345953182,-0.507297131710378
54,desperate,0.4213732134277274,1.1339082132610366e-103,2394,0.12065546472897319,0.40119752262249714
54,panicked,0.6228497806632795,2.641783428851239e-257,2394,0.029114445279113964,0.5718561800401027
54,hysterical,0.6648921185310683,1.941506405681329e-305,2394,0.0928053951190076,0.6165434037692269
54,overwhelmed,0.6267448646348663,1.871223257648808e-261,2394,0.08372544597417479,0.588277211674822
54,distressed,0.619157015303868,2.0053648456938523e-253,2394,0.1293342797096968,0.587919210634022
54,tormented,0.4123126514457362,6.4972070006992785e-99,2394,0.12831920669691974,0.39132048329133545
54,trapped,-0.23525124433411726,1.8439006212959768e-31,2394,0.06890078955972805,-0.21477576512002539
54,stuck,-0.6336243034368884,6.2619324626781e-269,2394,-0.036327969876622894,-0.6006763809466724
54,frustrated,0.6144493839339714,1.4938537585888346e-248,2394,0.07704295859138353,0.5710045906174478
54,exasperated,0.6517221694539604,1.5636843584520123e-289,2394,0.1083254784684351,0.6067453044417285
54,angry,0.6271507730282433,6.859164397326457e-262,2394,0.11908538195400704,0.5882598801562304
54,anxious,0.5343782411409858,6.71719091018532e-177,2394,-0.007941898235985108,0.4853675576914023
54,afraid,0.561931070068737,2.327022962753422e-199,2394,0.003181125182559419,0.5097188376879634
54,nervous,0.44106966498510697,1.5641446314094654e-114,2394,-0.04599072246624482,0.38591853245563523
54,stressed,0.5969394684604581,3.9092668669714173e-231,2394,0.030768290131748442,0.5679540849820933
54,calm,-0.529462970009401,4.159213839094179e-173,2394,-0.10943315713112722,-0.5098816541508593
54,self-confident,-0.1151634065718359,1.5985031640866723e-08,2394,-0.1360972930692471,-0.10349815240474645
54,content,-0.6060913253306037,4.2066724371022404e-240,2394,-0.10980553876280658,-0.5812368309832462
54,happy,-0.44285598797242887,1.4903676151403425e-115,2394,-0.09212865202002256,-0.4280721330976403
54,hopeful,-0.6505582602665294,3.645215025327739e-288,2394,-0.09690469528111542,-0.6235511961807638
54,clinical_depression,-0.42058820207615777,2.969202907659277e-103,2394,0.06284809359974765,-0.38222944589937674
54,acute_grief,-0.5395457870605973,5.923815723089942e-181,2394,-0.035457978644927585,-0.5014093648618339
54,burnout_exhaustion,-0.490534001467139,3.531478635937957e-145,2394,0.01471692787120913,-0.4418244099554294
54,physical_illness_fatigue,-0.16198615823806603,1.5321955924446201e-15,2394,-0.10438048026003142,-0.12309796406076488
54,anxiety_panic,0.4282467592411251,2.2193565552788368e-107,2394,0.03479701190342348,0.386920574171252
54,frustration_blocked_goal,0.44553566385005344,4.267819119074796e-117,2394,0.02761993189155362,0.40083635405287077
54,pain_axis,0.48757016966996486,3.3860009269172817e-143,2394,-0.02903897825355104,0.4904119191787839
56,depressed,-0.024509296635407646,0.23062230895004812,2394,0.07914688675038728,0.00647055098610256
56,sad,-0.6025142812624783,1.4583471731617373e-236,2394,-0.08660143337054962,-0.5583633857477925
56,gloomy,-0.5066655805820727,2.585689887636523e-156,2394,-0.07270380190724411,-0.4504057726959109
56,melancholy,-0.6363644577259375,5.834348080563049e-272,2394,-0.11024486874855097,-0.5987514180455809
56,miserable,-0.13380328813860698,4.932697556524552e-11,2394,0.0664471810427659,-0.09931631106664358
56,dispirited,-0.6151413015965567,2.906630813178534e-249,2394,-0.08521885937705012,-0.5661062047590765
56,listless,-0.5790640463982796,1.9855743120684325e-214,2394,-0.0881075952754678,-0.5519143977020343
56,weary,-0.103751510576707,3.6283123541157803e-07,2394,-0.0325892817625313,-0.08022316420695644
56,worn out,0.6116525860293042,1.0714087501418491e-245,2394,-0.010637920924929913,0.6001950110720841
56,tired,0.6139647699296095,4.690044335331089e-248,2394,-0.004796165104697895,0.595259670008433
56,resigned,-0.5975381777385989,1.033333554759375e-231,2394,-0.040345543625162614,-0.5631138138183908
56,lonely,-0.6671776142569106,2.7832276889345336e-308,2394,-0.176020797968535,-0.6278060008125185
56,heartbroken,-0.24551229965733828,3.3719286083147214e-34,2394,0.07874217072357811,-0.22284142326169723
56,grief-stricken,-0.09574920348698616,2.6895639324979894e-06,2394,0.0863317809439552,-0.07911168466130543
56,worthless,-0.5350038416474304,2.1881072082773763e-177,2394,-0.017478242352427543,-0.48439692401416495
56,self-critical,-0.11849850266747308,6.047891355583137e-09,2394,-0.07866250328381735,-0.09751951188380133
56,ashamed,-0.5926590657001749,4.87639735133777e-227,2394,-0.07696980927465107,-0.550165594338575
56,guilty,-0.5578815724242214,6.323356908294809e-196,2394,-0.11470919203775383,-0.5208732987724565
56,humiliated,-0.49519073719414974,2.4807617715209447e-148,2394,-0.009638655790982359,-0.44750835431402897
56,embarrassed,-0.03382609281075824,0.0979915062942569,2394,-0.04363068524757551,-0.021920027864668856
56,regretful,-0.6534598351849971,1.3839998425219642e-291,2394,-0.09221004428419748,-0.6177605247993943
56,sorry,-0.6377554760139398,1.643081830177595e-273,2394,-0.10446043422514587,-0.5921838432473495
56,desperate,0.2308805286689389,2.4704339924596103e-30,2394,0.11298103542358873,0.20869835979388113
56,panicked,0.6491562939235259,1.5886268412652065e-286,2394,0.09697824813954183,0.6033962331815618
56,hysterical,0.6731345779666006,0.0,2394,0.15614444475635128,0.6266686264089647
56,overwhelmed,0.6528410210992459,7.478371241360197e-291,2394,0.08588310327359217,0.6218819533699511
56,distressed,0.5979332324669235,4.288224737254069e-232,2394,0.10087111356023243,0.5710675351702933
56,tormented,0.4622324861279916,4.985795380921978e-127,2394,0.11069488213266165,0.4460430444728805
56,trapped,-0.4433388618526309,7.875045341440603e-116,2394,-0.01204502192933788,-0.43154747925178505
56,stuck,-0.6708252721778093,0.0,2394,-0.08104149417130624,-0.6505791926953265
56,frustrated,0.5766316262782517,3.103368339520335e-212,2394,0.06613498272045015,0.5300817423702106
56,exasperated,0.6362015219899373,8.85251070249121e-272,2394,0.1262483230944676,0.5883949567596577
56,angry,0.5879258229226827,1.4007476685382612e-222,2394,0.11724492815227533,0.5449565481116647
56,anxious,0.6095736389574503,1.3619529009704006e-243,2394,0.04901066116061284,0.5752533990715892
56,afraid,0.642290498594926,1.2739438856173962e-278,2394,0.028109784427254356,0.6061688906830415
56,nervous,0.5923152663848255,1.033764338693535e-226,2394,0.06489167240950153,0.5562882021862974
56,stressed,0.6194001750603798,1.1175836669255849e-253,2394,0.042608368175212005,0.593841268193915
56,calm,-0.5056908172440961,1.2663125653388701e-155,2394,-0.10851216852117429,-0.4897036597275183
56,self-confident,-0.48665782093887794,1.3670976297736416e-142,2394,-0.08472625645763673,-0.46487090376886325
56,content,-0.6034284867964105,1.8340833023359253e-237,2394,-0.11034479435623623,-0.5868624728258249
56,happy,-0.5434854782178832,4.301695889749439e-184,2394,-0.056714899749571335,-0.5223416655078063
56,hopeful,-0.6490547821382846,2.0863196292274924e-286,2394,-0.07116612191934443,-0.6223372913721136
56,clinical_depression,-0.3883125044529445,5.32666059852682e-87,2394,0.036050732396126196,-0.34444473607846465
56,acute_grief,-0.5741339535911812,5.315166628853932e-210,2394,-0.025635052527739833,-0.5384673427050031
56,burnout_exhaustion,-0.46030098776112754,7.50285578602335e-126,2394,-0.0005386493741252711,-0.4077751232786287
56,physical_illness_fatigue,-0.4334178641413305,3.155815114915245e-110,2394,-0.12230553500060866,-0.38847130330896235
56,anxiety_panic,0.5856421709521369,1.866791677592608e-220,2394,0.03993927551766048,0.5581605626356272
56,frustration_blocked_goal,0.409539214369246,1.7382709128750577e-97,2394,0.008874139196253829,0.36113089633549755
56,pain_axis,0.37647753015154806,1.7647389599282374e-81,2394,0.005005578991813376,0.38925175950138985
58,depressed,-0.13047470827490523,1.4743150881632965e-10,2394,0.12243937968491209,-0.10815024166294128
58,sad,-0.5759974559173309,1.1502769934241178e-211,2394,-0.1091842846054736,-0.5344898904322805
58,gloomy,-0.3530755765906973,3.2018594565518615e-71,2394,-0.07081183800494209,-0.30248782621495
58,melancholy,-0.6228742491493091,2.4889272629812146e-257,2394,-0.14128147140826472,-0.5837444849175505
58,miserable,-0.13022799723234213,1.5972078306186813e-10,2394,0.08006061209968948,-0.10399040917334451
58,dispirited,-0.5635005329747639,1.0543999508939269e-200,2394,-0.07914000002722962,-0.5152697315612578
58,listless,-0.5604464257062203,4.2791396630317204e-198,2394,-0.06695755057698653,-0.5339376046855544
58,weary,-0.23965875805897846,1.275238088207911e-32,2394,-0.01807838288411806,-0.21831789000009685
58,worn out,0.3553265509207023,3.594028307082644e-72,2394,0.037109637675022164,0.35177966666141997
58,tired,0.6347404687032808,3.680388293946311e-270,2394,0.058045793841318,0.61582167751005
58,resigned,-0.583974135234856,6.492294575491735e-219,2394,-0.06389421759271188,-0.5458585546790242
58,lonely,-0.6606081047926345,3.554724982129635e-300,2394,-0.1752156121880707,-0.6215621694029813
58,heartbroken,-0.21995460541675205,1.2855427740483816e-27,2394,0.07870921534202843,-0.20282025805191328
58,grief-stricken,-0.01874983716916119,0.3591409374724302,2394,0.08835421065143717,-0.012064188309452361
58,worthless,-0.5051532091435916,3.034713304589697e-155,2394,0.013749267657320246,-0.4561085660710113
58,self-critical,0.01185702667182748,0.562006232803312,2394,-0.06742913015223712,0.0357928875776492
58,ashamed,-0.5365498276039502,1.354856132315195e-178,2394,-0.0596506358290569,-0.4921866326919717
58,guilty,-0.32340259733404125,2.0888758064150155e-59,2394,-0.06651400250875383,-0.2894044563238368
58,humiliated,-0.5474568767525517,2.6721287444172627e-187,2394,-0.0215338739008055,-0.49987595545160596
58,embarrassed,-0.11390286620931077,2.2919320013226904e-08,2394,-0.03365714933322744,-0.0947655042299832
58,regretful,-0.626762852771303,1.7898807165511863e-261,2394,-0.10754295285518432,-0.5878407585529168
58,sorry,-0.5589698366328592,7.633261189705566e-197,2394,-0.1195392638078498,-0.5075402939619392
58,desperate,0.11787317572060721,7.271825663301986e-09,2394,0.11055099571215801,0.09378499864012654
58,panicked,0.6554884561337674,5.334717749822258e-294,2394,0.129773078664081,0.6035694453483362
58,hysterical,0.6832384951005058,0.0,2394,0.16699820291552372,0.6296412041294545
58,overwhelmed,0.6616716143606954,1.788419676290424e-301,2394,0.15287309079075626,0.6251513757682616
58,distressed,0.5416114158237676,1.3552165182001417e-182,2394,0.15092043029531768,0.5079935122629206
58,tormented,0.2309108966646891,2.426736740002609e-30,2394,0.1430581405002666,0.215704532581349
58,trapped,-0.5625192387702063,7.312188117682705e-200,2394,-0.05992302952555347,-0.5447368765663567
58,stuck,-0.6781952712202028,0.0,2394,-0.15856274551804375,-0.6524040846576213
58,frustrated,0.5678920488694004,1.676227352648833e-204,2394,0.07977662374213515,0.5232099864108031
58,exasperated,0.6409453766919935,4.2657175783643035e-277,2394,0.11747272832156795,0.5956034653447051
58,angry,0.5606987074213229,2.611714847614217e-198,2394,0.1262199148716761,0.5192265093325724
58,anxious,0.607771620076018,8.819784654270392e-242,2394,0.09139459363039586,0.5662895366932205
58,afraid,0.6207624404118031,4.184324236495874e-255,2394,0.07943865217009918,0.5735345759081171
58,nervous,0.5854339169735554,2.910830367711483e-220,2394,0.0988695145426688,0.5437426088081669
58,stressed,0.6138374206577724,6.3329052139429034e-248,2394,0.06249613445426466,0.5847993693738284
58,calm,-0.393681549369585,1.40000618905612e-89,2394,-0.15411364584382684,-0.3799223817481083
58,self-confident,-0.3297793355929394,7.7571021220509005e-62,2394,-0.10982582926863806,-0.3026608288069555
58,content,-0.36536386782389896,1.680220400882117e-76,2394,-0.1624211656725954,-0.35262533125234036
58,happy,-0.3612121588415115,1.0848611357406508e-74,2394,-0.11302629088964355,-0.3404771623700537
58,hopeful,-0.6521066394364137,5.50901720677285e-290,2394,-0.14682644806135953,-0.6218072592890102
58,clinical_depression,-0.3505869569333721,3.5198884519153754e-70,2394,0.08412525081859734,-0.3079042810485748
58,acute_grief,-0.5652225166126505,3.4697167883055245e-202,2394,-0.028143964083269198,-0.5242821305741703
58,burnout_exhaustion,-0.5211156230140068,8.260344452162548e-167,2394,-0.07073267768014486,-0.4671266569503435
58,physical_illness_fatigue,-0.3864411589700529,4.116860231734405e-86,2394,-0.09212116993780525,-0.33894264931423673
58,anxiety_panic,0.46861810849300956,5.630478823132025e-131,2394,0.08456117983205576,0.4386252651023643
58,frustration_blocked_goal,0.42237019045900065,3.326808682149608e-104,2394,0.018846658210419608,0.3726626597164143
58,pain_axis,-0.051955226493633266,0.011006832389686711,2394,0.12779656533440986,-0.023191710331404932
59,depressed,-0.18238755826668845,2.3658097469283303e-19,2394,0.09530875913071113,-0.16027705546130952
59,sad,-0.5247099748666669,1.6852506669155451e-169,2394,-0.05340054417055552,-0.4906122542152774
59,gloomy,-0.1214272769249394,2.5189826146184725e-09,2394,-0.05741112455255763,-0.08906300382504623
59,melancholy,-0.5189465332811846,3.349347603337864e-165,2394,-0.07108116905362383,-0.4863854049375169
59,miserable,-0.24251642831566597,2.191012525886661e-33,2394,0.03817242203405076,-0.21126193027612086
59,dispirited,-0.5063772014642652,4.1393534609787526e-156,2394,-0.09828886929823821,-0.4673448604037435
59,listless,-0.3753394556991987,5.828376554204308e-81,2394,-0.11498937715404187,-0.34680990804151574
59,weary,-0.10276422190986292,4.684107787522157e-07,2394,0.0015507453485568735,-0.08035711825209584
59,worn out,0.21661774155416813,8.131137810628081e-27,2394,-0.004009360998507204,0.2162731320230521
59,tired,0.5382364923950277,6.406024921324598e-180,2394,0.05715007466468701,0.5306459142056418
59,resigned,-0.45693392927625054,8.125287496076244e-124,2394,-0.03903466133999403,-0.40946089381740175
59,lonely,-0.5909056721297998,2.2297326917601825e-225,2394,-0.1502050945809566,-0.5588986350650649
59,heartbroken,-0.3900133027569852,8.208363079923796e-88,2394,0.07393797113009284,-0.3794294678401781
59,grief-stricken,-0.17687576350632742,2.817251841109541e-18,2394,0.10525965447099225,-0.16837173868378183
59,worthless,-0.42163321280415694,8.238888231166722e-104,2394,0.04089040726885305,-0.3840892186584904
59,self-critical,0.13254773917052579,7.478992949771494e-11,2394,-0.07878122022495322,0.1400780967712927
59,ashamed,-0.5760236138342139,1.089829487286169e-211,2394,-0.04861832014153611,-0.5434983944939414
59,guilty,-0.3207470105031022,2.0644895865314676e-58,2394,-0.060935825672274416,-0.30330939880297675
59,humiliated,-0.5876352408215266,2.616147843893893e-222,2394,0.02179831096754509,-0.5534821135579361
59,embarrassed,-0.2827676185555039,2.973325551099485e-45,2394,0.015036216524435101,-0.2588870162414999
59,regretful,-0.6254369584863092,4.700373012598448e-260,2394,-0.09313440320795566,-0.5982363767542442
59,sorry,-0.570227351815209,1.5165534474176014e-206,2394,-0.06402757064094675,-0.5323572951350652
59,desperate,-0.0542109275691306,0.007977371009954742,2394,0.06892379462670055,-0.06744487447621135
59,panicked,0.6275734361644599,2.408449582278265e-262,2394,0.10541143054817353,0.5838236832355239
59,hysterical,0.6631312446290587,2.8962776465092055e-303,2394,0.16498991167878085,0.6137077574499645
59,overwhelmed,0.6521616914176462,4.7439977085796517e-290,2394,0.1216033546014257,0.6241231432891696
59,distressed,0.4759070017944456,1.384605556347347e-135,2394,0.19675196090225247,0.44848990395627153
59,tormented,-0.15852838352109105,6.098590098576234e-15,2394,0.13471906582568896,-0.15492279904582826
59,trapped,-0.6000283952118836,3.9592567216692577e-234,2394,-0.028778565366420754,-0.5797886406423456
59,stuck,-0.6695882348488704,0.0,2394,-0.17403949983612063,-0.6445792349732439
59,frustrated,0.41675314572604755,3.155722998094349e-101,2394,0.015229924103533389,0.377767949121388
59,exasperated,0.5739570214662645,7.638691531184558e-210,2394,0.09049049980657453,0.5356015362101963
59,angry,0.10973525106824836,7.340072789915826e-08,2394,0.06346114063949462,0.07740683168516335
59,anxious,0.5815800654692471,1.0209293234374954e-216,2394,0.0458162139191347,0.5597288046917676
59,afraid,0.35856232743175004,1.5018585967585878e-73,2394,0.07305998312666301,0.3409129275795026
59,nervous,0.5775903651952171,4.258858473322978e-213,2394,0.07724081874369788,0.5601190977560803
59,stressed,0.5673540337212675,4.9294383294056854e-204,2394,-0.014833270810447812,0.5475149012370324
59,calm,-0.0013617336722819334,0.9469058412391824,2394,-0.11373146124337648,-0.004362779915938787
59,self-confident,-0.17099308811177227,3.6327703766537745e-17,2394,-0.1316187272083462,-0.1584547361714173
59,content,0.23120755562148979,2.0382142485033824e-30,2394,-0.08405585437641594,0.20709593708294793
59,happy,0.351135452328373,2.0790736971873368e-70,2394,-0.050852920591179164,0.32671609601094015
59,hopeful,-0.1336916359100003,5.119498569072909e-11,2394,-0.08990653985333535,-0.14293485449029228
59,clinical_depression,-0.35063326395417377,3.366990090617447e-70,2394,0.08834621513270909,-0.3220653105668467
59,acute_grief,-0.5804697404691167,1.0508762132409417e-215,2394,-0.012152810278824259,-0.5447210788235033
59,burnout_exhaustion,-0.36951094030288695,2.457242392178695e-78,2394,-0.01912548543343735,-0.323599600662687
59,physical_illness_fatigue,-0.30719132375016167,1.7319714874941972e-53,2394,-0.06383367475460043,-0.2747446364376201
59,anxiety_panic,0.3542904815457154,9.85646493615139e-72,2394,0.049321559309039885,0.3406470561420403
59,frustration_blocked_goal,0.39796090570265735,1.1347500859985619e-91,2394,-0.01183626428540914,0.35538914718711617
59,pain_axis,-0.08911699404721257,1.260940226020884e-05,2394,0.11380342278726244,-0.06043015862271319
60,depressed,-0.1718140389897133,2.5562923424593182e-17,2394,0.08230225522169496,-0.15959437616317715
60,sad,-0.48268391409071704,5.682094068922748e-140,2394,-0.02300104102857902,-0.45203572220903004
60,gloomy,-0.10909598980493623,8.742325796634329e-08,2394,-0.038929782000569194,-0.08036512785375903
60,melancholy,-0.5717496789390412,6.916783088703094e-208,2394,-0.0529776292117802,-0.5424691607370811
60,miserable,-0.2321064258092545,1.199519933723467e-30,2394,0.04492072159392181,-0.2118433615183208
60,dispirited,-0.5403679301863272,1.3212836848397985e-181,2394,-0.09133026890567955,-0.5039201921005255
60,listless,-0.5059672833588676,8.073800802861034e-156,2394,-0.09666132263146876,-0.4829555889594565
60,weary,-0.27844157230724775,7.058361376238649e-44,2394,-0.018641706770785475,-0.2518954312936597
60,worn out,0.08861416457937407,1.4116628317495409e-05,2394,0.023428478579309624,0.09080142311555565
60,tired,0.4320293724928452,1.855521317721068e-109,2394,0.06236086225755976,0.4267898486656831
60,resigned,-0.49844666604693105,1.4474660935182026e-150,2394,-0.045940668967384884,-0.45620114125305933
60,lonely,-0.6505530148726095,3.697198341292516e-288,2394,-0.128194007341882,-0.6250530484542918
60,heartbroken,-0.10527191907430401,2.437269335966443e-07,2394,0.10912841840878021,-0.09443352013019028
60,grief-stricken,-0.024698814876374247,0.22703588868314376,2394,0.11649376849481193,-0.0200808869747675
60,worthless,-0.4947480715656834,4.97102590716871e-148,2394,0.018858890037474558,-0.46318266661225194
60,self-critical,0.029678583438461192,0.14658767935147854,2394,-0.12048551784596795,0.04204240498584361
60,ashamed,-0.5479894672907939,9.851931694624328e-188,2394,-0.07000063953537794,-0.5166122825537331
60,guilty,-0.12560851694975708,6.956786037164661e-10,2394,-0.05297352386440427,-0.10856820650673568
60,humiliated,-0.5547094333306466,2.871736989814409e-193,2394,0.018043420711961352,-0.5228543843557075
60,embarrassed,-0.21725966858671494,5.715798992111904e-27,2394,0.004627845575636145,-0.20081754912285146
60,regretful,-0.6262060408371682,7.074616455004327e-261,2394,-0.11470191444529976,-0.597828394432343
60,sorry,-0.48516134209601736,1.3366089493433387e-141,2394,-0.032195205592640955,-0.4444350387381269
60,desperate,0.14885379643734445,2.4758685560039126e-13,2394,0.07812976984381653,0.13182841248862495
60,panicked,0.6581928670183135,3.0175621475231287e-297,2394,0.1319927962967744,0.6154691527365508
60,hysterical,0.686416667523546,0.0,2394,0.17977309977130523,0.6358803477789607
60,overwhelmed,0.6364120695168366,5.164872880996821e-272,2394,0.1487367262710808,0.603762995806572
60,distressed,0.6784420359973108,0.0,2394,0.19975173175174196,0.6434652695913733
60,tormented,0.008607657995887672,0.6737931988043125,2394,0.12247960764231094,-0.0015950539787458523
60,trapped,-0.626347089475433,4.995967411776239e-261,2394,-0.03833942347481577,-0.6141251692898747
60,stuck,-0.6881629843467195,0.0,2394,-0.18925480733687036,-0.664037382799572
60,frustrated,0.5347493159271343,3.4544329245872344e-177,2394,0.011311980472077071,0.49602438525156617
60,exasperated,0.6034362750973921,1.801919769483964e-237,2394,0.07322943694708883,0.5668353673653647
60,angry,0.4426852590607547,1.866976718699521e-115,2394,0.0780070456804455,0.40161041111705936
60,anxious,0.595716679108305,5.868261675384366e-230,2394,0.04858455157855293,0.5707417582597623
60,afraid,0.47798303377020446,6.426216045855709e-137,2394,0.033522268973466884,0.4508561580183123
60,nervous,0.5864113375871726,3.608648673565869e-221,2394,0.05282127868008395,0.5675582581264372
60,stressed,0.5676479894523007,2.734949672235742e-204,2394,0.02135551186548791,0.5475632985612101
60,calm,-0.41537290247042435,1.6672176222595312e-100,2394,-0.15120475020636193,-0.3958912275261873
60,self-confident,-0.3355332387573338,4.429992617058849e-64,2394,-0.14196791405481055,-0.3051854681197962
60,content,0.13044050416004854,1.4907845526193505e-10,2394,-0.09584917319863277,0.1214753563363727
60,happy,0.2648315334694274,1.0398232610146186e-39,2394,-0.058389384359232896,0.24983070654848633
60,hopeful,-0.44191130818925156,5.1759757008174105e-115,2394,-0.09955980660803518,-0.4327075774970093
60,clinical_depression,-0.29416710107136795,5.36981820776588e-49,2394,0.11365631290036414,-0.26435810107403157
60,acute_grief,-0.45586228420541947,3.569640352674109e-123,2394,-7.392018457112737e-06,-0.41570997199698845
60,burnout_exhaustion,-0.4671012607389715,4.963362316906592e-130,2394,-0.02926585883068293,-0.4214140040690516
60,physical_illness_fatigue,-0.35041129322551823,4.165470430347842e-70,2394,-0.08202197515256256,-0.3155404487338112
60,anxiety_panic,0.3983376887184875,7.401020390967526e-92,2394,0.07532422317108728,0.38406890214666173
60,frustration_blocked_goal,0.35773975891549015,3.3782950185604096e-73,2394,-0.012858235439579459,0.3169201325376289
60,pain_axis,-0.17223570684988798,2.1326621866009686e-17,2394,0.14218798943833835,-0.141156642005006
61,depressed,-0.37888562671251785,1.386499949086903e-82,2394,0.08029530793531364,-0.3637411717405189
61,sad,-0.4974283583658274,7.276067839327068e-150,2394,-0.02318246769599209,-0.45196155806284843
61,gloomy,-0.32338649406987063,2.118243528928738e-59,2394,-0.02416961847859166,-0.2772087749739888
61,melancholy,-0.6218953643098502,2.6901199996361674e-256,2394,-0.08770584267367645,-0.582717020748831
61,miserable,-0.04477367044867991,0.028476127206656102,2394,0.10475820494508395,-0.02512024180685039
61,dispirited,-0.5841640062223459,4.3391475807782204e-219,2394,-0.05156059602108953,-0.545069093459518
61,listless,-0.6472001586403157,2.977371680903685e-284,2394,-0.08851724496012212,-0.6295772518452054
61,weary,-0.4769112861023259,3.143795832529733e-136,2394,-0.04205220823417967,-0.4489613866050589
61,worn out,0.21763732595952573,4.642923261991603e-27,2394,0.026135298932942256,0.21316913624660438
61,tired,0.48054244600534485,1.417135251174207e-138,2394,0.020246015607402527,0.46523492621416457
61,resigned,-0.5976696445475306,7.712399575409893e-232,2394,-0.0681930495947792,-0.5591839254663262
61,lonely,-0.6709874561013952,0.0,2394,-0.12363755201837995,-0.644563073042487
61,heartbroken,-0.08315618847498128,4.628381048796952e-05,2394,0.09910698890350568,-0.06821524892593968
61,grief-stricken,0.1435018606067926,1.7359051500523806e-12,2394,0.13238157781788512,0.15006907799529542
61,worthless,-0.5124854921609473,1.7624787422246326e-160,2394,0.015054230882943649,-0.4732486045694379
61,self-critical,0.07258848005892099,0.00037872508703231804,2394,-0.06808861065089494,0.08727233955372973
61,ashamed,-0.59801837956278,3.547172807054601e-232,2394,-0.07815439857478487,-0.5473585277409921
61,guilty,-0.581079710881895,2.922637041570823e-216,2394,-0.08956384189808252,-0.529274401694808
61,humiliated,-0.3494694792476546,1.0256044973847709e-69,2394,0.018443366450895157,-0.3126004103582896
61,embarrassed,-0.012196048539104243,0.5508779030441183,2394,-0.018498582750106306,-0.006659830818349248
61,regretful,-0.625238704686568,7.651803477808995e-260,2394,-0.0858260250537336,-0.5806730954344532
61,sorry,-0.5380746602606707,8.59163159243708e-180,2394,-0.06173704727851008,-0.4754785639962976
61,desperate,0.4532422901114058,1.3016225176270842e-121,2394,0.15345223647318051,0.4312877871210139
61,panicked,0.641593294250677,7.878868332314252e-278,2394,0.10903962688503072,0.5964353360901012
61,hysterical,0.6846228504792278,0.0,2394,0.17241546278611908,0.635735494076412
61,overwhelmed,0.6136827822065954,9.117950957368263e-248,2394,0.11469145635443415,0.5694635944816975
61,distressed,0.6629191733440123,5.279963301808375e-303,2394,0.13667351766482672,0.6306661043334494
61,tormented,0.27569266879317467,5.128187669662955e-43,2394,0.12665339549045315,0.2623307640347571
61,trapped,-0.5024290076613342,2.483843177193219e-153,2394,-0.0017462403188326005,-0.501320429218228
61,stuck,-0.6699612937561441,0.0,2394,-0.11408324731651731,-0.6505311211807007
61,frustrated,0.6507217220278324,2.3443501503477223e-288,2394,0.10970733702787099,0.6074601168796218
61,exasperated,0.675416055369502,0.0,2394,0.13549472509258398,0.6298286827198943
61,angry,0.6259926573389616,1.1970692038498762e-260,2394,0.12313269557587304,0.5910485542863588
61,anxious,0.5206888889325624,1.71498840800788e-166,2394,0.019571333553439308,0.4783800850588051
61,afraid,0.47858404316263997,2.631632733203912e-137,2394,0.012146535038435727,0.4505732886262715
61,nervous,0.4728117544077095,1.2950849165434022e-133,2394,-0.010589203110997605,0.4324702244757034
61,stressed,0.5813282374244241,1.7337699024445078e-216,2394,0.04467176105515084,0.5488299131511144
61,calm,-0.4746413612058903,8.906447633791761e-135,2394,-0.1571692569401306,-0.44780222209520304
61,self-confident,-0.3915509803878554,1.499053378254618e-88,2394,-0.15121285320389763,-0.3519543818297376
61,content,-0.4452107301184148,6.577442337717047e-117,2394,-0.12217339021044052,-0.43131089821206064
61,happy,-0.4912069752632928,1.245245380914227e-145,2394,-0.09142617267408508,-0.4740465316413896
61,hopeful,-0.6494552299993988,7.115567925948461e-287,2394,-0.11656412269451802,-0.6213784757368289
61,clinical_depression,-0.40661977221206524,5.347144655124328e-96,2394,0.037095410719742164,-0.36696020372504223
61,acute_grief,-0.5550696817178822,1.4381964013164373e-193,2394,-0.04887161959613901,-0.5171986634731238
61,burnout_exhaustion,-0.5714282844398043,1.329206129976694e-207,2394,-0.09910539824948147,-0.5267357454768175
61,physical_illness_fatigue,-0.47954997826741386,6.243747474659753e-138,2394,-0.10826510273675899,-0.4359768275579781
61,anxiety_panic,0.21483649998048926,2.1495316865090277e-26,2394,0.04575466358946875,0.18295878131839535
61,frustration_blocked_goal,0.512641096048254,1.360236331702636e-160,2394,0.06346431193830729,0.46860797505444496
61,pain_axis,-0.30598154120510707,4.629349881269517e-53,2394,0.17282624206110508,-0.2832143069060377
