layer,label,spearman_frustration,p,n,spearman_within_turn_mean,spearman_petri_depression
6,depressed,0.6143970276808687,1.6905579462391036e-248,2394,0.19987420935666705,0.6200398830932727
6,sad,0.6058346445257314,7.576322857270176e-240,2394,0.19721766049056533,0.5735868069339639
6,gloomy,-0.1635556197327313,8.102966007263548e-16,2394,0.0543937018505563,-0.18909899532758484
6,melancholy,0.6223236382380911,9.504778530661123e-257,2394,0.18847496223679752,0.6069402830325288
6,miserable,0.647450966334494,1.5253142452139067e-284,2394,0.231076712795394,0.6255720570907054
6,dispirited,0.616864506360298,4.84331340955511e-251,2394,0.1823708073210482,0.6051995240906834
6,listless,-0.18611199252429067,4.241086274400307e-20,2394,0.0061290240780278865,-0.1521598589345412
6,weary,0.6385037678968155,2.389713597148103e-274,2394,0.2127950425923697,0.6430150490192799
6,worn out,0.6244919231316979,4.7814938086179805e-259,2394,0.19096111930464293,0.6180407854174946
6,tired,0.03667953035060616,0.07275866314283763,2394,-0.08325538720591615,0.002407378342825544
6,resigned,-0.2982382466661852,2.2431026797503616e-50,2394,-0.07488409494778467,-0.2538703770128237
6,lonely,0.633432586320663,1.0176722889007871e-268,2394,0.2001424479832588,0.6056134437772421
6,heartbroken,0.6503865849828713,5.793332535848796e-288,2394,0.25430258034827935,0.6489123272206836
6,grief-stricken,0.6392014186507857,3.940910555710271e-275,2394,0.22810236624920324,0.6343148492446394
6,worthless,0.5570886060792818,2.936853275900054e-195,2394,0.14129844907928552,0.5813843720459761
6,self-critical,0.2778780084859462,1.061889717237415e-43,2394,-0.04148906252256747,0.3002949510517904
6,ashamed,-0.29651756601262264,8.639137752655951e-50,2394,-0.09762527119808959,-0.2536565620339873
6,guilty,0.3201821202520322,3.350831348746368e-58,2394,0.003191257874342532,0.3438175769586432
6,humiliated,-0.5909994077505495,1.818694437503075e-225,2394,-0.20706411564409638,-0.5998282642840658
6,embarrassed,-0.6166287079859508,8.494266574947128e-251,2394,-0.20145730345366464,-0.6245529946261528
6,regretful,0.45173503901523554,1.015862315922967e-120,2394,0.06267823323853773,0.4780891075529185
6,sorry,-0.3454648249313328,4.570537320353857e-68,2394,-0.09809840373061642,-0.3328019536228441
6,desperate,0.6239855836310546,1.6516105590637816e-258,2394,0.2357323285873777,0.6284028097636709
6,panicked,0.18925371604168298,9.670724595506375e-21,2394,0.09309073644127053,0.16903806407336625
6,hysterical,0.5841301120014164,4.662849179320376e-219,2394,0.1987166605302866,0.575864013470096
6,overwhelmed,0.39019424976521555,6.72302329443761e-88,2394,0.09082707537039315,0.348758454462385
6,distressed,0.609636565504558,1.1767942352118455e-243,2394,0.2062303685668772,0.5961638098055158
6,tormented,0.5975912559127255,9.182316938403774e-232,2394,0.17791953021946444,0.595940742225827
6,trapped,0.5147446270483595,4.044916108753908e-162,2394,0.0825594887640474,0.5108190181895077
6,stuck,0.4638356848362489,5.183375494291736e-128,2394,0.03732671827052868,0.4821468987705998
6,frustrated,-0.48567088537428194,6.15740154988407e-142,2394,-0.0911292658122212,-0.4816084029774444
6,exasperated,-0.5576846030772574,9.2635943205621e-196,2394,-0.12175779682956434,-0.5467918502197996
6,angry,-0.6130370942427056,4.167735893491809e-247,2394,-0.130151733581427,-0.6226955872922204
6,anxious,-0.5917247766335798,3.749524451532277e-226,2394,-0.174816486026747,-0.6051372764951747
6,afraid,0.29589961286795624,1.3989668137771896e-49,2394,0.09773025998029881,0.25396656791510985
6,nervous,-0.5966195421399586,7.950199727142901e-231,2394,-0.16608829792717222,-0.6086307545866865
6,stressed,-0.5381315226953379,7.749770841446012e-180,2394,-0.23429657360538156,-0.5527042380318952
6,calm,-0.6562449876811856,6.638251841018697e-295,2394,-0.22490880137891014,-0.653932433301289
6,self-confident,-0.46544706501655103,5.2622499542855884e-129,2394,-0.12694368521226285,-0.43617343512345774
6,content,-0.5773656188892955,6.788057190490284e-213,2394,-0.1678400459331071,-0.5930225735833515
6,happy,-0.502865262708627,1.2300977692481807e-153,2394,-0.09065154280156146,-0.5233674263393286
6,hopeful,-0.5686550772772851,3.6179095918269123e-205,2394,-0.18083480938865748,-0.566294619268215
6,clinical_depression,0.40711172206055113,3.008986358504505e-96,2394,0.14832148364571734,0.41707831885789654
6,acute_grief,0.6130140007420465,4.4002497655643155e-247,2394,0.2186742461094458,0.6115285054458725
6,burnout_exhaustion,-0.5082515938113356,1.928207250025427e-157,2394,-0.1810869065132018,-0.5150071406415608
6,physical_illness_fatigue,0.5287618788897445,1.4281675747725454e-172,2394,0.1362566562853742,0.5296852717934583
6,anxiety_panic,-0.4320333593308879,1.8461288533604792e-109,2394,-0.1294785034614664,-0.4328812381476712
6,frustration_blocked_goal,-0.6207802221876665,4.008265229775614e-255,2394,-0.19564750920484034,-0.6175640111507193
6,pain_axis,0.5045355929938353,8.266964404235447e-155,2394,0.13934139070826157,0.49046466607518463
8,depressed,-0.1264719110688882,5.305177063553737e-10,2394,-0.04747358050639373,-0.10036112619315658
8,sad,-0.1785893211436001,1.315348463162219e-18,2394,-0.010533921045533731,-0.15653278238269544
8,gloomy,0.3739869659971269,2.3959145982535837e-80,2394,0.10219950129264742,0.3504158442472414
8,melancholy,0.05748588872893981,0.004899666697128834,2394,-0.0028410397597185347,0.07984709165714622
8,miserable,0.4143887249989783,5.43727274528727e-100,2394,0.11900642829594836,0.3936840875823588
8,dispirited,0.3580029756101842,2.6070608609875265e-73,2394,0.09480253487769752,0.33661259246394976
8,listless,-0.3390250083801627,1.8258331224950188e-65,2394,-0.09629292808868145,-0.3106855203358007
8,weary,0.5073407446304593,8.577522534252686e-157,2394,0.13782461371102694,0.4892650283678424
8,worn out,0.5277680470689597,8.167740998356389e-172,2394,0.11903279980541503,0.5086224050173614
8,tired,0.3828732136723444,1.9583772973604295e-84,2394,0.08485522725869343,0.3598079370143547
8,resigned,-0.3407158006199578,3.8405006957488017e-66,2394,-0.09695072529343061,-0.3156680581129919
8,lonely,0.07362679246905575,0.00031159731703541674,2394,0.00858957158546914,0.0882913152758021
8,heartbroken,-0.24718918599886486,1.1697428216070095e-34,2394,-0.053557186380534694,-0.22230090422577053
8,grief-stricken,-0.2673479777843946,1.837772410541044e-40,2394,-0.059358534199376596,-0.24320441033495124
8,worthless,-0.3036905724592644,2.9414959814118583e-52,2394,-0.0783649842764441,-0.27972488179307237
8,self-critical,-0.13866753689503836,9.479134603660903e-12,2394,-0.05899200136459719,-0.1090309387355277
8,ashamed,-0.34052301635591187,4.5898791533929647e-66,2394,-0.08145775382141518,-0.3093052474271223
8,guilty,-0.33205906527490786,1.0154342484045079e-62,2394,-0.0879129828100617,-0.3053058664342211
8,humiliated,0.3180154646914318,2.126803133007953e-57,2394,0.08294889465474059,0.29419241542627445
8,embarrassed,0.28154128189866917,7.339315907670044e-45,2394,0.06400702529098488,0.25826833836289187
8,regretful,-0.32293258001962094,3.1385808377753662e-59,2394,-0.085178192717738,-0.297284112407559
8,sorry,-0.346194528757355,2.297694556055885e-68,2394,-0.07641046858298747,-0.3235505965779325
8,desperate,0.5237472354656283,8.921551829120416e-169,2394,0.19054032838396812,0.530482377070849
8,panicked,0.3547826117968696,6.106753634568761e-72,2394,0.09688487040180875,0.3316254487891846
8,hysterical,0.48725517401327867,5.484789329851555e-143,2394,0.1539410149210223,0.45737180886487605
8,overwhelmed,0.35534413092980466,3.532913418092515e-72,2394,0.09937356312320678,0.33314269530440715
8,distressed,0.3961249173177288,9.034266597558067e-91,2394,0.012026695879377894,0.39115889205239884
8,tormented,0.44468458687483486,1.3237275683770114e-116,2394,0.15096643243715405,0.4243500307353233
8,trapped,0.37256400887039276,1.0525127650497628e-79,2394,0.10711058129104267,0.3488118572770488
8,stuck,0.33265716175350557,5.939248799599184e-63,2394,0.09584743669022168,0.3091112363469154
8,frustrated,0.33067179209940517,3.506758758698639e-62,2394,0.08147128407862905,0.3083821125342764
8,exasperated,0.2965079787430144,8.704064818090822e-50,2394,0.07797461634784938,0.2742981838053525
8,angry,0.2906700522919481,7.884073954631726e-48,2394,0.09717789154489234,0.26355921403295063
8,anxious,0.3111583901739403,6.671077627043328e-55,2394,0.07304168483451068,0.2855114301018136
8,afraid,0.38048044063629355,2.5416255275722745e-83,2394,0.11383001588169259,0.3560581497991935
8,nervous,0.12352085442767591,1.3296723875394823e-09,2394,0.03205513814995159,0.10375974072980489
8,stressed,0.3127072875100547,1.8451934322764702e-55,2394,0.07436357464534298,0.28856915266872557
8,calm,-0.43875267914556,3.232112188068863e-113,2394,-0.12819519397804044,-0.42129127180469517
8,self-confident,-0.4852709409108951,1.1314905505947124e-141,2394,-0.15232107878680323,-0.46693439684919597
8,content,-0.404145635259721,9.49681274987174e-95,2394,-0.11032170035698276,-0.386654008363859
8,happy,-0.5237022387034149,9.642983093193204e-169,2394,-0.07120025420974078,-0.5400981459625646
8,hopeful,-0.4322288314346376,1.4393554194268304e-109,2394,-0.11855105205236413,-0.4130490435284126
8,clinical_depression,-0.2902924710772231,1.0513547714261058e-47,2394,-0.07396092888151064,-0.26522083116958467
8,acute_grief,-0.2740010721683009,1.7181426391588457e-42,2394,-0.06804263379252341,-0.2503937214771528
8,burnout_exhaustion,0.2904792190430243,9.119059759559389e-48,2394,0.06804139795624814,0.26444176870227226
8,physical_illness_fatigue,0.23479486900483282,2.423855802010267e-31,2394,-0.02043839577491883,0.24590533031367115
8,anxiety_panic,0.30421222555337507,1.9335205594774285e-52,2394,0.08577068598773468,0.27995668933767115
8,frustration_blocked_goal,0.16926002915960964,7.585087400723557e-17,2394,0.041203267646428676,0.1443316662981706
8,pain_axis,0.3674659547647012,1.989092607152457e-77,2394,0.11442600567438865,0.34601345986544696
10,depressed,-0.21062942663837195,2.0634461624871607e-25,2394,-0.1167696099995198,-0.178421362324289
10,sad,-0.3189208617651523,9.843665453966823e-58,2394,-0.08093814983231966,-0.28993298403176004
10,gloomy,0.2853921638548227,4.233920041907303e-46,2394,0.15932884262517982,0.27753958909405435
10,melancholy,-0.36831225436761816,8.386890567691656e-78,2394,-0.09629658829277118,-0.33857008567104363
10,miserable,0.35431076053028093,9.66409519353124e-72,2394,0.09676350447281513,0.3734867288567688
10,dispirited,0.35436802027007297,9.140876625765837e-72,2394,0.17329485289264318,0.3327295038423516
10,listless,0.3675794708865724,1.7717955448154043e-77,2394,0.11252535340566244,0.35138159980796907
10,weary,0.47232947350851695,2.6156507033502854e-133,2394,0.14406700028222197,0.46458285578496666
10,worn out,-0.33945894745862787,1.2248817281885758e-65,2394,-0.12956903301880662,-0.31077942488328314
10,tired,0.2585204587743478,7.396516619017788e-38,2394,-0.03218392471362815,0.2578456003826001
10,resigned,-0.43099069992789885,6.944500989444477e-109,2394,-0.14716921700345184,-0.40513265796616993
10,lonely,-0.3216863686559187,9.205229536185154e-59,2394,-0.04252096226095166,-0.29379860525412643
10,heartbroken,-0.3540221974449497,1.2791097350805107e-71,2394,-0.11165504617203983,-0.3288452263929906
10,grief-stricken,-0.3492995583681461,1.2062518772234465e-69,2394,-0.10004825082562588,-0.32403140587087215
10,worthless,-0.39651046800101797,5.850065536210593e-91,2394,-0.09967928349674814,-0.3750690930014972
10,self-critical,-0.4962703146524884,4.53458766218006e-149,2394,-0.11857624398174911,-0.4899335363416102
10,ashamed,-0.38238081126845147,3.324635036732589e-84,2394,-0.12363449713247872,-0.35669908064366856
10,guilty,-0.389737035530533,1.11304207444249e-87,2394,-0.11951819478113714,-0.36400543316862793
10,humiliated,0.40172600963038924,1.5463181940383126e-93,2394,0.12848652231162616,0.37603951330051544
10,embarrassed,0.38922650870392017,1.952442199538626e-87,2394,0.11929728488810679,0.3659286732576115
10,regretful,-0.39173319614771596,1.2247583693008041e-88,2394,-0.11509954332465597,-0.36793414598331636
10,sorry,-0.41329695319790966,2.0085753014257352e-99,2394,-0.1170928329160202,-0.3907307158326305
10,desperate,0.6424377991368111,8.663689360767235e-279,2394,0.2493159990460758,0.6278825782459773
10,panicked,0.4336918108157544,2.2227693820271023e-110,2394,0.09975696705230215,0.41217672526831955
10,hysterical,0.4868777334181055,9.769453331007003e-143,2394,0.11405208100806308,0.465001692782882
10,overwhelmed,0.42680492078513405,1.3529072321303846e-106,2394,0.12299731420657332,0.4056389429861557
10,distressed,-0.24686434343331146,1.4369189537918173e-34,2394,-0.13043618016980607,-0.22210576779596267
10,tormented,0.6139919628632302,4.398648840582848e-248,2394,0.11522071906939939,0.6105191088220538
10,trapped,0.3924027170613627,5.822245029554252e-89,2394,0.16833461822574733,0.36933033111685376
10,stuck,0.24973570683629492,2.30762583702529e-35,2394,0.15487648000695886,0.22612539572745677
10,frustrated,0.4113429438180235,2.0574855850880205e-98,2394,0.12741626315278534,0.3892495504551271
10,exasperated,0.396051073596627,9.817744860646405e-91,2394,0.11183798828730056,0.3732273685480957
10,angry,0.4269393842521844,1.143451682331115e-106,2394,0.10924550042035744,0.40190336391073217
10,anxious,0.40400929504403127,1.1120471848998201e-94,2394,0.09811794299423009,0.38143333473586605
10,afraid,0.4453041521871442,5.8085630108406736e-117,2394,0.09580514626549547,0.4276387815659839
10,nervous,0.4037222559819608,1.549986929811592e-94,2394,0.11016569445555033,0.3840141206239683
10,stressed,0.38841115378891755,4.780540921405329e-87,2394,0.10079638246247777,0.36509474246989526
10,calm,-0.5503447974547853,1.1687821896797128e-189,2394,-0.16124993958866063,-0.5362664578663234
10,self-confident,-0.5714022547415603,1.4013753238611552e-207,2394,-0.16018146355436214,-0.5658791343689639
10,content,-0.451519805366613,1.3611163400903451e-120,2394,-0.12532246472038844,-0.43236552443246573
10,happy,-0.5205621945150224,2.1299396087434298e-166,2394,-0.14675503427244896,-0.5167847333950382
10,hopeful,-0.4792101013321405,1.0363610553135907e-137,2394,-0.13377415693142938,-0.4622941970721683
10,clinical_depression,-0.3839467494801762,6.157574437396286e-85,2394,-0.13106839063395304,-0.357766214919507
10,acute_grief,-0.3002313326409692,4.6503906457714754e-51,2394,-0.10500941420208923,-0.27308638148478515
10,burnout_exhaustion,-0.4889347888409567,4.165577005944284e-144,2394,-0.0859123259893181,-0.48661912918827205
10,physical_illness_fatigue,-0.209374118684118,4.014489592734319e-25,2394,-0.11546599327952267,-0.18239693734229193
10,anxiety_panic,0.3783847572792797,2.3576192492076808e-82,2394,0.11726685533029027,0.34936428077338527
10,frustration_blocked_goal,0.36635084990736855,6.1818094437005465e-77,2394,0.11319145152194886,0.34263506886461464
10,pain_axis,0.41116565523308407,2.5391185325596334e-98,2394,0.14578445638526594,0.3928032054357642
12,depressed,0.521223915377607,6.86142362142322e-167,2394,0.03471322359824226,0.5462191939416265
12,sad,-0.1996146300555799,6.13431281706031e-23,2394,-0.0505706869602956,-0.13881666817962734
12,gloomy,0.298036212346149,2.6291670366527643e-50,2394,0.0991719703027256,0.2830224360535833
12,melancholy,-0.3884446513742135,4.608095051345205e-87,2394,-0.10324874352495889,-0.33647922536420993
12,miserable,0.42501086100677155,1.2669593829151583e-105,2394,0.16476040688748644,0.4098040546094647
12,dispirited,0.2818997709959601,5.638303334660676e-45,2394,0.12652611763364988,0.26437167978607706
12,listless,0.299491669155677,8.350743297357179e-51,2394,0.06962189330706577,0.2783391712703066
12,weary,0.3361110180262164,2.621042713249452e-64,2394,0.1071256784172972,0.32165640551152513
12,worn out,0.3311629271483968,2.262911416654277e-62,2394,0.059436981543242735,0.32800897873273455
12,tired,0.31155243395476906,4.814123950935208e-55,2394,0.058625095257261624,0.28954538821540976
12,resigned,-0.38425627283724534,4.407393731685335e-85,2394,-0.12241490269946978,-0.3458813867980308
12,lonely,-0.2505984213760957,1.3259133329391082e-35,2394,-0.03426575827089897,-0.2054816237100926
12,heartbroken,-0.2843664008091778,9.092205526214989e-46,2394,-0.08922618408485876,-0.2497435644218232
12,grief-stricken,-0.29329135239875803,1.0560784702991752e-48,2394,-0.0831065500730786,-0.25700149406780687
12,worthless,-0.33144286236764636,1.7622996244708361e-62,2394,-0.09050164303502183,-0.30251422309526316
12,self-critical,-0.3371705089592931,9.982571921758183e-65,2394,-0.09120443979400746,-0.3177971100168387
12,ashamed,-0.27285005444789323,3.892458848800465e-42,2394,-0.08255928583717023,-0.24588508005372736
12,guilty,-0.3058876002176508,4.995638001609757e-53,2394,-0.09207345568620462,-0.2759170383160146
12,humiliated,0.40244406671319144,6.772567372399712e-94,2394,0.12192227950202122,0.36315367047153424
12,embarrassed,0.3548657243680257,5.63198184569391e-72,2394,0.09650759963294189,0.31799092126382855
12,regretful,-0.3298971057052629,6.986601296759513e-62,2394,-0.10247461540873727,-0.2983265023345799
12,sorry,-0.35280175951221715,4.172683035771764e-71,2394,-0.0949214756429613,-0.31960134581642785
12,desperate,0.43554310726035583,2.0632228212693057e-111,2394,0.17964486131663743,0.4032389452928344
12,panicked,0.38548246801210073,1.1676417837868486e-85,2394,0.11106817036683224,0.3471884812226745
12,hysterical,0.40606230423073175,1.0246405516398487e-95,2394,0.10526893033027085,0.36880934124759407
12,overwhelmed,0.34630182516579416,2.07638352999756e-68,2394,0.11106931289537303,0.31334650009399845
12,distressed,0.591288608419508,9.695061037620762e-226,2394,0.04064575364428904,0.575037942157804
12,tormented,0.4132993629914877,2.00280109164513e-99,2394,0.06605823450971918,0.4044679697385369
12,trapped,0.28557826116740154,3.684460889367352e-46,2394,0.15361271828908657,0.2586743922075118
12,stuck,0.1612293652544572,2.0784887983366105e-15,2394,0.13433931841316415,0.13875185170246074
12,frustrated,0.352172983675341,7.657601800071489e-71,2394,0.1057361629102232,0.3185609330536475
12,exasperated,0.35261186190024585,5.013169062369875e-71,2394,0.0919861791517819,0.3170610785021181
12,angry,0.38248006817796254,2.9884352957018683e-84,2394,0.11634517970016518,0.34361785696076624
12,anxious,0.3701480328462525,1.2769014838726015e-78,2394,0.0972614687675579,0.3335955098699407
12,afraid,0.38128136764220266,1.0802520399805182e-83,2394,0.08037154382765596,0.3484380629052137
12,nervous,0.35788196960267876,2.937002042400565e-73,2394,0.091324011538857,0.3250340180986351
12,stressed,0.3327698689955735,5.367610616698085e-63,2394,0.09284190882568448,0.29813209085916115
12,calm,-0.45426057049334473,3.229073891143798e-122,2394,-0.1358413458092564,-0.4232748912348037
12,self-confident,-0.3828452824356059,2.0181104055724823e-84,2394,-0.11002414703959133,-0.3564764382285406
12,content,-0.4162637244253732,5.699255949513733e-101,2394,-0.13573473840177758,-0.3809791422157284
12,happy,-0.45923599492737255,3.3207829420474034e-125,2394,-0.14290337014519922,-0.4259249472374762
12,hopeful,-0.4127434227409868,3.888754217085059e-99,2394,-0.11656139269159659,-0.38144644422529866
12,clinical_depression,-0.3435314804516242,2.8019284289191922e-67,2394,-0.10298874254848535,-0.30399036910316013
12,acute_grief,-0.2518412334976127,5.9456885223662325e-36,2394,-0.08353731250702692,-0.21726643333012186
12,burnout_exhaustion,-0.47048705760842496,3.7959698385889286e-132,2394,-0.11006981899959944,-0.44516101832374816
12,physical_illness_fatigue,-0.1642510148244249,6.097932067291864e-16,2394,-0.08147346938001968,-0.13142822206667468
12,anxiety_panic,0.39092186072790464,3.008953115104547e-88,2394,0.12614965621762927,0.3420177161520097
12,frustration_blocked_goal,0.28206409973672525,4.9957718720033706e-45,2394,0.0922443067475659,0.25127339053561726
12,pain_axis,0.38680770884369753,2.7609747533018142e-86,2394,0.11789330695480568,0.3505428443923502
14,depressed,0.3346541618122141,9.82322384608393e-64,2394,0.07012987444455065,0.3331110997228982
14,sad,-0.28837042026544074,4.519509082539062e-47,2394,-0.039326904463864984,-0.262331440693698
14,gloomy,-0.2800902778029909,2.125207598997963e-44,2394,-0.03024993470722653,-0.2647608212171183
14,melancholy,-0.35745623601149507,4.464854866094964e-73,2394,-0.034536537837227724,-0.3245601001501442
14,miserable,-0.15385062819569728,3.7652672945096986e-14,2394,0.010211237859790286,-0.13606316551394976
14,dispirited,0.33112639035593344,2.337932189252989e-62,2394,0.13104438551641762,0.3303757454626848
14,listless,0.24339880059200117,1.265944660741173e-33,2394,0.044953421648292045,0.23769836283835347
14,weary,0.32240720796591255,4.943171779408117e-59,2394,0.08937233053699481,0.33203025729024865
14,worn out,0.3608059567487142,1.6256453969747974e-74,2394,-0.056769989691794254,0.3898843340503149
14,tired,-0.3137096051066324,7.999555530749633e-56,2394,-0.09600177272642944,-0.30228021656711346
14,resigned,0.20992620630248343,2.9973651571780717e-25,2394,0.04079265161253144,0.21908517105592795
14,lonely,0.29950799710791626,8.243676954767641e-51,2394,0.09602445727132128,0.30764063864343627
14,heartbroken,0.46328447628076513,1.1303680014106325e-127,2394,0.1610253863974627,0.4695451102902867
14,grief-stricken,0.4589854898723031,4.708271724290556e-125,2394,0.15843216026204454,0.4756088127351974
14,worthless,0.32392394570035715,1.3286553396472386e-59,2394,0.08844408594055089,0.3153909189974959
14,self-critical,0.30707839952880905,1.898810291495879e-53,2394,0.057177570907211595,0.28396277706950657
14,ashamed,0.34418687586307567,1.5174917481896602e-67,2394,0.07084528714405722,0.3352798938275347
14,guilty,0.3311427518293701,2.30403586636811e-62,2394,0.04613391037593627,0.3254681061023171
14,humiliated,0.3443867635735332,1.2582624131778836e-67,2394,0.06174499515130062,0.32760574138658727
14,embarrassed,0.30101593934727033,2.4945413542863308e-51,2394,0.0055792002587028225,0.2792733995129525
14,regretful,0.3969306477056852,3.6407524002034365e-91,2394,0.06916670220399204,0.4224535579361892
14,sorry,-0.3120433531128277,3.2040863406529745e-55,2394,-0.0474790100251183,-0.2898994781170803
14,desperate,0.38549907220017254,1.1467826998579454e-85,2394,0.1265642395922639,0.37014658385011495
14,panicked,0.36324525451137674,1.420253410599689e-75,2394,0.039122240353890225,0.32226843370611
14,hysterical,0.4137168066300885,1.2158955574292473e-99,2394,-0.050023822211218455,0.36414242285947906
14,overwhelmed,0.36485355349342935,2.8138134755476336e-76,2394,0.07296221988711307,0.3232810902900083
14,distressed,-0.23866642269959218,2.338143157475439e-32,2394,-0.052274327530006805,-0.23199820577632432
14,tormented,0.6021512660732686,3.3158994527772752e-236,2394,0.20628191713672245,0.5605228439762646
14,trapped,0.3928056431435074,3.7185013970795154e-89,2394,0.18164175419351786,0.3703292572291506
14,stuck,0.3406880680921185,3.9402824913927297e-66,2394,0.16426485981022593,0.319969041922065
14,frustrated,-0.100105960084098,9.209880754965919e-07,2394,-0.05464489775996961,-0.12119884265286482
14,exasperated,-0.2414630251127122,4.205258255162973e-33,2394,-0.09358184848000849,-0.2540382334559452
14,angry,-0.21336976073174577,4.7551932873911576e-26,2394,-0.09899492582540777,-0.22252268500177486
14,anxious,0.34087318517187065,3.3200801776077527e-66,2394,-0.017982071741282416,0.27577644288486214
14,afraid,0.2672398740372374,1.9805808654586078e-40,2394,-0.09792186489669547,0.22374965812403064
14,nervous,-0.3697274307551822,1.9675020643105883e-78,2394,-0.14728334759332978,-0.3792962771044788
14,stressed,-0.2763774893349581,3.1356370407970645e-43,2394,-0.0901224630912,-0.28492328742157985
14,calm,-0.43114890232955067,5.681577360154728e-109,2394,-0.09369742583921699,-0.4165288616770954
14,self-confident,-0.5068293051450266,1.9791002543397926e-156,2394,-0.11789736152313274,-0.486714100167835
14,content,-0.3709570727613263,5.548970358080692e-79,2394,-0.0817068567640111,-0.3518393542601553
14,happy,-0.38497705826417644,2.0201429281248858e-85,2394,-0.09098196184576436,-0.36515817391537053
14,hopeful,-0.4763028894009132,7.722701604307964e-136,2394,-0.04029444585218719,-0.45175238628889103
14,clinical_depression,-0.21133865174697458,1.4140725111513214e-25,2394,-0.06560868594678199,-0.14787081360222032
14,acute_grief,0.3145506351505166,3.957430307019642e-56,2394,0.0388710799464633,0.34146820687531404
14,burnout_exhaustion,-0.3528727001666958,3.896087353062618e-71,2394,-0.08873754762216512,-0.3348445128384916
14,physical_illness_fatigue,0.37650791252533966,1.7092285597054095e-81,2394,0.04010562237438206,0.3931573699948048
14,anxiety_panic,0.40218455250667606,9.129308664653327e-94,2394,0.13595594672980663,0.3442676524924892
14,frustration_blocked_goal,-0.4365970415232209,5.296135740489715e-112,2394,-0.1127401330730958,-0.4509334340100333
14,pain_axis,0.3945948370571179,5.0398301457167855e-90,2394,0.08180382333873884,0.3811791155019401
16,depressed,0.1265094029301183,5.242887227807143e-10,2394,0.037680543293653695,0.12219784886057412
16,sad,-0.04541046673882948,0.02629326507587645,2394,-0.03398273865974585,-0.035560851586971975
16,gloomy,-0.03915579507434028,0.05541996798711919,2394,-0.021682886296011183,-0.03067639975703655
16,melancholy,-0.07605993650835143,0.00019535154517991715,2394,-0.019062485728863248,-0.06311512631556034
16,miserable,0.0490635243946461,0.016359376303216638,2394,0.16992937069542108,0.06708573382275004
16,dispirited,0.0034912227887768255,0.8644347605633077,2394,0.10173875596568732,0.008558744903493756
16,listless,-0.024150792084915274,0.23751627887624527,2394,0.0498483963773954,-0.022892003580122205
16,weary,0.05754499058349433,0.004855689657878604,2394,-0.019084199302599324,0.07103853772478576
16,worn out,0.0009828784286503934,0.9616638966360475,2394,-0.060249507402980094,0.008596884098396537
16,tired,-0.0002299628236734912,0.9910272876934834,2394,-0.04085527524795054,0.004183106005166444
16,resigned,-0.009593250922898026,0.6389629827120744,2394,0.03154565019306582,-0.010741666630516147
16,lonely,-0.026288731715590166,0.19850618390719854,2394,0.08261056255256193,-0.014782247674137274
16,heartbroken,0.13032412440716284,1.5481789119687616e-10,2394,0.07764920893310612,0.1267539698133668
16,grief-stricken,0.3367045325065733,1.526962345328855e-64,2394,0.1676523055199407,0.3509050045260826
16,worthless,0.028358311990998385,0.16541599648985134,2394,0.030958850403642057,0.02329473534035739
16,self-critical,0.02002484000156239,0.3273960788903322,2394,0.026058608614493536,0.012121367112267781
16,ashamed,0.037690942598512404,0.06520441833229941,2394,0.038468282124450213,0.032318391112557604
16,guilty,0.027314487310413447,0.181546432567537,2394,0.025411645929648643,0.02211030896101056
16,humiliated,0.04336206148023505,0.03387712113211039,2394,0.011766603961489635,0.035279491532856574
16,embarrassed,-0.017243926505096187,0.3990372856446414,2394,-0.07192201509273327,-0.029239690496256947
16,regretful,0.026320090079905517,0.19797111540946505,2394,0.030836986072220355,0.022196030015038653
16,sorry,-0.02712804117729496,0.1845464452800556,2394,0.04473289350978665,-0.030292345579078162
16,desperate,0.11466121345838472,1.846112163943836e-08,2394,0.07318122327456969,0.10653876246140023
16,panicked,0.07424799140039642,0.0002769405515724528,2394,-0.03409281790361792,0.06996507621843599
16,hysterical,0.05237401180194778,0.010377098009247274,2394,-0.05045680810342305,0.050209428327902754
16,overwhelmed,0.08667528817798668,2.169688792645435e-05,2394,0.0006712263911924747,0.07677892019685349
16,distressed,0.04307099269148117,0.035093562943823695,2394,-0.029767583620253005,0.04216755334279543
16,tormented,0.6626206702575171,1.2284202746178366e-302,2394,0.2402407863154864,0.6073593638211331
16,trapped,0.06920154882832942,0.0007034698904236114,2394,0.08650173033527832,0.06043637634956941
16,stuck,0.06035634277548894,0.003133815793034113,2394,0.10538395610919363,0.05344027639001237
16,frustrated,0.06905866288851883,0.0007216723021548818,2394,-0.03272813128759468,0.06726013394077461
16,exasperated,0.06303136733237985,0.0020321768274408204,2394,-0.05014931239479891,0.06328714299790625
16,angry,0.06862586369940951,0.0007795099438151764,2394,-0.10909333780946164,0.04804480295651384
16,anxious,0.029742591120759665,0.1457183385609443,2394,-0.0376618417417988,0.020535308413495452
16,afraid,0.013548025961104961,0.5076065946887436,2394,-0.053447708684219906,0.012476422202800588
16,nervous,-0.025054798703261338,0.22040710396003052,2394,-0.06044168336388704,-0.023604221494928114
16,stressed,0.008119698543853008,0.6913056034463384,2394,-0.024335618900598977,0.005042770227452251
16,calm,-0.17449238862102998,8.024212730693659e-18,2394,-0.06523924905227914,-0.1618901675998181
16,self-confident,-0.4475618357526349,2.845864952494699e-118,2394,-0.09300805331342488,-0.4152611386641192
16,content,-0.11503197882724449,1.6599979402508865e-08,2394,-0.04291113136930289,-0.10167407353772538
16,happy,-0.1156949942061618,1.371572012597936e-08,2394,-0.05283217777610927,-0.10322937958399928
16,hopeful,-0.2446477768436682,5.801763214560922e-34,2394,-0.021808614656089777,-0.21508656782352562
16,clinical_depression,0.010381981044921891,0.6116473742945757,2394,-0.03512811924722128,0.017191549443238988
16,acute_grief,0.13086374892852728,1.2990533442903633e-10,2394,0.0006698270503646478,0.16402209266763404
16,burnout_exhaustion,-0.0998222903010657,9.889065137819975e-07,2394,0.014839709359494094,-0.10015145604240502
16,physical_illness_fatigue,0.09447594744670786,3.6475902051022936e-06,2394,0.0034349993325852295,0.0993528779494696
16,anxiety_panic,0.49605252863110916,6.392039062202977e-149,2394,0.22816296290008775,0.4239506418720306
16,frustration_blocked_goal,-0.04399182784374505,0.03136800158231648,2394,-0.04061850571578758,-0.041233055148766136
16,pain_axis,0.12848590787110073,2.7992082758700324e-10,2394,0.050505093000369844,0.12709145257432442
18,depressed,0.621162333526027,1.5903440013287438e-255,2394,0.2336971874290774,0.6207350228151375
18,sad,-0.6063936032791042,2.1024626393159136e-240,2394,-0.21273482922512205,-0.6051216580485136
18,gloomy,-0.6151994682777082,2.532474941960522e-249,2394,-0.2048065165772757,-0.6131348675646132
18,melancholy,-0.6202011166079965,1.623058713632879e-254,2394,-0.21958093597408335,-0.6164852193334752
18,miserable,-0.49767756804154223,4.903321830052133e-150,2394,-0.12020023967213886,-0.49947381769756166
18,dispirited,-0.6101994244366186,3.179949232098935e-244,2394,-0.190900114732046,-0.6063766793780774
18,listless,0.5591290892847653,5.598253486956671e-197,2394,0.22642379472124397,0.5626464728831292
18,weary,-0.6022319980725434,2.762514254374186e-236,2394,-0.23094619326415597,-0.5972850576577039
18,worn out,-0.5731110340626525,4.3129664406801715e-209,2394,-0.23023314129971834,-0.5736921326726617
18,tired,-0.5764941426235093,4.123706275263336e-212,2394,-0.23176863077043175,-0.5782366495454012
18,resigned,0.5404065183778559,1.2313112764223024e-181,2394,0.2178601813417868,0.5460098683706016
18,lonely,-0.6490931431914404,1.8821690577745062e-286,2394,-0.2096084976752819,-0.6420084302327814
18,heartbroken,0.6403007385474387,2.280600172352148e-276,2394,0.2639429177106121,0.6389534116037356
18,grief-stricken,-0.2672307367478428,1.993145351608427e-40,2394,0.04954128158790011,-0.24081647069148926
18,worthless,0.6105060895871751,1.55710941703747e-244,2394,0.24185787590783234,0.6109725752982389
18,self-critical,0.6044100850052189,1.9648927664099654e-238,2394,0.2302736261177581,0.6054417203316361
18,ashamed,0.6039806350906286,5.225959179108253e-238,2394,0.22767019069913175,0.6034816198043174
18,guilty,0.5884411894903309,4.6185876572462185e-223,2394,0.21368843810794458,0.5896513774072519
18,humiliated,0.6100408230715866,4.59901714145041e-244,2394,0.230869897792451,0.6085639219134933
18,embarrassed,0.5677780291038177,2.107100765124925e-204,2394,0.21826827604940352,0.5653299882854735
18,regretful,0.5821581987257705,3.021496513231896e-217,2394,0.23697461897199026,0.5852931492014215
18,sorry,-0.6558522343763906,1.959932689983213e-294,2394,-0.1596025308409626,-0.6346548841700106
18,desperate,0.6781263415083966,0.0,2394,0.2730969536408775,0.668440160966457
18,panicked,0.6857613611217346,0.0,2394,0.2120481651585564,0.6681964872036129
18,hysterical,0.679454908270397,0.0,2394,0.22229151716172124,0.6661148947055385
18,overwhelmed,0.544149277455161,1.260765150917305e-184,2394,-0.014012757186535815,0.5103736225584062
18,distressed,-0.5139550874680412,1.5177475072191197e-161,2394,-0.20162520318830332,-0.5209947032241445
18,tormented,0.7360340968496669,0.0,2394,0.29995309390266767,0.7169260420417528
18,trapped,-0.06302378521993098,0.0020347196547808514,2394,0.18397381291760384,-0.05628228025645399
18,stuck,-0.5021930431815296,3.630862734358578e-153,2394,-0.11141645939790083,-0.49669996646889913
18,frustrated,0.5631407243346479,2.1464258556613583e-200,2394,0.19480964098837056,0.5606629061470175
18,exasperated,0.5770378687786508,1.3387575959141446e-212,2394,0.19748976438638544,0.5762457993900431
18,angry,0.6059306900675864,6.079595959311918e-240,2394,0.20699289422236022,0.600128645311257
18,anxious,0.6675584587035316,9.2947945290105e-309,2394,0.16767205167052568,0.6453912985973801
18,afraid,-0.5311833376995353,1.9905272013332094e-174,2394,-0.22852733412885784,-0.5399852297445354
18,nervous,-0.5598799816514739,1.2946190989574748e-197,2394,-0.2521028440387403,-0.5675430119143836
18,stressed,-0.5498458811027711,2.998793730794966e-189,2394,-0.22751905976207643,-0.5541780731681779
18,calm,-0.6551177733054674,1.4777952953281678e-293,2394,-0.2487851561414473,-0.6490873047397904
18,self-confident,0.4991741155257523,4.551682225225944e-151,2394,0.1477995871897823,0.5075117537228193
18,content,-0.6393057569274256,3.008544570432973e-275,2394,-0.23604547872079146,-0.6351142207616606
18,happy,-0.6317534940304972,7.052520405890433e-267,2394,-0.23907459708701023,-0.6289792935052625
18,hopeful,-0.6292188118390386,4.032524477660031e-264,2394,-0.23779764702427203,-0.6256047129365163
18,clinical_depression,0.6020177630433021,4.484162034162348e-236,2394,0.23292834984387237,0.6002232460422198
18,acute_grief,0.5542510561437743,6.914267932148009e-193,2394,0.2225962020521401,0.5538384614978302
18,burnout_exhaustion,-0.6132712507757453,2.4028647408312637e-247,2394,-0.19528280541136142,-0.6025434490519704
18,physical_illness_fatigue,0.6499201935602246,2.0364986158247207e-287,2394,0.22906233648946545,0.6466997880285281
18,anxiety_panic,0.7289418516853671,0.0,2394,0.26377454520383603,0.687060101633303
18,frustration_blocked_goal,-0.6679083883592595,3.38820955267561e-309,2394,-0.259700505186672,-0.6603560888314449
18,pain_axis,0.6383567902197351,3.491345027072479e-274,2394,0.22645771784838892,0.6355385701213393
20,depressed,0.6986122373252186,0.0,2394,0.2915573342011032,0.6852944005060932
20,sad,-0.5285445886778375,2.0920639513268534e-172,2394,-0.23407548784720883,-0.5228245939700563
20,gloomy,-0.5211278860313244,8.088617644170713e-167,2394,-0.22926464276650574,-0.5148160231871832
20,melancholy,-0.5313798957754076,1.404956238866608e-174,2394,-0.236444696167412,-0.5250228777317009
20,miserable,-0.49238273646488234,2.004010705024674e-146,2394,-0.2211546633048857,-0.4872988229979892
20,dispirited,-0.5093663195533481,3.0844284351067353e-158,2394,-0.22504029824641025,-0.5011368804930096
20,listless,-0.027341817862106828,0.18110972702920616,2394,-0.007123317285789882,-0.005171115734422166
20,weary,-0.4982737096039766,1.9049675391487134e-150,2394,-0.23789147678710326,-0.49194534519106903
20,worn out,-0.4988573453836442,7.535444851343176e-151,2394,-0.23497462162030475,-0.49362490155538247
20,tired,-0.5078852650404441,3.5163249527384584e-157,2394,-0.23753624027646664,-0.5022548232741995
20,resigned,0.5183710620660574,8.904476031274576e-165,2394,0.2394977317574476,0.5161793860843259
20,lonely,-0.5327694329337577,1.1889947635275162e-175,2394,-0.22266915731775105,-0.5268204153205293
20,heartbroken,0.6696632078288155,0.0,2394,0.3200893210866784,0.6601909677727553
20,grief-stricken,-0.4208346012763034,2.1955249113954215e-103,2394,-0.18497156016312943,-0.4147287256253291
20,worthless,0.5626064321237587,6.157868011547275e-200,2394,0.25080685741593955,0.5568052643584218
20,self-critical,0.5256511104767058,3.2875427466177084e-170,2394,0.232691708191462,0.5199413281414227
20,ashamed,0.5324103957761214,2.253068378743258e-175,2394,0.22728954591031827,0.526496119959936
20,guilty,0.5232187504910447,2.2220744483073755e-168,2394,0.23625969196040564,0.5179019654310245
20,humiliated,0.525703484447169,3.0012753525428333e-170,2394,0.24030327782528882,0.5202457256045769
20,embarrassed,0.4972680855839145,9.376856670114018e-150,2394,0.2352311433471829,0.49194666523582636
20,regretful,0.5132898303880064,4.6122916150779555e-161,2394,0.23589631286448465,0.50792620733564
20,sorry,-0.6254692636791905,4.341429408359237e-260,2394,-0.18839894422692588,-0.6066142329861489
20,desperate,0.5603093179934165,5.595202708608812e-198,2394,0.2507955011237434,0.553184248161847
20,panicked,0.5727577706231591,8.872435997688745e-209,2394,0.23627959430262302,0.5593226803333643
20,hysterical,0.5601271623226113,7.988305514451573e-198,2394,0.24491422244856598,0.550725464973545
20,overwhelmed,-0.43681682267146693,3.986005393067809e-112,2394,-0.22422261774812335,-0.4361999260767492
20,distressed,-0.47298857409112,1.0005747253715568e-133,2394,-0.2079454201251794,-0.4719328806809017
20,tormented,0.7108391864766846,0.0,2394,0.3087315578710763,0.6750874803196011
20,trapped,-0.3762605307531629,2.2170452440359684e-81,2394,-0.10358358222883605,-0.3776672019275078
20,stuck,-0.48028823626146094,2.07288867286471e-138,2394,-0.2094271652703052,-0.474601907273967
20,frustrated,0.5036794556033742,3.305065429125108e-154,2394,0.22913353290726732,0.4980341043230085
20,exasperated,0.5122266564458109,2.711102693061244e-160,2394,0.23326621416064802,0.5062610599653281
20,angry,0.5250627726874885,9.137991100438365e-170,2394,0.2330348419633486,0.5182597592405661
20,anxious,0.565884098602163,9.29631208775268e-203,2394,0.17533889627339228,0.5271385875411924
20,afraid,-0.5054438391497059,1.892358925664997e-155,2394,-0.23798137706810196,-0.507766967736981
20,nervous,-0.533623922766188,2.589233848666073e-176,2394,-0.23399331193875322,-0.5307467651240577
20,stressed,-0.5204439444936806,2.607144510238763e-166,2394,-0.23021767952757236,-0.5167920220298193
20,calm,-0.5972909433209963,1.7906516362098634e-231,2394,-0.2688794354721041,-0.5874812516951301
20,self-confident,0.4872962765425296,5.1503780243948895e-143,2394,0.1938764834860618,0.48415148758122595
20,content,-0.5800421789980409,2.5729129542911033e-215,2394,-0.2554313512689965,-0.5720927418781545
20,happy,-0.6012486411978929,2.5447000140213413e-235,2394,-0.2735333009589869,-0.5911050413052125
20,hopeful,-0.5925738688018066,5.874917186017984e-227,2394,-0.2617264372579242,-0.5821594933503165
20,clinical_depression,0.16269277822897582,1.1510314192898315e-15,2394,0.20759855418269765,0.15724231377843975
20,acute_grief,0.5671826112414989,6.948292296605067e-204,2394,0.2377659296326404,0.5578366441283513
20,burnout_exhaustion,-0.2765017086120114,2.8675334935194622e-43,2394,-0.07627071189615689,-0.25828354292227906
20,physical_illness_fatigue,0.5810833309151364,2.9005006353903408e-216,2394,0.2378566071627306,0.5762674563411786
20,anxiety_panic,0.6593163241505059,1.3203068698562919e-298,2394,0.2898750225598372,0.616060371117516
20,frustration_blocked_goal,-0.6360390448396344,1.3412881786994607e-271,2394,-0.28284127953793425,-0.6236999310676964
20,pain_axis,0.44868581379706485,6.286538240863743e-119,2394,0.17496698584983467,0.4411628591041921
22,depressed,0.26870086632458223,7.182597768444448e-41,2394,0.13795976109410002,0.25626416753344866
22,sad,0.0826979382410531,5.0974170068555894e-05,2394,-0.052981354431333935,0.08371524024750325
22,gloomy,0.09427376650751187,3.8270523110938365e-06,2394,-0.03516124853259125,0.09702976461520886
22,melancholy,0.0463195602604004,0.023428108682281484,2394,-0.05276683100945618,0.0484106936607353
22,miserable,0.08428078820599477,3.64458180605052e-05,2394,0.008970804106564588,0.08717948775004845
22,dispirited,0.23123653954096068,2.0037383667740817e-30,2394,-0.04950039882246503,0.2314198315426309
22,listless,0.5953938672961386,1.1973851393617751e-229,2394,0.12585644387392253,0.5909746744336867
22,weary,0.1800750389042265,6.753830728298259e-19,2394,-0.025324387502263093,0.17843395182912028
22,worn out,0.1999815201742822,5.1011436395046066e-23,2394,-0.04282064665112451,0.19575503599963023
22,tired,0.2744507938186877,1.2468745312597607e-42,2394,-0.05375266805366099,0.26817680409335415
22,resigned,-0.13029330844696713,1.5637340760727913e-10,2394,0.059589052610060166,-0.11851773685367069
22,lonely,0.07160600500845234,0.00045447257571567856,2394,-0.04363868765295021,0.07590149725564936
22,heartbroken,0.13535700514316537,2.931251215575258e-11,2394,0.15722244469276964,0.13843023535293375
22,grief-stricken,0.07897397455511336,0.00010968487686321645,2394,0.16453264377732946,0.09152573543083753
22,worthless,-0.1756985348709554,4.733218836112836e-18,2394,0.06603359950443377,-0.16866805778521177
22,self-critical,-0.22314030143663086,2.147368679648995e-28,2394,0.029634199099263972,-0.2234653926122245
22,ashamed,-0.12061044952952614,3.222740694296064e-09,2394,0.04945918698143571,-0.11958903350600456
22,guilty,-0.16017769404109336,3.167590693109298e-15,2394,0.04958222527089008,-0.15757709527523348
22,humiliated,-0.07358654147572283,0.00031397741260686556,2394,0.04081754174180439,-0.07423029000820222
22,embarrassed,-0.1075465283591719,1.3301079462375728e-07,2394,0.047077794956532304,-0.10554188477425903
22,regretful,-0.3599457384545944,3.820867272182201e-74,2394,0.059498059668739375,-0.34896233330032306
22,sorry,-0.5255945966529556,3.627075663642431e-170,2394,-0.05472162012068427,-0.4846968439665525
22,desperate,-0.11403393784261828,2.2080448990786572e-08,2394,0.04960176144420537,-0.11454814947961289
22,panicked,0.08547834219718788,2.8165831575811058e-05,2394,0.05164579926756853,0.06579339378794631
22,hysterical,-0.019621092197756256,0.33724550642096973,2394,0.040653205248977115,-0.028398360101195914
22,overwhelmed,0.3187581382966009,1.1307673781737963e-57,2394,-0.05730277550393639,0.2966956072401086
22,distressed,0.14641236261731075,6.073423617370957e-13,2394,0.013067226550829116,0.12386756495862268
22,tormented,-0.19721939486665785,2.0269724470395626e-22,2394,0.1517566716413623,-0.21332695621425524
22,trapped,-0.2992407807869621,1.0181008073173799e-50,2394,0.23605034772901742,-0.3090223998069596
22,stuck,0.05573289213976721,0.006379231231965163,2394,-0.014027614859376949,0.05379868375044141
22,frustrated,0.033371021045421445,0.10259597969874301,2394,-0.006550439737621198,0.020410948427329326
22,exasperated,0.024051052266595215,0.23945986354753562,2394,0.0331045534647288,0.017922731864964767
22,angry,-0.0018663968138262106,0.9272761330864773,2394,0.05321482987205836,-0.008530715789162244
22,anxious,-0.1323762296633425,7.914136773054585e-11,2394,0.041314096253011474,-0.14442721931380756
22,afraid,0.08134525141614264,6.758573193895218e-05,2394,-0.03041129700114558,0.05520804845060204
22,nervous,0.03565519806407999,0.08112430859601047,2394,-0.09854160436510839,0.022460844900659232
22,stressed,0.17487736742411164,6.782808703657115e-18,2394,-0.0776791465718229,0.16078016891842878
22,calm,-0.019744517998593204,0.334214534138193,2394,-0.08631864524945926,-0.013007192301630749
22,self-confident,0.03222123634286603,0.11499740430313665,2394,-0.044185947722522816,0.030397594684766764
22,content,0.01669826450626515,0.4141275638237536,2394,-0.07923281453816464,0.021272344068912135
22,happy,0.08618760329230386,2.4140525628085595e-05,2394,-0.0798352107688701,0.09327005509060453
22,hopeful,-0.04702300626187905,0.021400834409183472,2394,-0.05966900052531748,-0.03924818550845763
22,clinical_depression,0.37198439059925803,1.919194218685475e-79,2394,0.24234582911613917,0.3652376369472227
22,acute_grief,0.1037632837817843,3.6172275578178915e-07,2394,0.12086733799537921,0.10771199914565179
22,burnout_exhaustion,0.20898407507935193,4.932430073613206e-25,2394,0.12387661980988154,0.20614106673144536
22,physical_illness_fatigue,0.05760770382006762,0.004809415971442091,2394,0.045365939332130144,0.05702000318853178
22,anxiety_panic,-0.4554964484118685,5.9092405528377776e-123,2394,0.022945527456793555,-0.46754760935810685
22,frustration_blocked_goal,-0.05290069924935212,0.009630715103562818,2394,-0.09514192599386914,-0.0516873163635988
22,pain_axis,-0.26085784474910295,1.5452543368370102e-38,2394,-0.04794940168516269,-0.25347195876710543
24,depressed,0.578229379021719,1.1292916249655392e-213,2394,0.21811076469060892,0.5735807844777004
24,sad,-0.49232603889655163,2.188912476773684e-146,2394,-0.16161082275251704,-0.48302073335508217
24,gloomy,-0.4858437135839212,4.7325670773264824e-142,2394,-0.13644459980399243,-0.47477150185211586
24,melancholy,-0.5105793252836256,4.165353464164335e-159,2394,-0.1614985758443342,-0.5016524595630664
24,miserable,0.056796657759135366,0.005439758171462185,2394,0.26402664911033985,0.08366932857013908
24,dispirited,-0.49747572797120787,6.750359042364363e-150,2394,-0.15584805318675432,-0.48933904757008867
24,listless,0.48507671234914224,1.5200435697878818e-141,2394,0.24101979395993806,0.4836978177139432
24,weary,-0.43229469292389194,1.3235225070617057e-109,2394,-0.1154443787856777,-0.4236735776041516
24,worn out,-0.27844600689869015,7.035686852766267e-44,2394,-0.11549149775534163,-0.27722559453566303
24,tired,0.08402776609762734,3.8468847630441895e-05,2394,0.10592915513483553,0.0843167334447416
24,resigned,-0.18881827423054706,1.1888219202619475e-20,2394,0.1926295463446432,-0.16143701076036143
24,lonely,-0.5195623443528516,1.1739224171374717e-165,2394,-0.1596397059237849,-0.5092775346286884
24,heartbroken,0.5284361539969631,2.53085415241278e-172,2394,0.19382726485809326,0.5275091376114598
24,grief-stricken,0.488906957591548,4.34786457767062e-144,2394,0.20735438302641174,0.4972046005174265
24,worthless,-0.4613973026353343,1.6136678260484712e-126,2394,-0.141639581644384,-0.44597555268619066
24,self-critical,-0.5489856027518104,1.516794090259061e-188,2394,-0.21821506139911692,-0.5455859781023179
24,ashamed,0.48444328356500177,3.9754933766214455e-141,2394,0.1773963642388791,0.4792118793718443
24,guilty,0.42275394288198453,2.0728183293674676e-104,2394,0.1532904978494452,0.4201708791392207
24,humiliated,0.5016728342439079,8.376466674366468e-153,2394,0.18336772886502767,0.4921091354590602
24,embarrassed,0.478532451582832,2.841443499186534e-137,2394,0.1778524436447519,0.4690861605790727
24,regretful,-0.5963890655582068,1.3251076570760193e-230,2394,-0.20573530678993726,-0.5855379180722584
24,sorry,-0.5370367873357875,5.623862905299204e-179,2394,-0.19847419225778917,-0.5292038556531488
24,desperate,0.5082341043635,1.984351723296136e-157,2394,0.17343827305708515,0.5021719618180489
24,panicked,0.5365964155182912,1.245625458255216e-178,2394,0.17343922591257538,0.5264008708614734
24,hysterical,0.5223505231501808,9.915959096794793e-168,2394,0.18909159422441874,0.515148398784667
24,overwhelmed,0.6884575208097198,0.0,2394,0.21152476549515095,0.6642335229976397
24,distressed,0.585303525201817,3.84359090340321e-220,2394,0.18353907957139542,0.5734346999569421
24,tormented,0.5948379835118204,4.080908818291707e-229,2394,0.1861300681330863,0.588576278696195
24,trapped,-0.5112660533094231,1.3360461655949795e-159,2394,-0.11834816431011545,-0.5001263278320892
24,stuck,-0.5229016455347717,3.8390500033510153e-168,2394,-0.15767156673379587,-0.5163864588918958
24,frustrated,0.4306604769245861,1.0554792934167302e-108,2394,0.14923695510685286,0.41399416492587965
24,exasperated,0.4725246877535432,1.9681991367303394e-133,2394,0.17751425543921537,0.461849910663454
24,angry,0.4931299411566685,6.253218720494127e-147,2394,0.17829748374591303,0.48464809335329595
24,anxious,0.5370335410064185,5.6569516536537525e-179,2394,0.17503547973990063,0.5266861588170355
24,afraid,0.5901932332969229,1.0468790854221306e-224,2394,0.1509510009043915,0.5755033626529464
24,nervous,0.5081051510278737,2.4519004804179894e-157,2394,0.1881732505994714,0.49940610227754384
24,stressed,0.6422878884324592,1.2826750043743429e-278,2394,0.1792583685861447,0.6156783192576675
24,calm,-0.5435623135059604,3.7325448827792816e-184,2394,-0.20301465693894605,-0.535058994070167
24,self-confident,-0.5094607255065707,2.64014300161915e-158,2394,-0.22347088899851505,-0.5042435317536114
24,content,-0.5524298183964834,2.2391199946064324e-191,2394,-0.20633813506843918,-0.5423602962375534
24,happy,-0.5103390708707113,6.196600920514414e-159,2394,-0.2027165090946328,-0.5038048260848365
24,hopeful,-0.5158542207258073,6.269873096928857e-163,2394,-0.1892940841924557,-0.509199629190512
24,clinical_depression,-0.08553426469270496,2.7826614307715205e-05,2394,0.06255384300050094,-0.0727316831690379
24,acute_grief,0.4216398021176204,8.172438009689463e-104,2394,0.20862882294000645,0.419431314333085
24,burnout_exhaustion,-0.4670373785523227,5.438509138845731e-130,2394,-0.17070619345597493,-0.4660379760340819
24,physical_illness_fatigue,0.5114607393523244,9.674214085783126e-160,2394,0.18738607594258927,0.5038609853008829
24,anxiety_panic,0.5765095015819005,3.9948359748174667e-212,2394,0.18225623285943582,0.5678201456006295
24,frustration_blocked_goal,-0.5525232951331367,1.8740685215645538e-191,2394,-0.21119530389275437,-0.5465110934937079
24,pain_axis,0.3058714106549817,5.061614905781961e-53,2394,0.13677399001181018,0.30596700125599463
26,depressed,0.6578354142848496,8.143629303419945e-297,2394,0.2485649121604989,0.671595912689798
26,sad,-0.5855967823989348,2.0566223981659192e-220,2394,-0.21765085820615757,-0.5758678442392478
26,gloomy,-0.5676017606114556,3.0005599091785105e-204,2394,-0.207113655597972,-0.5525615873805292
26,melancholy,-0.5822565881819235,2.455427426321429e-217,2394,-0.21438249921901464,-0.5763770478201962
26,miserable,-0.24781797339007208,7.848401954668659e-35,2394,-0.1355504982440763,-0.20261027410910787
26,dispirited,-0.5599345077192719,1.163863028962926e-197,2394,-0.23051952385910687,-0.5537481502039292
26,listless,0.546299313582415,2.3227653258882057e-186,2394,0.2347642151903077,0.5629170476836457
26,weary,-0.5223985373638399,9.129805077561162e-168,2394,-0.2133226089847325,-0.5166111272657584
26,worn out,-0.3882668888793984,5.599796670938315e-87,2394,-0.18925799608204336,-0.3839036725943439
26,tired,0.13581163915895247,2.5143311097733818e-11,2394,0.08604600892540931,0.13689927641895766
26,resigned,-0.5875317999686809,3.267183554826453e-222,2394,-0.1438494323984021,-0.5495365854363977
26,lonely,-0.5769066935654613,1.7565418887834294e-212,2394,-0.20847558209241246,-0.5729546640401483
26,heartbroken,0.5339472238959577,1.452781881564953e-176,2394,0.19376599265422184,0.5507837996780939
26,grief-stricken,-0.09180511958602064,6.825907340872903e-06,2394,0.10475472878609146,-0.02414998580200852
26,worthless,-0.526318728689294,1.028024841747261e-170,2394,-0.22504733985328668,-0.5221264018728934
26,self-critical,-0.5028658569140141,1.228920104523514e-153,2394,-0.25335485626934506,-0.5082135354533205
26,ashamed,0.590933128620701,2.1005592692924192e-225,2394,0.21484850805768146,0.589183961441396
26,guilty,0.46225062927475713,4.860018879819361e-127,2394,0.17576738093961708,0.4685892687937514
26,humiliated,0.60873509660178,9.516391038072867e-243,2394,0.22499500478178935,0.6032574885626136
26,embarrassed,0.5871413102507149,7.554225127063992e-222,2394,0.221381817632185,0.5823799237748131
26,regretful,-0.5971314128409005,2.552523234057959e-231,2394,-0.22986059574965623,-0.5936835491909948
26,sorry,-0.5976870255971329,7.419725996652646e-232,2394,-0.23303901226638607,-0.5919996164156406
26,desperate,0.5575526723544584,1.1961675563278492e-195,2394,0.19295048932017816,0.5587914365925369
26,panicked,0.5948210146425893,4.236393302232603e-229,2394,0.22557883644071314,0.5885846798690725
26,hysterical,0.5808851196682452,4.3974930526642427e-216,2394,0.22449459635479818,0.5777074883162263
26,overwhelmed,0.5988423224690804,5.640112304516703e-233,2394,0.2047961159793268,0.5769620899239203
26,distressed,0.5974392066297904,1.2878000974710443e-231,2394,0.2144301923899789,0.5944970071684178
26,tormented,-0.01234624496588552,0.545982600768478,2394,0.02116899778633534,0.0024016295288950425
26,trapped,-0.5741463858319872,5.1813900971873765e-210,2394,-0.22104208851922327,-0.5723377391256333
26,stuck,-0.5723624497454498,1.9867968113432452e-208,2394,-0.2388413530502532,-0.5705828102904658
26,frustrated,0.573538574388143,1.7994154463347383e-209,2394,0.21640257909935057,0.5642487614959882
26,exasperated,0.5696877189528623,4.5135071118595046e-206,2394,0.22183755556270363,0.5645520291605829
26,angry,0.5735873713443334,1.6284162475894322e-209,2394,0.22878847672421473,0.5689485163487482
26,anxious,0.579691852558831,5.353313710354553e-215,2394,0.22492906673559102,0.5748420296898924
26,afraid,0.5463410012667335,2.149053940970725e-186,2394,0.23034869592762588,0.5375051855524401
26,nervous,0.559194659874567,4.927055750428118e-197,2394,0.21601094105462454,0.5564141055318887
26,stressed,0.648593194623365,7.194526816234569e-286,2394,0.20847588249809185,0.6344799844369761
26,calm,-0.6399865101187433,5.1559177817837905e-276,2394,-0.23781018528346043,-0.6373067245306834
26,self-confident,-0.6088601651858345,7.123672600228214e-243,2394,-0.23386766606870973,-0.6159224482689162
26,content,-0.6284880567020826,2.4873649091993794e-263,2394,-0.22990372244076482,-0.6245716024927632
26,happy,-0.6121106898546246,3.665842297916869e-246,2394,-0.21199888990836796,-0.6132058732877942
26,hopeful,-0.6067397873060558,9.492225693263166e-241,2394,-0.2426048569753994,-0.6051111377940848
26,clinical_depression,-0.3254138764866036,3.628304211296593e-60,2394,-0.16648523593001435,-0.3079673549346316
26,acute_grief,0.38760490010976906,1.155986600391592e-86,2394,0.21438902233210475,0.39847885382773424
26,burnout_exhaustion,-0.5482908925441875,5.596593848133908e-188,2394,-0.23039955515004226,-0.5442075090922307
26,physical_illness_fatigue,0.5711218029745289,2.4764233051804863e-207,2394,0.22680565660011076,0.5720106432519413
26,anxiety_panic,0.3375248775753165,7.221941131337412e-65,2394,0.19737624931342673,0.33095066408425344
26,frustration_blocked_goal,-0.521281489869829,6.216690825776871e-167,2394,-0.2230697527882351,-0.5317593641623504
26,pain_axis,0.5716242323954595,8.92628071754927e-208,2394,0.19885779969301975,0.5846319548853655
28,depressed,0.6532627007073144,2.3698947019806827e-291,2394,0.10231774513749622,0.644184633400457
28,sad,-0.3705378952552033,8.548143285338102e-79,2394,-0.13911597494288708,-0.34698677328857563
28,gloomy,-0.15195544879252598,7.748890649935109e-14,2394,-0.10550575925896291,-0.12514169688079574
28,melancholy,-0.34710559292018106,9.711019633426943e-69,2394,-0.15926474999712092,-0.3442055926896494
28,miserable,0.4711285286258738,1.498469867607301e-132,2394,-0.03329324729471257,0.47437737645083544
28,dispirited,-0.06466696114084818,0.0015469965086984437,2394,-0.17498773402856602,-0.06235765482393091
28,listless,0.4332076715905332,4.128658357827594e-110,2394,0.17897775892941575,0.45387379093556846
28,weary,-0.055969196092180186,0.006158760382358251,2394,-0.129434904943593,-0.05403956026938619
28,worn out,0.6291158931782892,5.211835544957636e-264,2394,0.046733559508536124,0.6169933194048687
28,tired,0.6041553356013113,3.510947061961056e-238,2394,0.22479757979737508,0.5992697008061608
28,resigned,-0.4080823960368409,9.649304211324945e-97,2394,-0.13483037047882762,-0.39637355953840686
28,lonely,-0.326794803771938,1.0824194085485421e-60,2394,-0.16892878927315352,-0.32666786275893706
28,heartbroken,0.33554170282036605,4.3960996821170584e-64,2394,0.0325416610084628,0.330982153083326
28,grief-stricken,-0.011500592496062301,0.5738219404935058,2394,0.005485995528972297,0.011563634405467996
28,worthless,-0.1800179502611526,6.929789110588902e-19,2394,-0.14815476395183988,-0.18170277203997529
28,self-critical,-0.3388776573659109,2.09058311951495e-65,2394,-0.19038582556708977,-0.3422689306654147
28,ashamed,0.4339807897102914,1.535226912802891e-110,2394,0.09052364281551502,0.42700779673424133
28,guilty,-0.12658503848692806,5.119387933159408e-10,2394,-0.1829779945622948,-0.12488071562065224
28,humiliated,0.4898232278040001,1.0592234858547222e-144,2394,0.18139518005091815,0.470464669728349
28,embarrassed,0.3009467211707187,2.635651293897346e-51,2394,0.1754576765659878,0.29767082599753913
28,regretful,-0.34914725536649205,1.394934376139418e-69,2394,-0.18556499716268604,-0.34842829421600363
28,sorry,-0.35040619021219765,4.185891116598439e-70,2394,-0.1848870651810885,-0.3496188751531473
28,desperate,0.6335406513131085,7.740138978835827e-269,2394,0.09850542311682686,0.6358835280989584
28,panicked,0.3540112501635512,1.2927782357170648e-71,2394,0.1796878636314185,0.35200391881202586
28,hysterical,0.34563317443390307,3.900595131934115e-68,2394,0.1742459397493084,0.34473549661475184
28,overwhelmed,0.6289751480309357,7.400908641654523e-264,2394,0.21679345414837015,0.6150286391103943
28,distressed,0.4422611038496424,3.2657430293397846e-115,2394,0.182008488367085,0.4400020043103736
28,tormented,0.04562470640949018,0.025592109192792516,2394,-0.11393038277238453,0.03304481431166654
28,trapped,-0.2629535508391975,3.744390214946763e-39,2394,-0.16434381358465067,-0.2658422765259728
28,stuck,-0.2911850634357384,5.320445053560656e-48,2394,-0.1783187772070389,-0.2923561183262694
28,frustrated,0.2952824103828844,2.261386088198861e-49,2394,0.1504970261009615,0.2846809847268496
28,exasperated,0.3321909778318493,9.022461012119657e-63,2394,0.17656173412975906,0.32654496787248743
28,angry,0.33534339826110043,5.2624349246658796e-64,2394,0.17969564545019637,0.33066988843639705
28,anxious,0.2550069323621967,7.554852090640492e-37,2394,0.17383842350770534,0.2552987466977634
28,afraid,0.23119422814141555,2.054263919781512e-30,2394,0.21420648425966632,0.22737625083015517
28,nervous,0.21538679650911974,1.5933593208395452e-26,2394,0.17072421243852295,0.21997427871922284
28,stressed,0.388167203053758,6.246258437024198e-87,2394,0.17026372911246013,0.38772902157135947
28,calm,-0.6278789644579482,1.1291015542158282e-262,2394,-0.1905469980692922,-0.620767122845597
28,self-confident,-0.576788366614706,2.24396276243848e-212,2394,-0.19396329408759677,-0.5748800903916517
28,content,-0.63378352823013,4.182526207510575e-269,2394,-0.2078200473222507,-0.6133353193620897
28,happy,-0.6189523236048338,3.2791726182667194e-253,2394,-0.13602997028309,-0.5910606740411615
28,hopeful,-0.4465947628839713,1.0387202274980442e-117,2394,-0.16984381493367648,-0.44647442420297223
28,clinical_depression,0.17305129982950818,1.5002231016559537e-17,2394,0.09997191949337131,0.17520443248450054
28,acute_grief,-0.11121365454465852,4.880534312387934e-08,2394,0.17178157579607056,-0.098943276037196
28,burnout_exhaustion,-0.12905426238096504,2.332887093643239e-10,2394,-0.17464847428359007,-0.1366216903095653
28,physical_illness_fatigue,0.2762916709806088,3.3352731162899173e-43,2394,0.15858667983369454,0.28375885728363043
28,anxiety_panic,-0.0362606093093876,0.07609050479460523,2394,-0.055172947026451855,-0.048501023965611886
28,frustration_blocked_goal,-0.04348210929428347,0.03338601049195086,2394,-0.2434222617662124,-0.06334332675569423
28,pain_axis,0.33772488374132226,6.0148401830242215e-65,2394,0.13876373488821495,0.35220017200798465
30,depressed,0.7219239766160291,0.0,2394,0.3001051498410969,0.7122676017436113
30,sad,0.32923265461704426,1.2599010161285041e-61,2394,0.193354085545241,0.3543410913141377
30,gloomy,0.5579116933339241,5.964562279651147e-196,2394,0.24109891294385463,0.5633446926355253
30,melancholy,-0.6139123752584521,5.306946503795114e-248,2394,-0.14984786903031264,-0.5698941043931818
30,miserable,0.6925543843820876,0.0,2394,0.2508516161836858,0.6867620757419337
30,dispirited,0.5195850413925274,1.1293788686022747e-165,2394,0.1868683854236928,0.522076094151781
30,listless,0.64758307315886,1.0721335777279366e-284,2394,0.25889591410066115,0.642122965427716
30,weary,-0.28958405995130093,1.8019999316338945e-47,2394,-0.07973014456981342,-0.2718100710820583
30,worn out,0.6996182529757474,0.0,2394,0.20491903348772594,0.6840761600686748
30,tired,-0.0032502428090870165,0.8737106840193661,2394,-0.07369676878657788,-0.007492721430910799
30,resigned,-0.3044252499128748,1.6286563077577283e-52,2394,0.03545085032670338,-0.27201797684556933
30,lonely,-0.6473991278996204,1.7515344973890995e-284,2394,-0.2311724532230681,-0.6196993711873975
30,heartbroken,0.7065242429528094,0.0,2394,0.29494654454723035,0.6914829551803928
30,grief-stricken,0.5280357690363442,5.109047053394442e-172,2394,0.3224516295960198,0.5421145049416105
30,worthless,-0.21251914723510992,7.51583863288891e-26,2394,-0.08268926675314145,-0.17944418244836638
30,self-critical,-0.6263012570717865,5.5939838701533375e-261,2394,-0.27606917788968177,-0.6051012240967167
30,ashamed,-0.3082256062690323,7.445588567717493e-54,2394,-0.1923057216437521,-0.29131691422838907
30,guilty,-0.5882023030347124,7.726237265060852e-223,2394,-0.2727936414486624,-0.5656944550176878
30,humiliated,0.6983385959502941,0.0,2394,0.19597191198278513,0.6559326650834335
30,embarrassed,0.6562425253686448,6.683496126733468e-295,2394,0.2199972453200706,0.6106160126436613
30,regretful,-0.6189164634469807,3.574075368364635e-253,2394,-0.2573056732371912,-0.5947328643779193
30,sorry,-0.6183401327044306,1.4241897818834027e-252,2394,-0.26945463466435016,-0.5956668037648514
30,desperate,0.6765046901354254,0.0,2394,0.2270478003294117,0.663556098581733
30,panicked,0.6712216024935114,0.0,2394,0.2674403614240421,0.6296103445496116
30,hysterical,0.669015413027193,1.3788692966963e-310,2394,0.2783671662342519,0.6395475135568899
30,overwhelmed,0.6898065069622719,0.0,2394,0.24187281512099265,0.6559398665975495
30,distressed,0.7041559519151828,0.0,2394,0.2549753982833579,0.6579202472819187
30,tormented,0.28318780217834294,2.179376579697933e-45,2394,0.15448185663124303,0.2599104571658902
30,trapped,-0.6010868198298102,3.664421982502073e-235,2394,-0.18969968814542648,-0.5903252142962885
30,stuck,-0.3036542058196804,3.028709493218586e-52,2394,0.07920906408988726,-0.26817130153613866
30,frustrated,0.5924581900584127,7.565038473382295e-227,2394,0.19728604560920357,0.5578970739904502
30,exasperated,0.6583102033072836,2.177686835157277e-297,2394,0.24077006700460996,0.6256172748184144
30,angry,0.686874816376062,0.0,2394,0.25932006117406486,0.6545041661579191
30,anxious,-0.3479862530347401,4.212452990844508e-69,2394,-0.16652520204755972,-0.3614663033546094
30,afraid,-0.3515599253859589,1.3822959664190953e-70,2394,-0.13879248387860685,-0.36634215078122595
30,nervous,0.06394392649189849,0.0017465679530127955,2394,0.047766374842319125,0.054462429122062735
30,stressed,0.5693150474796482,9.574355698153882e-206,2394,0.15878317837165234,0.5469433094246572
30,calm,-0.7303746291086667,0.0,2394,-0.30443417910981296,-0.7050157809769969
30,self-confident,-0.7200472228314024,0.0,2394,-0.29901053025404195,-0.7019360961252268
30,content,-0.7327718310031074,0.0,2394,-0.2611067331616921,-0.6978977408002202
30,happy,-0.5985357772646516,1.1185971499343912e-232,2394,-0.16580944657543853,-0.5710213764582461
30,hopeful,-0.7354054485751573,0.0,2394,-0.29112816215766596,-0.709165643484973
30,clinical_depression,0.0797732911405446,9.330284186393692e-05,2394,0.18069742429512015,0.08880327508732767
30,acute_grief,0.3289843468876429,1.5698824191191085e-61,2394,0.2620447007464619,0.3240131422538401
30,burnout_exhaustion,0.4602223539071554,8.375360900801886e-126,2394,0.07459132689312555,0.4324851691008804
30,physical_illness_fatigue,0.6287757031686926,1.2160775033971531e-263,2394,0.2638546473601431,0.620257345710199
30,anxiety_panic,-0.49001079991544577,7.928832696308348e-145,2394,-0.21066529905798687,-0.48851767585304945
30,frustration_blocked_goal,-0.36160525265343024,7.330731697295855e-75,2394,-0.31726345653402166,-0.35388384231095255
30,pain_axis,-0.07101176424242621,0.0005069142503774935,2394,0.15790580329769144,-0.03538828627639557
32,depressed,0.6370679765849648,9.613884762290323e-273,2394,0.25998815978229245,0.6429854523352287
32,sad,-0.4643680331681122,2.437815706034611e-128,2394,0.03969420446692484,-0.40575213817971756
32,gloomy,0.1367593391703753,1.8231096867718173e-11,2394,0.11208974872052568,0.18706500683144095
32,melancholy,-0.6065144197596615,1.5931171413575991e-240,2394,-0.045948095958195725,-0.5473815616901155
32,miserable,0.7027885789078312,0.0,2394,0.21661348515175305,0.6928496721869816
32,dispirited,0.30924155883748006,3.2382715610928144e-54,2394,0.030767499897884167,0.342060766474303
32,listless,0.4109541390721399,3.262814235573182e-98,2394,0.18590946561375538,0.4346087719076858
32,weary,0.3884331119613549,4.66678835909709e-87,2394,0.16015167421721876,0.4161374904636969
32,worn out,0.7243839668534908,0.0,2394,0.2387621493459695,0.7104039809385094
32,tired,0.7144534971625496,0.0,2394,0.239855378011902,0.6936548469907414
32,resigned,-0.34601016527639544,2.734194137787788e-68,2394,0.08169946169405022,-0.298174566231876
32,lonely,-0.683327114741786,0.0,2394,-0.1679449450702492,-0.62685296799725
32,heartbroken,0.6098278044220219,7.546541673319376e-244,2394,0.27001397222561374,0.5906474840962667
32,grief-stricken,0.4352872593949848,2.8681302404621603e-111,2394,0.3218608811008015,0.44811484134013874
32,worthless,0.24338579514664482,1.276241975975131e-33,2394,0.07718544331620988,0.28691980721726035
32,self-critical,-0.28693472014988297,1.333395006043486e-46,2394,-0.23211769178210456,-0.2553469274465195
32,ashamed,0.030855945721991383,0.13122044485048712,2394,-0.14124811645963564,0.057068112614320016
32,guilty,-0.5126062957050946,1.4413911668378395e-160,2394,-0.25632064140872324,-0.4639762104508633
32,humiliated,0.6156453124352491,8.798777356146713e-250,2394,0.04344453599457069,0.5648876931174992
32,embarrassed,0.5467644794286862,9.751053215196336e-187,2394,-0.04165709800353051,0.49277749798877674
32,regretful,-0.5804135377777316,1.1822291896087178e-215,2394,-0.25173538876886814,-0.5366857012467136
32,sorry,-0.5485175242586745,3.65680549181016e-188,2394,-0.24290609950022013,-0.5060373003319636
32,desperate,0.6753156295573357,0.0,2394,0.1728871133763375,0.663859509349777
32,panicked,0.6744294411609786,0.0,2394,0.17184018803790888,0.60870051715144
32,hysterical,0.7195840026127988,0.0,2394,0.2397624145999392,0.6654751754503363
32,overwhelmed,0.7136646560870786,0.0,2394,0.21201139918419437,0.6779086318976751
32,distressed,0.6897276126292866,0.0,2394,0.17351805949193078,0.6347488075423028
32,tormented,0.6707966586289323,0.0,2394,0.22584108181729898,0.6308757623446656
32,trapped,-0.5099018487532068,1.2756247778548695e-158,2394,0.04242909333219258,-0.4793733191352965
32,stuck,-0.5948157309638993,4.2860043687726835e-229,2394,-0.07837995270306829,-0.5407870701042622
32,frustrated,0.5900958048130422,1.2930518513245596e-224,2394,0.025797164988207784,0.5193195301815225
32,exasperated,0.6742376297299286,0.0,2394,0.13207573087995228,0.6121053957264778
32,angry,0.6891788930361603,0.0,2394,0.1646640295902724,0.626587986579544
32,anxious,0.36523280160164145,1.9183055864209816e-76,2394,0.055476210705857884,0.3232374576996233
32,afraid,0.09845430035081194,1.3899741739754095e-06,2394,0.10049960590164694,0.04886758163120905
32,nervous,0.05624910062613366,0.005906498108791167,2394,-0.02910486726972722,0.047385948544674796
32,stressed,0.5440417165293732,1.5384475303980786e-184,2394,0.010340481806656934,0.5045920119482964
32,calm,-0.7372513998901212,0.0,2394,-0.27370440884698133,-0.7004887358208102
32,self-confident,-0.7115913152445807,0.0,2394,-0.23606760613771519,-0.6921762220200952
32,content,-0.7277898476464282,0.0,2394,-0.24512354605973832,-0.6936690976147005
32,happy,-0.6484851674974663,9.609228449179547e-286,2394,-0.1788533628408217,-0.625893981176201
32,hopeful,-0.7048044931956884,0.0,2394,-0.18184662385931982,-0.6697402065685798
32,clinical_depression,-0.09286989584164161,5.327686837463915e-06,2394,0.22050109921923938,-0.06407123971239809
32,acute_grief,-0.5684020434666117,6.018207751923473e-205,2394,0.06697146645786219,-0.5391916571455396
32,burnout_exhaustion,-0.11275779535025289,3.168884271924666e-08,2394,-0.008216717697376641,-0.10038530448139855
32,physical_illness_fatigue,0.4252056359370504,9.944330153216883e-106,2394,0.08726777597850759,0.4214253975737557
32,anxiety_panic,-0.09542127325786538,2.9101933231678164e-06,2394,0.03850961798526894,-0.11678679322389218
32,frustration_blocked_goal,0.28659226495925716,1.7243695159614684e-46,2394,-0.17240372080370003,0.2625988630192439
32,pain_axis,-0.40638136802632896,7.062833607638396e-96,2394,0.08893406713422952,-0.35381628896259604
34,depressed,0.6174283581755322,1.2614669044748728e-251,2394,0.2690809872542149,0.6284708548778721
34,sad,-0.4564083867063614,1.6801677115241146e-123,2394,0.01122680135584448,-0.3971739203956963
34,gloomy,-0.04567446999059605,0.02543157766952932,2394,0.11302479259336354,0.0168433651550511
34,melancholy,-0.5900541863214628,1.4150968213841485e-224,2394,-0.04691730335831909,-0.5237647016040157
34,miserable,0.6995777315360562,0.0,2394,0.218756221296806,0.6918106357199107
34,dispirited,0.16024348444082367,3.0854465694497296e-15,2394,0.03924576808332395,0.21800164054030072
34,listless,0.12911562867115767,2.2873256889375253e-10,2394,0.20357868490474892,0.17427573847820016
34,weary,0.21253891600625277,7.436467918061377e-26,2394,0.22412149083066368,0.25369073015520605
34,worn out,0.7184064582073605,0.0,2394,0.2907829476364772,0.7053779801934758
34,tired,0.7127838174964745,0.0,2394,0.238122128275691,0.6861924408996528
34,resigned,-0.46171214578743736,1.0367965887212178e-126,2394,0.0541550638823918,-0.39175234529507624
34,lonely,-0.6432548154668847,1.0168622214293757e-279,2394,-0.1373699955650336,-0.5718784417797674
34,heartbroken,0.46235644144951193,4.187058399976111e-127,2394,0.22348293780952577,0.44891530689926923
34,grief-stricken,0.12727601338049047,4.1149029554413317e-10,2394,0.2664540061782164,0.14006961512478164
34,worthless,-0.01055935506420054,0.6055763409475794,2394,0.04224885626384135,0.05176046919706733
34,self-critical,-0.18854220349685155,1.3547135053074357e-20,2394,-0.21494637741489953,-0.1619996190324967
34,ashamed,-0.046271257085403195,0.02357323359482576,2394,-0.14120662602831635,-0.016994592278228506
34,guilty,-0.5222613370529164,1.1559890432391117e-167,2394,-0.23290599879665208,-0.4760858266066928
34,humiliated,0.5905033948490844,5.3419669784112506e-225,2394,-0.007148814713564511,0.5418123801781781
34,embarrassed,0.5256285780586103,3.418938102859814e-170,2394,-0.06694583341721477,0.4688209448971338
34,regretful,-0.6057572284407797,9.046457557564652e-240,2394,-0.2243611763524935,-0.5590666785445078
34,sorry,-0.5663921069586153,3.3745916831372746e-203,2394,-0.210421526714534,-0.5230774369288369
34,desperate,0.6602939303827908,8.576961503378996e-300,2394,0.13067318566138253,0.6513729550972642
34,panicked,0.6650824947116699,1.1278176914577994e-305,2394,0.14565715015463285,0.5909645178395292
34,hysterical,0.70826678808237,0.0,2394,0.2057939007562774,0.644004735209384
34,overwhelmed,0.7132731820665862,0.0,2394,0.19201689339373068,0.6631093018265019
34,distressed,0.684023701871832,0.0,2394,0.1511342741618074,0.6153831470683158
34,tormented,0.670520080762956,0.0,2394,0.18671821698194013,0.6211721579969145
34,trapped,-0.17475944680357128,7.141432184350377e-18,2394,0.12570221052306157,-0.14000029733332675
34,stuck,-0.5751134418900213,7.109685692489876e-211,2394,-0.01848800001884487,-0.5041605574128142
34,frustrated,0.6060840187746787,4.277750328658882e-240,2394,0.07710562666696313,0.5267390810580939
34,exasperated,0.6687207112523723,3.23789756463205e-310,2394,0.15444325149368848,0.5992028985339292
34,angry,0.6831796615334769,0.0,2394,0.166321615568303,0.610399800083987
34,anxious,0.5376877740920089,1.7320991778444378e-179,2394,0.03422904954365351,0.47286532687094424
34,afraid,0.3861442221739922,5.68796231575502e-86,2394,0.06220669568486065,0.3180455605680833
34,nervous,0.3188796971401278,1.019514732405079e-57,2394,-0.0218021842911175,0.27254924379251605
34,stressed,0.5668376057968325,1.385646995093217e-203,2394,0.02021903598504317,0.5071409129577892
34,calm,-0.7312023076204721,0.0,2394,-0.2480828351683031,-0.6830556234723099
34,self-confident,-0.7042024293770458,0.0,2394,-0.2111562582880446,-0.669656208611484
34,content,-0.7132022431790858,0.0,2394,-0.22067020088967387,-0.6641574889354553
34,happy,-0.6554294060601282,6.275444205428461e-294,2394,-0.17754850646393627,-0.616621299933094
34,hopeful,-0.6995598977719479,0.0,2394,-0.16555191702731026,-0.6525174097134319
34,clinical_depression,-0.19667714875237644,2.651169531761053e-22,2394,0.21128237014037748,-0.1556239589448094
34,acute_grief,-0.5859223771016775,1.0263585295890273e-220,2394,0.05858701362215192,-0.5503550567507164
34,burnout_exhaustion,-0.18251328255995405,2.233767109047362e-19,2394,0.08259266458623368,-0.146778070539943
34,physical_illness_fatigue,-0.0058776634829043935,0.773777230088597,2394,0.10179673383105392,0.015009387022033364
34,anxiety_panic,0.23886160302716863,2.0757865294854192e-32,2394,0.051161901539916135,0.19672102301163866
34,frustration_blocked_goal,0.31223939495564085,2.7227165489566695e-55,2394,-0.16705404535366977,0.281080908075246
34,pain_axis,-0.5311407185988551,2.146653893934802e-174,2394,0.018569689149440814,-0.4820753288169421
36,depressed,0.6075291988765559,1.542548503358806e-241,2394,0.27407753768053533,0.6147511355070903
36,sad,-0.5168531956368038,1.1634685059564806e-163,2394,-0.0256437865576436,-0.47208652974739673
36,gloomy,-0.27664567267116447,2.585210799335809e-43,2394,0.07663054955450942,-0.21388309878048392
36,melancholy,-0.6008296299876541,6.53915210889466e-235,2394,-0.07995758683120971,-0.552606549332875
36,miserable,0.694299873604783,0.0,2394,0.24438452957722417,0.6950446160665685
36,dispirited,-0.2801404245146768,2.048753039429841e-44,2394,0.010965946471342893,-0.23012430153243507
36,listless,-0.16032629901445186,2.985021266162194e-15,2394,0.19054343528748607,-0.1225498306718774
36,weary,-0.07352306173645946,0.0003177656476628597,2394,0.1874937771528667,-0.034864497904104154
36,worn out,0.6856285106475987,0.0,2394,0.2793288478291952,0.6751640673044138
36,tired,0.6386562349353644,1.6123322304234455e-274,2394,0.20999176386049284,0.6163230777349513
36,resigned,-0.41196413397681325,9.836459440706547e-99,2394,0.0659446284998241,-0.35552819513071854
36,lonely,-0.5730127107047234,5.272365813788318e-209,2394,-0.11510781563519498,-0.5239891925021635
36,heartbroken,0.6435576641635151,4.588236353773907e-280,2394,0.2733172050716919,0.6238009969790766
36,grief-stricken,0.657321880985055,3.382292887566201e-296,2394,0.3349215773968574,0.6387406022123571
36,worthless,-0.17383107585185983,1.0700387342539907e-17,2394,0.06733284630674662,-0.10307226794046426
36,self-critical,-0.2594322286703019,4.023333619384485e-38,2394,-0.15941875517625215,-0.21836136598740952
36,ashamed,-0.46116499220464574,2.2358530462570027e-126,2394,-0.14087387076203173,-0.407394354896166
36,guilty,-0.6556677053715589,3.257674283442355e-294,2394,-0.22518554468070034,-0.6009726802393945
36,humiliated,0.33299178153150344,4.3973550294975484e-63,2394,-0.026125160034336806,0.33414667487938005
36,embarrassed,-0.0007551333941641749,0.9705422007306532,2394,-0.09848393314450218,-0.02968008030321302
36,regretful,-0.6723256934458841,0.0,2394,-0.21066018101041123,-0.6209567497716494
36,sorry,-0.6616655150264905,1.8194106643139212e-301,2394,-0.21378321424277125,-0.6131000916655699
36,desperate,0.6716934217695366,0.0,2394,0.17530956251192686,0.6586073995907792
36,panicked,0.6670490074672979,4.0293315878394694e-308,2394,0.16907230842289903,0.5997474650225214
36,hysterical,0.70998783680581,0.0,2394,0.19710775217791388,0.6476335352919924
36,overwhelmed,0.7107777231753976,0.0,2394,0.1913871091046515,0.6653157488905682
36,distressed,0.6732528859818977,0.0,2394,0.1593528854343284,0.617536138630014
36,tormented,0.7195394197365819,0.0,2394,0.23834280747851824,0.6832837979486218
36,trapped,0.007088591041908295,0.7288486580652793,2394,0.19573913029408085,0.03505504578503099
36,stuck,-0.542624341755431,2.1053354889252423e-183,2394,0.013720733152940269,-0.47590804186363556
36,frustrated,0.5719061565525864,5.031192983542858e-208,2394,0.08656291517178545,0.5040165052421465
36,exasperated,0.6669745312527866,4.991699755427933e-308,2394,0.18399617819315653,0.6059817129747898
36,angry,0.6753988230309836,0.0,2394,0.1806401236150767,0.6137926912079288
36,anxious,0.49225391634012866,2.44891566795815e-146,2394,0.03175788514359035,0.4449633293867842
36,afraid,0.3968681261381006,3.9071289969723806e-91,2394,0.022221276706964752,0.33459066733542314
36,nervous,0.1668529772792613,2.0818641000152673e-16,2394,-0.06967377451191026,0.14632653162795836
36,stressed,0.44879831689368704,5.402988772950331e-119,2394,-0.03791385590435838,0.41662870263641427
36,calm,-0.7124941923682415,0.0,2394,-0.26011356266893393,-0.6882789673374888
36,self-confident,-0.7101448301218046,0.0,2394,-0.25198142874992324,-0.6962407701316002
36,content,-0.7219988716366388,0.0,2394,-0.26110175116296813,-0.7056996534228823
36,happy,-0.686828129446791,0.0,2394,-0.24072517767733886,-0.6748909136679908
36,hopeful,-0.7072294901758672,0.0,2394,-0.20306449559371673,-0.6799093985356177
36,clinical_depression,-0.20435025715618077,5.518946024728984e-24,2394,0.19287894960685711,-0.17202911159335282
36,acute_grief,-0.5524701799510294,2.0735148027118645e-191,2394,0.06218471045885646,-0.5272766850578312
36,burnout_exhaustion,-0.3085413793755349,5.749975598797756e-54,2394,0.07000197704301514,-0.28011416106816156
36,physical_illness_fatigue,-0.5393605658844459,8.301433749702946e-181,2394,0.055501040706005894,-0.5104373772315165
36,anxiety_panic,0.578819133324443,3.308457516223092e-214,2394,0.06900879299690663,0.5512101689062099
36,frustration_blocked_goal,0.2975317974914136,3.906338299007257e-50,2394,-0.1670845139891357,0.26776248303535416
36,pain_axis,0.4250675478817444,1.1807457514007736e-105,2394,0.10640203306957143,0.46430976226135157
38,depressed,0.5614343381590351,6.174609082643851e-199,2394,0.2973356175545309,0.5672953555581458
38,sad,-0.5358784241371657,4.543196055172331e-178,2394,-0.04315178033930099,-0.49172226239087313
38,gloomy,-0.23529061144282779,1.8008623404334731e-31,2394,0.057932675371959896,-0.17802897530363357
38,melancholy,-0.594024476587025,2.4445660783637454e-228,2394,-0.09646596109800265,-0.5441250906520114
38,miserable,0.6483784386218026,1.278833404831186e-285,2394,0.22532246949824203,0.658150693275942
38,dispirited,0.012929093437298452,0.527192536859606,2394,0.03162698886977696,0.04905494292554615
38,listless,-0.2580141359753986,1.036147536828207e-37,2394,0.15373998561227872,-0.22401253817074993
38,weary,-0.028069324615141108,0.16976984325132438,2394,0.18271535960195978,0.015532245222449306
38,worn out,0.7043538536166418,0.0,2394,0.28012505354350464,0.6959256719954398
38,tired,0.5393184084571279,8.963886008916295e-181,2394,0.21417192001575464,0.5287292298356268
38,resigned,-0.4065428450869195,5.849655369881187e-96,2394,0.029388018754830332,-0.3455385831185689
38,lonely,-0.5828983121973935,6.334984042759979e-218,2394,-0.1400031234518026,-0.5461775161576022
38,heartbroken,0.6297459530036993,1.0820934547647751e-264,2394,0.29603896237928196,0.6112514328378416
38,grief-stricken,0.7166392924254829,0.0,2394,0.30605235074509896,0.6852863206099716
38,worthless,0.1426286422791307,2.3690173902121593e-12,2394,0.0860571699260195,0.1930515032938254
38,self-critical,-0.27846978769032954,6.91532307062478e-44,2394,-0.17086433928739914,-0.23726529007918298
38,ashamed,-0.45295334130070125,1.931531598404698e-121,2394,-0.15552226588788054,-0.4049848578072895
38,guilty,-0.5268481031359078,4.0820223489418447e-171,2394,-0.22402240156204278,-0.4795930209141028
38,humiliated,-0.07112219066480312,0.0004967614296354678,2394,-0.11417524888602901,-0.07041801251102653
38,embarrassed,-0.3773023973245363,7.40131653439547e-82,2394,-0.147174745713421,-0.41159450862877556
38,regretful,-0.5881478369495821,8.687414058017738e-223,2394,-0.23314455108243148,-0.5390777623621279
38,sorry,-0.604559153881774,1.3986946249295185e-238,2394,-0.2612026662230366,-0.5592752800236436
38,desperate,0.6663947388993301,2.639032962432592e-307,2394,0.23031339000877862,0.6621851166823907
38,panicked,0.6366327527837694,2.934888482951937e-272,2394,0.14886204229639743,0.5668915833556705
38,hysterical,0.6977126853483876,0.0,2394,0.18486198154935057,0.6341113612435693
38,overwhelmed,0.7210670050364654,0.0,2394,0.23475992076437552,0.6694030159646616
38,distressed,0.6413940573166007,1.324998507794722e-277,2394,0.17483848300449084,0.5875244022465033
38,tormented,0.6834119252283919,0.0,2394,0.23570334825799644,0.643846016732386
38,trapped,0.04398208370755589,0.03140557602925869,2394,0.20080874382327518,0.0644663203776628
38,stuck,-0.44518887033964927,6.77153793088018e-117,2394,0.08242430880472579,-0.374424923975714
38,frustrated,0.5333917518582579,3.919510182279484e-176,2394,0.04403773251145921,0.47723983488664506
38,exasperated,0.6650627661682664,1.1931447747514495e-305,2394,0.16846973591371878,0.6094446907644347
38,angry,0.6596021566845488,5.942676005156591e-299,2394,0.16704430593272782,0.6042255845429794
38,anxious,0.2968163481191814,6.840218788354475e-50,2394,-0.05635116024120351,0.25731907274465143
38,afraid,-0.07147589941774779,0.00046550201675142665,2394,0.005466793016171672,-0.12478424664973554
38,nervous,-0.19629386831995402,3.2036297705787633e-22,2394,-0.13763771125974267,-0.19825974370679825
38,stressed,0.3684251280044083,7.472975868340128e-78,2394,-0.04307802324258657,0.3440809432584304
38,calm,-0.7072636902438367,0.0,2394,-0.23599331734363804,-0.6803268808749082
38,self-confident,-0.7083175845457866,0.0,2394,-0.2591672098827349,-0.6839981722917826
38,content,-0.6944909471971508,0.0,2394,-0.2244977415290474,-0.6843381305076627
38,happy,-0.6691567004254851,9.1543892316513e-311,2394,-0.20255117350191312,-0.6636174330655523
38,hopeful,-0.7076186149742583,0.0,2394,-0.1860437519038761,-0.6749034185708699
38,clinical_depression,-0.2132612341198069,5.0417479784764044e-26,2394,0.21512501315920635,-0.1886642682865135
38,acute_grief,-0.43160010555155504,3.2032677565247806e-109,2394,0.11132881134538865,-0.410875118490618
38,burnout_exhaustion,-0.20413536695510212,6.164292310077474e-24,2394,0.1460597787729577,-0.17443301205928727
38,physical_illness_fatigue,-0.3056964980648873,5.832153794871622e-53,2394,0.11269593119431291,-0.2829410993149594
38,anxiety_panic,0.0672111575253531,0.0009999311729545636,2394,0.061053991547434794,0.03946000868444053
38,frustration_blocked_goal,0.18955643558292418,8.37530811716875e-21,2394,-0.21563660466665513,0.1741685551599262
38,pain_axis,0.12090433671467773,2.9499123292582494e-09,2394,0.04153555227050257,0.18429586626141317
40,depressed,0.712599789420112,0.0,2394,0.3335897052524528,0.6890457011947876
40,sad,-0.23102487715774642,2.2694589056062895e-30,2394,0.18282019404451774,-0.21923110659847034
40,gloomy,0.3462914594690641,2.096802888108394e-68,2394,0.19092144216391038,0.36096322086367166
40,melancholy,-0.43817462280614405,6.855240585486872e-113,2394,0.017365907670285757,-0.42193692782134357
40,miserable,0.6949595855232007,0.0,2394,0.3294836904171681,0.6889082329645113
40,dispirited,-0.07014330648937057,0.0005937655386116566,2394,0.05580892011345203,-0.05451333167046563
40,listless,0.08032556153636566,8.336418449266318e-05,2394,0.16604531961122695,0.07665878446865533
40,weary,0.7076710533083047,0.0,2394,0.26470377308753135,0.6872987903645154
40,worn out,0.7468048912176735,0.0,2394,0.31281546449245884,0.7164717856872268
40,tired,0.7327725404227177,0.0,2394,0.2583149011639456,0.6915403676529327
40,resigned,-0.2843185924494613,9.421185464291985e-46,2394,0.05712813546919556,-0.24653270136054195
40,lonely,-0.5462501132436944,2.5458971502659703e-186,2394,-0.11648262042724097,-0.5353208846695212
40,heartbroken,0.4601277990331913,9.559546643583296e-126,2394,0.3461759698455145,0.4400435273407613
40,grief-stricken,0.7027659620277437,0.0,2394,0.35203472156762117,0.6677999587479378
40,worthless,-0.014788173994198291,0.46954159449683064,2394,0.14577009539618074,0.0373865947007709
40,self-critical,-0.4525394401830065,3.3974862829811885e-121,2394,-0.24155489484120662,-0.4187526868476384
40,ashamed,-0.6697196457010156,0.0,2394,-0.17574864166194143,-0.6141207805256425
40,guilty,-0.6458244278766047,1.1541645776301104e-282,2394,-0.23314907217348851,-0.5965684431598932
40,humiliated,-0.6696120245406015,0.0,2394,-0.15179689275966574,-0.6188682157360962
40,embarrassed,-0.7244097627600775,0.0,2394,-0.25216500624703897,-0.6913211803465199
40,regretful,-0.6883920202064366,0.0,2394,-0.23512349454526393,-0.6380220668860096
40,sorry,-0.6961270831510803,0.0,2394,-0.22491519507324004,-0.6417624760643419
40,desperate,0.6784333727767654,0.0,2394,0.24550419417677405,0.6811442632861954
40,panicked,0.6325045471559677,1.0626655668998225e-267,2394,0.15048312245835632,0.5869493273225334
40,hysterical,0.7126351831724159,0.0,2394,0.21715666445797932,0.6632535746084971
40,overwhelmed,0.7112251349806752,0.0,2394,0.2641143437418118,0.6653382072515068
40,distressed,0.6598471899691938,2.995517312262914e-299,2394,0.26239468090562135,0.6381521371757805
40,tormented,0.6769547430247261,0.0,2394,0.3115349774397324,0.6593524513068159
40,trapped,0.16158670467408798,1.800092886482554e-15,2394,0.2500294447690284,0.18131750407515992
40,stuck,-0.518145548946996,1.3055547128220979e-164,2394,0.06155061228482326,-0.4831214854608826
40,frustrated,0.3466403280362515,1.5080987776796586e-68,2394,-0.08528896225792712,0.3135254941212525
40,exasperated,0.5762771536587169,6.456767024156432e-212,2394,0.11679325740335234,0.5266943926155858
40,angry,0.587472959998309,3.707286960670352e-222,2394,0.16817387389991414,0.5582655406711476
40,anxious,0.32172432067982726,8.909146493145357e-59,2394,-0.08182889773870447,0.30060783047052825
40,afraid,0.5217261732687416,2.899250632840551e-167,2394,0.07204798219097057,0.4902508245190508
40,nervous,0.047489320837017096,0.020142670109997173,2394,-0.16901572755578903,0.04772508179783388
40,stressed,0.36872914788144384,5.475600181454431e-78,2394,-0.030856605226608144,0.34768408726228395
40,calm,-0.662002989093678,7.028059085102979e-302,2394,-0.27587398946925373,-0.6622503990195251
40,self-confident,-0.7318841744093411,0.0,2394,-0.30738424974160095,-0.7100891736779011
40,content,-0.6521516850016089,4.874693265265747e-290,2394,-0.24786887186273024,-0.6619599580461742
40,happy,-0.7191242568040056,0.0,2394,-0.2850670793784821,-0.7188997250809612
40,hopeful,-0.7423723629799529,0.0,2394,-0.2751094668483274,-0.720147839305915
40,clinical_depression,-0.01349035131951207,0.5094154252558977,2394,0.27178794262949185,-0.0020296387958648387
40,acute_grief,-0.3800776339027021,3.904795923966465e-83,2394,0.14631814631538043,-0.38456593940649125
40,burnout_exhaustion,-0.21336807235602354,4.7595252717896065e-26,2394,0.12244945820614644,-0.19610736467652023
40,physical_illness_fatigue,-0.334585592140403,1.0451619230282725e-63,2394,0.12383973560113763,-0.3446915087010294
40,anxiety_panic,0.47286667472677085,1.1953714722523042e-133,2394,0.03336127013642228,0.47153526936297413
40,frustration_blocked_goal,0.12903854591266345,2.3446975524604147e-10,2394,-0.2523167363067476,0.12428798696424803
40,pain_axis,-0.027635360146125377,0.17646835608031133,2394,0.1335927831409604,0.03119200940477108
42,depressed,0.6370373013090441,1.0401272591752598e-272,2394,0.3277260842461878,0.6259929607038501
42,sad,0.1272349645618477,4.1687811547532113e-10,2394,0.25014204346530916,0.10629605098912995
42,gloomy,0.6051929928760897,3.2899337795083284e-239,2394,0.21920873624166026,0.6099070539275631
42,melancholy,-0.3834232264380261,1.0831507200242863e-84,2394,0.057317950461816675,-0.3791031133329875
42,miserable,0.7309648059099526,0.0,2394,0.33915286823658747,0.7168028873459168
42,dispirited,0.40253243828105406,6.117385916101769e-94,2394,0.08008817574367659,0.41994334757669344
42,listless,0.07417451493607868,0.0002808429588304753,2394,0.19911369579081084,0.08943122859067042
42,weary,0.6319085488042652,4.7735297613856634e-267,2394,0.28455612792867013,0.6212727451351894
42,worn out,0.7294504362261107,0.0,2394,0.32698671037516613,0.7108913605891483
42,tired,0.7241433194249836,0.0,2394,0.3013835821369558,0.702572694865019
42,resigned,-0.01591420925961901,0.4363914015497725,2394,0.12337758271390617,0.012707122554143017
42,lonely,-0.5586547536912995,1.4090164551906007e-196,2394,-0.12304277536214467,-0.5457580831281186
42,heartbroken,0.6174902772386089,1.0880339028666568e-251,2394,0.2757662627913935,0.5769803498358542
42,grief-stricken,0.7168434228725958,0.0,2394,0.3264791202114915,0.6732526246195913
42,worthless,0.43428125028405773,1.0444778335228106e-110,2394,0.1988171607164389,0.4753794964329074
42,self-critical,-0.42286184990309783,1.8144214973004443e-104,2394,-0.24838118447407614,-0.38854533304354605
42,ashamed,-0.635096940146031,1.4850298830714632e-270,2394,-0.19643569595178506,-0.5867655789351706
42,guilty,-0.5662417037984618,4.5561278939645984e-203,2394,-0.2347453801920257,-0.5281046272696289
42,humiliated,-0.6916094328309402,0.0,2394,-0.17992342897307484,-0.6457653176270463
42,embarrassed,-0.7154788171335077,0.0,2394,-0.2530604850719142,-0.6809361842288998
42,regretful,-0.6585767775523361,1.0373407237827088e-297,2394,-0.2496998800848507,-0.6247102332998349
42,sorry,-0.5496498652354378,4.340404792086322e-189,2394,-0.21247287729234288,-0.5161619479765298
42,desperate,0.711691454581825,0.0,2394,0.2958066829914388,0.7067588910581528
42,panicked,0.6635984190638788,7.701670055765797e-304,2394,0.17752492288700975,0.6200428081934307
42,hysterical,0.7316408917728514,0.0,2394,0.21820292194545957,0.684350152679073
42,overwhelmed,0.7298491349420966,0.0,2394,0.2639263679988307,0.7031802639563376
42,distressed,0.6826788938820529,0.0,2394,0.3042652249413166,0.6564260915823591
42,tormented,0.649876665305716,2.2897544691181113e-287,2394,0.2982942781405411,0.6233976676669417
42,trapped,0.045549309895859355,0.02583699852660525,2394,0.19692825330794794,0.06203891652990015
42,stuck,-0.363960851339743,6.918944333896206e-76,2394,0.027894503489385523,-0.3045981819004283
42,frustrated,0.23122123788539917,2.0218667195302994e-30,2394,-0.1636140957592322,0.20955152211626923
42,exasperated,0.5115181426512739,8.795460040318959e-160,2394,0.030803371255415962,0.47294869531083683
42,angry,0.48408906738967256,6.799791512316915e-141,2394,0.07027724380036461,0.44731091068026924
42,anxious,0.008411390200572107,0.6808164959994334,2394,-0.18513660585760627,0.004385582872608314
42,afraid,-0.045862575123200966,0.024832613979689364,2394,0.059641964666918075,-0.05686608264229198
42,nervous,-0.281116021441137,1.0029310147925093e-44,2394,-0.23325171650950416,-0.26234619519891783
42,stressed,0.22125624016406978,6.208805182927122e-28,2394,-0.06553895515726545,0.21184815194877216
42,calm,-0.6660213754466048,7.696457893636926e-307,2394,-0.2668829162142301,-0.6687559545178882
42,self-confident,-0.7186455095320035,0.0,2394,-0.3017799800668964,-0.7130008810242514
42,content,-0.6679085316365249,3.38680889884005e-309,2394,-0.23139115565290552,-0.6842775339204813
42,happy,-0.724020837820164,0.0,2394,-0.2746051637881176,-0.7326484849738898
42,hopeful,-0.7483776929518713,0.0,2394,-0.3011734712751528,-0.7301010432385159
42,clinical_depression,0.07662943767004958,0.00017478261603107916,2394,0.31229717043919203,0.0857814401528331
42,acute_grief,-0.2723422383682457,5.576633934706624e-42,2394,0.16733967977363665,-0.2955113610718642
42,burnout_exhaustion,0.017445325635286335,0.3935522380801172,2394,0.21694953968087405,0.027256580492156197
42,physical_illness_fatigue,-0.2574785560036474,1.4788431382304911e-37,2394,0.10724320116124839,-0.2451204330822259
42,anxiety_panic,-0.24170837576796214,3.6138182479379344e-33,2394,-0.04452384781911907,-0.20629430519629713
42,frustration_blocked_goal,0.0819363546215858,5.977918957294748e-05,2394,-0.2650793744910429,0.07690232999343186
42,pain_axis,-0.2220217460152864,4.03805724757389e-28,2394,0.08797324047596804,-0.15586661070762248
44,depressed,0.4671884697732719,4.380870635186034e-130,2394,0.3199676385027642,0.4551974955022878
44,sad,0.12072172933364972,3.116663334058998e-09,2394,0.20650923793706366,0.11304424389452292
44,gloomy,-0.08013894210074328,8.660502213048534e-05,2394,0.12936377050838277,-0.04021493385191795
44,melancholy,-0.37746359813116637,6.243566085671701e-82,2394,0.01682874880309535,-0.3610217748316886
44,miserable,0.6297329659595481,1.1177722745816764e-264,2394,0.3216222900443758,0.6210963510948074
44,dispirited,-0.3705976196970921,8.038057020639229e-79,2394,0.022477713975823554,-0.3307560124791847
44,listless,-0.23442078593151422,3.0315894162563796e-31,2394,0.17565632876622095,-0.2114873330177374
44,weary,0.2645405245686814,1.26904432167838e-39,2394,0.2504225509588236,0.2717847554779735
44,worn out,0.6980392585311236,0.0,2394,0.31654922164398575,0.677840627775857
44,tired,0.6733819863267136,0.0,2394,0.254186897075497,0.6496443857008402
44,resigned,-0.4109451894125919,3.297606143097131e-98,2394,-0.00600441255745212,-0.35949646520559025
44,lonely,-0.5780047038746966,1.8015338905863623e-213,2394,-0.17849652079666184,-0.5586428045117126
44,heartbroken,0.666297933011024,3.483656128365491e-307,2394,0.3374469995092058,0.6316950898327254
44,grief-stricken,0.723414313772822,0.0,2394,0.3340256453252729,0.6823646854439085
44,worthless,-0.27943728738008095,3.422128282065349e-44,2394,0.07268101895333234,-0.22572302226877958
44,self-critical,-0.5766834026996448,2.788207657148037e-212,2394,-0.23285346885973773,-0.5379249425807389
44,ashamed,-0.5956543201124743,6.735467578304629e-230,2394,-0.19169194287636124,-0.5445781747122291
44,guilty,-0.5125478212665636,1.5887800837616577e-160,2394,-0.25458664593953356,-0.46221388277272946
44,humiliated,-0.6808112752877454,0.0,2394,-0.2006293259615619,-0.6383275709698574
44,embarrassed,-0.6721552347587522,0.0,2394,-0.2384400941688052,-0.6397046349319034
44,regretful,-0.6784115333993519,0.0,2394,-0.24350396077623915,-0.6346567814169485
44,sorry,-0.6239089037856925,1.9922677023002258e-258,2394,-0.27080161424512805,-0.5815294121707075
44,desperate,0.7002624767138873,0.0,2394,0.27971666478497353,0.6843926432380394
44,panicked,0.6473641777496428,1.922670582606698e-284,2394,0.19451851913113882,0.6027089131137092
44,hysterical,0.7146531210211542,0.0,2394,0.23880612982424296,0.6667482362617767
44,overwhelmed,0.7269440793356057,0.0,2394,0.2879588318053204,0.6856219380015308
44,distressed,0.6753262581174564,0.0,2394,0.2661674084260054,0.6353585516912875
44,tormented,0.6865748678256646,0.0,2394,0.2978592146744453,0.657486693728061
44,trapped,0.181805373670775,3.0849128320593295e-19,2394,0.25897075750296894,0.17275871754511882
44,stuck,-0.3964044725330245,6.5928310017282e-91,2394,0.09461194479847831,-0.35889919342692117
44,frustrated,0.23140104256369085,1.8187446063951847e-30,2394,-0.1445759479514692,0.20521333875783326
44,exasperated,0.5072642287891815,9.721316047335184e-157,2394,0.07712727850274674,0.4646556768136605
44,angry,0.5737191005291303,1.243543017043093e-209,2394,0.10183587979537106,0.5321240415182844
44,anxious,0.3096694876268351,2.2781459502036238e-54,2394,-0.07059479015516867,0.292750268525347
44,afraid,0.5842591192592244,3.5456870384415427e-219,2394,0.11910952170824815,0.5447834705455993
44,nervous,0.007076527587094895,0.7292919734428912,2394,-0.18575218004021174,0.012557294540817074
44,stressed,0.37370141592942663,3.226373419548673e-80,2394,-0.026204845086176362,0.3448970814175345
44,calm,-0.7017354657244697,0.0,2394,-0.2928732911230848,-0.6927966495654738
44,self-confident,-0.727424341823539,0.0,2394,-0.2703927648805068,-0.7064424260274565
44,content,-0.6755748018851214,0.0,2394,-0.23255777517390758,-0.6754944543595663
44,happy,-0.7082474223535722,0.0,2394,-0.24584563522411518,-0.7048305596506511
44,hopeful,-0.7277872186250377,0.0,2394,-0.2603030378536847,-0.7097287878230587
44,clinical_depression,0.023189987461118246,0.25670576664195466,2394,0.2705128714663402,0.032503857327776685
44,acute_grief,-0.19318302239280452,1.4674699903157334e-21,2394,0.2398001144908244,-0.20223928225732576
44,burnout_exhaustion,-0.11501824000361406,1.666557313670661e-08,2394,0.20945011878655465,-0.10226105005993665
44,physical_illness_fatigue,-0.4515659291325966,1.2784223915974557e-120,2394,0.07246828292394888,-0.4343795170441805
44,anxiety_panic,0.5652417030463616,3.339829367720782e-202,2394,0.10802059540336095,0.5522782462123087
44,frustration_blocked_goal,0.009392901178175867,0.6459822327822397,2394,-0.27955303059750186,0.006796162932129746
44,pain_axis,-0.2688895743560714,6.297713394342155e-41,2394,0.09157336020185163,-0.20267691329911344
46,depressed,0.4874194532897477,4.265217573800331e-143,2394,0.30811974483438376,0.475628213610759
46,sad,0.40761580163077754,1.667729437445742e-96,2394,0.24324559013055502,0.382538191342456
46,gloomy,0.42859750167075705,1.4278394090453837e-107,2394,0.2097107300622776,0.44168801241998734
46,melancholy,-0.34864174082266014,2.2583591713329132e-69,2394,0.07193631051140795,-0.3455661120792513
46,miserable,0.6295914822355376,1.5914526789103423e-264,2394,0.3278885291190435,0.6234575929949037
46,dispirited,0.030377526869384944,0.13730714720470324,2394,0.10131310454483781,0.047478174561858
46,listless,-0.0125702657241545,0.5387214459805276,2394,0.22797035242887098,-0.0069599862031638335
46,weary,0.5796118187517749,6.327939086176946e-215,2394,0.25571501349768855,0.5668187611969839
46,worn out,0.7148064213422879,0.0,2394,0.29462343611157804,0.691778394634249
46,tired,0.7192469733245109,0.0,2394,0.2683209976938718,0.6898701797453133
46,resigned,-0.21238998576226084,8.055469461117642e-26,2394,0.08820605032839192,-0.1779897983809204
46,lonely,-0.5272825613666383,1.9104555249235415e-171,2394,-0.130430251503328,-0.5253834188194004
46,heartbroken,0.4919577017063021,3.881984033572623e-146,2394,0.31881556140215783,0.465471283890006
46,grief-stricken,0.703455168148535,0.0,2394,0.325726600865587,0.6648580292970271
46,worthless,-0.2828582924154292,2.78066800153599e-45,2394,0.13109125853670822,-0.23287002499211876
46,self-critical,-0.5030779830028848,8.72909525845821e-154,2394,-0.24230213010458873,-0.4700665088156381
46,ashamed,-0.6226995473980281,3.808704187301535e-257,2394,-0.23330548436166956,-0.5793964691496026
46,guilty,-0.5016184823161131,9.140217615141275e-153,2394,-0.2632106071528535,-0.46171231404742946
46,humiliated,-0.6720980955780466,0.0,2394,-0.17855697138717805,-0.6321810520348918
46,embarrassed,-0.5898438394508356,2.2318845692098564e-224,2394,-0.2377462965244327,-0.5682793617152477
46,regretful,-0.6876448720879997,0.0,2394,-0.2773828132073517,-0.6491431802105555
46,sorry,-0.4098765596017314,1.1673961510545043e-97,2394,-0.2597734503153257,-0.37620853032285767
46,desperate,0.6824658113148936,0.0,2394,0.2694669410239585,0.6863611297975031
46,panicked,0.6564496685125307,3.773448512695414e-295,2394,0.1787393249967918,0.6219322781874691
46,hysterical,0.7022726830851328,0.0,2394,0.2317162202177701,0.660615929602539
46,overwhelmed,0.7066182127196989,0.0,2394,0.2687927757693324,0.6639335854980121
46,distressed,0.6915271037422321,0.0,2394,0.2856174005454491,0.6661996850711724
46,tormented,0.6243497605851552,6.773485795468283e-259,2394,0.29125391357978475,0.6052486026577321
46,trapped,-0.10017417778181713,9.053372020657041e-07,2394,0.14704680143286386,-0.08682356805553966
46,stuck,-0.5199446105383292,6.11682643439201e-166,2394,0.06935093919642987,-0.4891166115589541
46,frustrated,0.24220623005416422,2.6556223492213354e-33,2394,-0.14172753667153642,0.22655798945517422
46,exasperated,0.48837353744104706,9.873059572753996e-144,2394,0.03349075024029309,0.4550300057766532
46,angry,0.49323999969512056,5.266193254940502e-147,2394,0.05200827137606415,0.47749224293059417
46,anxious,0.36880951092742015,5.043195633329271e-78,2394,-0.07709553479043554,0.3509852216929777
46,afraid,0.6080803535783934,4.324761586133956e-242,2394,0.07940000815281,0.579421274864337
46,nervous,0.15755475002075245,8.948841254462388e-15,2394,-0.17480792372166082,0.1551810173112566
46,stressed,0.30399930505397543,2.2949304005812206e-52,2394,-0.08099804942396605,0.28774092549666846
46,calm,-0.683939475144926,0.0,2394,-0.2886191554384764,-0.6829324704156562
46,self-confident,-0.7299406940173624,0.0,2394,-0.2936552062111446,-0.7083168651618489
46,content,-0.6690641411589081,1.1972395403976e-310,2394,-0.2217980065704489,-0.675282509125259
46,happy,-0.7201227435570202,0.0,2394,-0.236195905358323,-0.7137997008202605
46,hopeful,-0.7413389200746784,0.0,2394,-0.254153989650229,-0.7199929364692241
46,clinical_depression,0.05841821444929158,0.004246226972863967,2394,0.2866035643867518,0.06466539669115529
46,acute_grief,-0.26441215157738396,1.3855040021391459e-39,2394,0.1807529508988338,-0.2752166237103495
46,burnout_exhaustion,-0.09564533667161622,2.7576480318884773e-06,2394,0.18169872783594634,-0.08783518081636366
46,physical_illness_fatigue,-0.37570282048991643,3.9820745895278097e-81,2394,0.12340814295975855,-0.3691317878519937
46,anxiety_panic,0.3439431400482784,1.9065454961931134e-67,2394,0.03880856793126642,0.34311234835263316
46,frustration_blocked_goal,0.06256014044610132,0.002195872182646066,2394,-0.26669601781962815,0.06192012213964776
46,pain_axis,-0.26846164715137344,8.483943458485062e-41,2394,0.0491222138144581,-0.20287091552200423
48,depressed,0.4352303671785922,3.0859750660928524e-111,2394,0.3415076325704589,0.4226435034567781
48,sad,0.30263981724183553,6.830868384807505e-52,2394,0.2320512582732194,0.2773760450924534
48,gloomy,0.053502234892385016,0.008837081248202762,2394,0.16492730810204953,0.07663232917365487
48,melancholy,-0.42011542680186065,5.295206370768057e-103,2394,0.04119073970990892,-0.41727745624251694
48,miserable,0.525198945536656,7.213863926227544e-170,2394,0.33595850278931527,0.5198604295081863
48,dispirited,-0.2969392911334493,6.213132155961236e-50,2394,0.08943782543712325,-0.2696757033875478
48,listless,-0.19076408407799678,4.7074769859584424e-21,2394,0.19975488899871133,-0.1740127337716581
48,weary,0.21160001499526418,1.2298159119962336e-25,2394,0.22065501597545115,0.21959708436026606
48,worn out,0.6832623109660673,0.0,2394,0.3110756946248995,0.6615256549254962
48,tired,0.6872558423803828,0.0,2394,0.2135931785693616,0.6638785368892346
48,resigned,-0.5020737156029,4.3988936786193706e-153,2394,-0.027535240854324662,-0.4606374173607282
48,lonely,-0.5636699542940873,7.542455095788921e-201,2394,-0.13836824597974717,-0.5575481616058745
48,heartbroken,0.5420652909221088,5.888318209853478e-183,2394,0.3464158365135399,0.5132346417238026
48,grief-stricken,0.6855700221862885,0.0,2394,0.34372914761515977,0.6486750650009465
48,worthless,-0.1818484040646933,3.025079237178807e-19,2394,0.14797136854737075,-0.13033489942521925
48,self-critical,-0.32433010395311734,9.3338115854666e-60,2394,-0.24119328874937884,-0.2940560366085028
48,ashamed,-0.4725614083498618,1.8656372653513126e-133,2394,-0.23685896176125715,-0.42748281088845347
48,guilty,-0.45114556381589505,2.2625934480235805e-120,2394,-0.26012699729468053,-0.4053904748256371
48,humiliated,-0.4479517360614212,1.686552843243544e-118,2394,-0.2208107167459384,-0.41699527347903215
48,embarrassed,-0.45883960919959027,5.768981450790073e-125,2394,-0.26496767675718863,-0.43990957782362516
48,regretful,-0.6650743533785619,1.1543316564456959e-305,2394,-0.24413282285852175,-0.6245510128222878
48,sorry,-0.3614451658949917,8.600046915698763e-75,2394,-0.28143292088381117,-0.3308208588479324
48,desperate,0.6910231944247199,0.0,2394,0.2700698411211313,0.6768603122614096
48,panicked,0.6540354181870306,2.871433371059939e-292,2394,0.16637986063210114,0.6160863523178849
48,hysterical,0.698018888584848,0.0,2394,0.23668857575032548,0.6549989602569334
48,overwhelmed,0.7054194790173266,0.0,2394,0.22796462793252806,0.6605948583318266
48,distressed,0.6875057989711714,0.0,2394,0.28305326063454683,0.6526326997811788
48,tormented,0.6473811451655038,1.837598070443161e-284,2394,0.31137623644625567,0.6256117807267169
48,trapped,0.06559312524625553,0.0013220178542959992,2394,0.2479322791727933,0.0741675922601049
48,stuck,-0.45481213930826786,1.5145685091271909e-122,2394,0.10980910012237621,-0.4223042601973696
48,frustrated,0.2770268108321835,1.964249548484325e-43,2394,-0.11068954719843735,0.25759504375060216
48,exasperated,0.47714649522599084,2.21995924446096e-136,2394,0.07727879644855856,0.43872434385555903
48,angry,0.5565718416408142,7.971594556436857e-195,2394,0.11446554920625199,0.533111643749782
48,anxious,0.3768547028806429,1.186484766123914e-81,2394,-0.06903405598889716,0.36112045190766795
48,afraid,0.5982423399643697,2.152989574071755e-232,2394,0.04088350439724199,0.5740049274847409
48,nervous,0.09414460312695082,3.946097095150733e-06,2394,-0.1840226803286292,0.09907142899630769
48,stressed,0.37042473191352043,9.604738951792791e-79,2394,-0.044448489804688324,0.3474860146669747
48,calm,-0.6920348019177942,0.0,2394,-0.2656584033378518,-0.6841818519250331
48,self-confident,-0.7279915336538642,0.0,2394,-0.2514593059332145,-0.6979610021359991
48,content,-0.6589946342541609,3.2389505614945912e-298,2394,-0.20592938341224326,-0.6629847725094841
48,happy,-0.7131580316257213,0.0,2394,-0.24125309026619246,-0.7100811652195146
48,hopeful,-0.7260432102540458,0.0,2394,-0.23908089904846827,-0.7130065835796958
48,clinical_depression,0.08272473981421671,5.068788769278694e-05,2394,0.3033138945345779,0.08828746500595779
48,acute_grief,-0.17311616957218035,1.458724301106247e-17,2394,0.19636170920525806,-0.18218080738197331
48,burnout_exhaustion,-0.2190067278944569,2.1776505609155675e-27,2394,0.1438824800749976,-0.20860257743099933
48,physical_illness_fatigue,-0.40137038946696,2.3256407443657664e-93,2394,0.10183989347296427,-0.3874567735407051
48,anxiety_panic,0.5866267014089264,2.275901678655753e-221,2394,0.07158360120884018,0.5725408570929685
48,frustration_blocked_goal,-0.0008383341040826801,0.9672982626941965,2394,-0.2872939588437515,-0.00021072785076275017
48,pain_axis,-0.3389960878047415,1.8750183722301182e-65,2394,0.06719830378244837,-0.27132610957520586
50,depressed,0.449244447765039,2.961759610034925e-119,2394,0.24339797340256925,0.4511422729023352
50,sad,0.31409097941973757,5.81550053134566e-56,2394,0.22894630600647642,0.29298107086921366
50,gloomy,0.5264929566042444,7.586870584303375e-171,2394,0.09324481486569097,0.5284399261223054
50,melancholy,-0.31838390540332673,1.5549539327756552e-57,2394,0.004515292553371242,-0.31914772332488184
50,miserable,0.5171016951350799,7.645579454348208e-164,2394,0.28762891352119857,0.5120678061412134
50,dispirited,0.27757113214038936,1.325838298182043e-43,2394,0.030306688517486854,0.28217815827398834
50,listless,-0.3127625592723562,1.7622298108563493e-55,2394,-0.0161872605893648,-0.27589119733633255
50,weary,0.5855763431901705,2.1482860680791924e-220,2394,0.18492824486798984,0.5757877037372389
50,worn out,0.7036969672453358,0.0,2394,0.24620383844989344,0.6851716547626975
50,tired,0.6069016663576905,6.54226185982146e-241,2394,0.06211134491694197,0.5926633013605638
50,resigned,-0.12132682545864493,2.5967009894963504e-09,2394,0.038840642656070554,-0.0827160995449718
50,lonely,-0.3506559909870627,3.2943880182426075e-70,2394,-0.1606939803653895,-0.3499672069726505
50,heartbroken,0.4007203113385059,4.897643790023998e-93,2394,0.3173473998700368,0.381596023475141
50,grief-stricken,0.6521433565885275,4.9862095563672855e-290,2394,0.310173196540385,0.6190169164253897
50,worthless,0.3932485093662573,2.270021703864935e-89,2394,0.194027818642423,0.42232639586693094
50,self-critical,-0.2297334550910109,4.8385275411250086e-30,2394,-0.24297509619234348,-0.21290876221652985
50,ashamed,-0.5939450347841095,2.9107364241648235e-228,2394,-0.19903634689121621,-0.5545713628888771
50,guilty,-0.543940647202146,1.854749036594658e-184,2394,-0.18259832539085089,-0.5100344497054835
50,humiliated,-0.6815977694602583,0.0,2394,-0.17736173773515107,-0.6483757340691668
50,embarrassed,-0.5992138238182589,2.4572790285343287e-233,2394,-0.24323808481610673,-0.5797747007700128
50,regretful,-0.6917121967737795,0.0,2394,-0.19944415555839293,-0.6616600263654279
50,sorry,-0.6103264632563887,2.3659159764629446e-244,2394,-0.17519774410252836,-0.5841064580055885
50,desperate,0.6652445574911955,7.100440093179582e-306,2394,0.25879218949252064,0.6585105682622429
50,panicked,0.599335113886126,1.8730300818173163e-233,2394,0.08358806492166054,0.5744551992985547
50,hysterical,0.6798092854709071,0.0,2394,0.15357284140761185,0.656457997406911
50,overwhelmed,0.5149610094492342,2.8135484220473466e-162,2394,0.13311371219515583,0.4901121020154517
50,distressed,0.6422035305985577,1.5994473479017517e-278,2394,0.2831593200041949,0.6221589706063613
50,tormented,0.5873937821823557,4.394314077615853e-222,2394,0.271000184506727,0.5748779263839096
50,trapped,0.09903026761926707,1.2050149687498463e-06,2394,0.1756431653612274,0.10207285444416964
50,stuck,-0.19332487488874814,1.3698540466540432e-21,2394,0.09206686541436707,-0.17300150394619593
50,frustrated,0.024271732453148887,0.2351745420990151,2394,-0.16220605083401798,0.016664084521999727
50,exasperated,0.39457508028462357,5.152635384356942e-90,2394,-0.0008405642484560771,0.355709228137741
50,angry,-0.04358670542731863,0.03296308716742142,2394,0.08351003122073249,-0.050475194277072366
50,anxious,0.00803811480707207,0.6942500536387343,2394,-0.1790309967799778,0.008389861497621607
50,afraid,0.46433570230384713,2.552196636332704e-128,2394,0.05189028204764306,0.44672082640763294
50,nervous,-0.10674807430138247,1.64751030211661e-07,2394,-0.23691447106984617,-0.0954923761792566
50,stressed,0.11514399870459305,1.607442867304684e-08,2394,-0.10419116890138504,0.10915918815817174
50,calm,-0.6019147420129941,5.659656641767763e-236,2394,-0.2016578835867252,-0.6006008916465901
50,self-confident,-0.6438964232668007,1.8818402368908994e-280,2394,-0.16999575894275382,-0.6355688743624137
50,content,-0.4097057512407765,1.4281945582495467e-97,2394,-0.06186396080872589,-0.44104942427167854
50,happy,-0.6380348760856669,8.003728347545699e-274,2394,-0.07774219152533593,-0.6467846126929239
50,hopeful,-0.6692952962169052,6.1239126967745e-311,2394,-0.07313903404162572,-0.6633507664906175
50,clinical_depression,0.08753524976703904,1.7950522406480433e-05,2394,0.24986303111183825,0.09373676732011549
50,acute_grief,0.0008786335163888252,0.965727207602468,2394,0.22909188192903926,-0.008002168553310637
50,burnout_exhaustion,0.028945311846564546,0.15683166028763035,2394,0.22250353374638976,0.02742459155178806
50,physical_illness_fatigue,-0.3983399539113561,7.382016408285612e-92,2394,0.09348499847274172,-0.3781900746925092
50,anxiety_panic,0.2882747449934324,4.858349037633741e-47,2394,0.05693277986569277,0.29822494975650266
50,frustration_blocked_goal,0.001993022505695548,0.9223572802983343,2394,-0.27965186032634043,-0.002150669791992448
50,pain_axis,-0.08060032320383452,7.88004713194949e-05,2394,0.07834104620512941,-0.017820934278634785
52,depressed,0.20512872823931697,3.693337831229185e-24,2394,0.2546147053978808,0.2167082784627634
52,sad,0.3320815675006646,9.95171764144633e-63,2394,0.26368414917873007,0.30965807904631126
52,gloomy,0.22598121509655816,4.2517969280345716e-29,2394,0.05178248788078496,0.2383680741281882
52,melancholy,-0.3757061802748357,3.968064373822347e-81,2394,0.004188907512346851,-0.394099179115315
52,miserable,0.40532091646034857,2.428694237244109e-95,2394,0.31350976142430653,0.4130426137374744
52,dispirited,0.07809136965912782,0.00013090950303395817,2394,0.06501943225754243,0.08227940226157278
52,listless,-0.490655594016846,2.9257527186904424e-145,2394,-0.02863635231706926,-0.4652425395808496
52,weary,0.5718230450766717,5.958012136267462e-208,2394,0.20008582234426026,0.556975145963071
52,worn out,0.6531051118035837,3.641973526788828e-291,2394,0.2297362184977665,0.6480039328397514
52,tired,0.46999177759231114,7.769829926241661e-132,2394,-0.01880916780422639,0.4768590759913758
52,resigned,-0.28720216022685136,1.0905374615951887e-46,2394,-0.07632810371552921,-0.2730460673600338
52,lonely,-0.5537745478526397,1.7211239331375653e-192,2394,-0.1551989111767289,-0.5752147983042804
52,heartbroken,0.489248231917705,2.5708018953005464e-144,2394,0.3044075434490916,0.4691299089692192
52,grief-stricken,0.6397174102198254,1.0359907716222832e-275,2394,0.3206722242627297,0.6100259512207877
52,worthless,0.3007410168922816,3.103614464592007e-51,2394,0.12225069657809201,0.3194383914201799
52,self-critical,-0.44795527923812906,1.678548169911251e-118,2394,-0.23728671428180156,-0.42785455292778063
52,ashamed,-0.5194290649384821,1.473206159852326e-165,2394,-0.2376998561984628,-0.48681000087943616
52,guilty,-0.3929702337867304,3.0956217554813232e-89,2394,-0.23299934014887036,-0.36750192157465084
52,humiliated,-0.5047456132221932,5.880945588337493e-155,2394,-0.2642937876594698,-0.4763806754938518
52,embarrassed,-0.5633149004632824,1.5216780883654108e-200,2394,-0.28634562936988156,-0.5421958628717201
52,regretful,-0.665570333461452,2.7986480356444444e-306,2394,-0.17346486980023718,-0.6448219497083668
52,sorry,-0.6225598686421677,5.35078431158673e-257,2394,-0.19188629139196411,-0.5918867552956927
52,desperate,0.64068650241038,8.367124502736118e-277,2394,0.2459777148091005,0.6466732642138496
52,panicked,0.6475995703174517,1.0259436429329946e-284,2394,0.1597151289645542,0.6524112144591314
52,hysterical,0.6886570759225624,0.0,2394,0.20095606404848634,0.6743206368380623
52,overwhelmed,0.3778596997007317,4.1089096222409e-82,2394,0.08430004341368932,0.40028001428361154
52,distressed,0.6028479244545342,6.848246318605445e-237,2394,0.2561235552395879,0.6118645668796032
52,tormented,0.574760429963025,1.4691433816942749e-210,2394,0.28035737815090983,0.5702321266315782
52,trapped,0.11541529282099823,1.4867667268339653e-08,2394,0.15593716339999547,0.09931543916282723
52,stuck,-0.11372580246287103,2.4101782537290468e-08,2394,0.17273420904271175,-0.1359304947396679
52,frustrated,0.1717367169646379,2.6425190103379737e-17,2394,-0.1535798486539797,0.16382118176022706
52,exasperated,0.45578071792580777,3.994430575040387e-123,2394,0.07953453111773945,0.42582494624610645
52,angry,0.330135173432023,5.65408748270265e-62,2394,0.09228538329327504,0.31277760022502765
52,anxious,0.024299727672905516,0.23463481398077374,2394,-0.12264492512768142,0.05142504099259535
52,afraid,0.3759075712618185,3.212137146955215e-81,2394,0.019935647717646054,0.40920394263478244
52,nervous,-0.16787240391728056,1.3599839435334972e-16,2394,-0.16370018192897928,-0.13762182825384073
52,stressed,0.12657392007892146,5.137362772796632e-10,2394,-0.053155012156440126,0.14996552567111815
52,calm,-0.5856292294769017,1.9190601265369657e-220,2394,-0.19492121138873975,-0.6024129744302059
52,self-confident,-0.5665163239289598,2.63326731526076e-203,2394,-0.17880487756757418,-0.5864983168631792
52,content,-0.24839049470215563,5.451955659199043e-35,2394,-0.023865987864124888,-0.3030043565911438
52,happy,-0.43285701131121745,6.461143824962201e-110,2394,-0.07419685043153529,-0.47558267627517925
52,hopeful,-0.47094811432617684,1.94656520655501e-132,2394,0.015580236874070758,-0.4952956328201002
52,clinical_depression,0.06060713665760036,0.0030111635234018985,2394,0.2583559878264015,0.060338125521967455
52,acute_grief,0.11352686041445385,2.5500974263520043e-08,2394,0.2519683560468146,0.09704821455835218
52,burnout_exhaustion,-0.08288588124660752,4.8998494492955834e-05,2394,0.1921912940507154,-0.08645910995082612
52,physical_illness_fatigue,-0.4297178342874202,3.477944414403662e-108,2394,0.0792264350614624,-0.40526645571474457
52,anxiety_panic,0.12031247899937102,3.524373659045086e-09,2394,0.08392768492311722,0.14544631722858406
52,frustration_blocked_goal,0.030067556434753402,0.14136545238930062,2394,-0.28951002974593143,0.028709321684120513
52,pain_axis,0.11310651163072018,2.872119933383155e-08,2394,0.0547040466279913,0.16496582348232
54,depressed,0.17132440269867572,3.153061297716282e-17,2394,0.21554252342857333,0.17530616468072902
54,sad,0.21271850686563523,6.752412381974268e-26,2394,0.22969877004999212,0.1934386839777233
54,gloomy,0.38019516238766915,3.445193046023301e-83,2394,0.05602276389183587,0.38032478270191517
54,melancholy,-0.3921913200021975,7.364512019837012e-89,2394,0.028682312624963305,-0.40606560595766256
54,miserable,0.4016340303451891,1.7185524555708126e-93,2394,0.2558457600263804,0.4039199841447538
54,dispirited,0.1830173994347117,1.773567651124053e-19,2394,0.04315843140350287,0.19090808669228207
54,listless,-0.27294956026054096,3.627336517590184e-42,2394,-0.02612966161782375,-0.2542425734352453
54,weary,0.5800736875455081,2.4087253289663664e-215,2394,0.13211919022791863,0.5630776015799855
54,worn out,0.6540052424900878,3.1184953217648675e-292,2394,0.17139566728255237,0.643380531037502
54,tired,0.5455170846170401,9.966897389244673e-186,2394,-0.021104741375707736,0.5382488308685718
54,resigned,-0.09673188535034884,2.120382772012324e-06,2394,-0.0446452114326894,-0.07260200967318088
54,lonely,-0.5941385734416224,1.9023778454734684e-228,2394,-0.16981130153207374,-0.6032053659602592
54,heartbroken,0.47088472364522377,2.1339037427539983e-132,2394,0.27004806662162995,0.44026751821190907
54,grief-stricken,0.5437939639624458,2.432685961821282e-184,2394,0.29231090821069095,0.5134672512139425
54,worthless,0.11562216321166628,1.4007042718118847e-08,2394,0.08657930149622209,0.15385267811157294
54,self-critical,-0.37739558415993535,6.708226983974385e-82,2394,-0.2492081801161635,-0.3558200114140125
54,ashamed,-0.5321988841906728,3.2820922524323777e-175,2394,-0.2105089518248923,-0.4993608207766106
54,guilty,-0.4483216864115545,1.025976430972443e-118,2394,-0.2055097619686172,-0.4228299144447474
54,humiliated,-0.5563882132022163,1.1362149206903266e-194,2394,-0.20932493340881508,-0.5245015637955394
54,embarrassed,-0.5369838994879891,6.187824805635334e-179,2394,-0.2404054329556068,-0.5114917169147389
54,regretful,-0.6562666836503105,6.25258558026845e-295,2394,-0.1801924156401417,-0.6379108712363489
54,sorry,-0.6088327171471922,7.591198943535938e-243,2394,-0.18561981928209453,-0.5826588091616293
54,desperate,0.6329188903927218,3.7322197743379745e-268,2394,0.19947201874388915,0.6452320496755175
54,panicked,0.6303667747730215,2.2908803887156997e-265,2394,0.15232761633295822,0.628137174120369
54,hysterical,0.6753664440721612,0.0,2394,0.20327905590873163,0.6571636775884727
54,overwhelmed,0.20037719132958823,4.1793667827811006e-23,2394,0.03487255047607963,0.22039412320616483
54,distressed,0.5704244412449578,1.0177603633086277e-206,2394,0.2752620247598746,0.5748160828707471
54,tormented,0.56934665891396,8.983027025633698e-206,2394,0.2871518696527553,0.5596740832436786
54,trapped,0.16703400157331835,1.9306351677313608e-16,2394,0.20634952295361927,0.14902545720512456
54,stuck,-0.051495989358457984,0.011736197078174374,2394,0.17249116313837054,-0.07056154402406413
54,frustrated,0.20045450669799963,4.019534056248655e-23,2394,-0.15239303893144696,0.1902184404879572
54,exasperated,0.4815234983707043,3.2560715074058395e-139,2394,0.01829877282711251,0.4556290916867132
54,angry,0.23646170313611797,8.90204400075491e-32,2394,0.09733074987006826,0.22658131176987872
54,anxious,0.0023427635468105477,0.9087873527034283,2394,-0.10251251368408552,0.016067348952215055
54,afraid,0.1847763277541337,7.888727538093838e-20,2394,0.0391644862878074,0.22079824471613405
54,nervous,-0.08756450689438199,1.7834592071509434e-05,2394,-0.13963570287192076,-0.06902292235114756
54,stressed,0.04334461474182198,0.03394900626078444,2394,-0.09899863995058465,0.06184852338654278
54,calm,-0.4850436211248618,1.5984182323373568e-141,2394,-0.15241825442034493,-0.5038854690043387
54,self-confident,-0.531418811599638,1.311277352194624e-174,2394,-0.1526305838060525,-0.54230768192509
54,content,-0.061642523788956044,0.0025497681457769305,2394,0.015856923700239903,-0.10927428803251236
54,happy,-0.16777840725120033,1.4145973162424248e-16,2394,0.0012151293584661618,-0.21391654614867853
54,hopeful,-0.38493406084867976,2.1164918797988876e-85,2394,0.03191777160964316,-0.4127523127083144
54,clinical_depression,0.0798904016260506,9.110620108976189e-05,2394,0.24325558039765646,0.07896226538516747
54,acute_grief,0.12340672186096298,1.3771829511427483e-09,2394,0.24209965607173933,0.10361058987051662
54,burnout_exhaustion,-0.050355082574083915,0.013736694831694317,2394,0.18324484234427982,-0.05022500334604325
54,physical_illness_fatigue,-0.35152154463981006,1.434302893884862e-70,2394,0.08075303357457403,-0.32910143243502177
54,anxiety_panic,0.1070832635181861,1.5062347344229785e-07,2394,0.0865234325905693,0.12270662905261229
54,frustration_blocked_goal,0.01003548219407037,0.6235840385243654,2394,-0.2939786597333811,0.011009693025764116
54,pain_axis,0.23588217512172455,1.2621827650675623e-31,2394,0.033213228500139254,0.27418291389562266
56,depressed,-0.12343283443442764,1.3661691572060778e-09,2394,0.10218127831655852,-0.10937266986454472
56,sad,0.6389843422796962,6.908272298889505e-275,2394,0.2179205975492015,0.5997231641532798
56,gloomy,-0.10651056492761021,1.7552791366894915e-07,2394,-0.036948258999515496,-0.09332529094895413
56,melancholy,0.08323972696871923,4.547409000256972e-05,2394,0.022825982597943897,0.04232762167426938
56,miserable,0.28266714710271135,3.2023348000191284e-45,2394,0.24816096230436,0.2916778446917626
56,dispirited,-0.15758680717914517,8.836904793167809e-15,2394,-0.1138715337527147,-0.14872214667524186
56,listless,-0.5226435214677139,5.988733012773817e-168,2394,-0.13455981823648686,-0.505154212349363
56,weary,-0.04476752842589304,0.02849791895156839,2394,-0.014799521849080722,-0.049961384294880076
56,worn out,-0.04740845468690895,0.020356117922463723,2394,0.02635057585655277,-0.038669488725982824
56,tired,-0.1831984141424977,1.6323064113604387e-19,2394,-0.08668209567283897,-0.1808662943377355
56,resigned,-0.38714892906459075,1.9026078345218028e-86,2394,-0.1045650545565651,-0.36882520908453015
56,lonely,-0.5318801865298609,5.782306588182607e-175,2394,-0.1249223201500973,-0.5420530279367658
56,heartbroken,0.5204496975568921,2.5816323555086985e-166,2394,0.2768688973927207,0.4912375072146174
56,grief-stricken,0.6375760114008813,2.6069225448023546e-273,2394,0.2896567231762199,0.6045199740826291
56,worthless,-0.35070856960988545,3.1323465027905085e-70,2394,-0.04384084740393339,-0.304490082072901
56,self-critical,-0.3484261723877112,2.77269803378275e-69,2394,-0.25207316248853884,-0.32152508843780864
56,ashamed,-0.3873964542576016,1.4518455619121801e-86,2394,-0.18679289215096165,-0.3513208023517662
56,guilty,-0.35869728019926134,1.314523240484299e-73,2394,-0.17856092277005803,-0.3234341175740378
56,humiliated,-0.38673998596701814,2.9725915373204863e-86,2394,-0.09604477732555633,-0.35007626473869463
56,embarrassed,-0.4636701342973715,6.552025857630932e-128,2394,-0.19675598175117376,-0.43568178889558534
56,regretful,-0.6142919253275695,2.1669230514313264e-248,2394,-0.1596307725490631,-0.5781115076932664
56,sorry,-0.09009780019300138,1.0099545596322979e-05,2394,-0.14523439460744159,-0.07482766636868123
56,desperate,0.6239464628745267,1.8174389112210758e-258,2394,0.18635385789630582,0.6267629849254603
56,panicked,0.6117565164914841,8.401368081180712e-246,2394,0.21438625075592993,0.5983386109738731
56,hysterical,0.6190068454111711,2.8766886907265815e-253,2394,0.25619935274765027,0.599385417326775
56,overwhelmed,0.06726217926109822,0.0009910695219308837,2394,0.12929989430994887,0.08248844150228518
56,distressed,0.6163399295052697,1.6890624385184344e-250,2394,0.2904881566419337,0.6069504312069955
56,tormented,0.508349042290879,1.643189686747566e-157,2394,0.29972084221395023,0.5010381139398875
56,trapped,-0.2193080158543066,1.8422424858879315e-27,2394,0.16414609750638937,-0.20220632191681653
56,stuck,-0.5280590492932552,4.904703441492814e-172,2394,-0.0039005328929342976,-0.5180264756664178
56,frustrated,0.2890178373326773,2.768914775736257e-47,2394,-0.10533341156754604,0.27907597777866916
56,exasperated,0.47831131669282295,3.946986851368732e-137,2394,0.04401043378814534,0.452979000332376
56,angry,0.5084984926470666,1.2856074964102998e-157,2394,0.14478454610818045,0.49665136403155147
56,anxious,0.32900118006287865,1.546656109173346e-61,2394,-0.03390194434356131,0.3283086444501885
56,afraid,0.4694253934489812,1.7600852133194563e-131,2394,0.09676924062766624,0.47770160691546054
56,nervous,0.1689474899246131,8.654888651204195e-17,2394,-0.06666980374364591,0.1779708732415963
56,stressed,0.19467021215954625,7.112068652480655e-22,2394,-0.05029932560120903,0.20319173755450587
56,calm,-0.4428984877456388,1.4090548359791102e-115,2394,-0.16832642879592313,-0.4733098369431122
56,self-confident,-0.6229389414865985,2.1260017767871747e-257,2394,-0.1769394779315686,-0.6179475563804084
56,content,-0.1557254607457203,1.8273993395755144e-14,2394,-0.02637335470740871,-0.22060693795096006
56,happy,-0.5268893365750531,3.7984050098602313e-171,2394,-0.13087939597031573,-0.5529927910547534
56,hopeful,-0.5961034979719728,2.494071813811201e-230,2394,-0.16290540776364848,-0.6038648579908462
56,clinical_depression,0.0017176455827023628,0.9330580020915982,2394,0.20698816057853478,0.004227755284978996
56,acute_grief,0.38271285913209013,2.3269733311941833e-84,2394,0.28406859291742836,0.35244625795088547
56,burnout_exhaustion,-0.2548583200805322,8.328541504398215e-37,2394,0.06716266584702457,-0.24428417046610754
56,physical_illness_fatigue,-0.37418662052129853,1.9454854680382857e-80,2394,0.08597704731332956,-0.36866155812144874
56,anxiety_panic,0.4047225922081269,4.865827063593827e-95,2394,0.14806599443905474,0.415286767463447
56,frustration_blocked_goal,-0.012527401526718104,0.5401070454736935,2394,-0.2879457689445464,-0.011133845787288004
56,pain_axis,0.1982275206526213,1.2279572310064105e-22,2394,0.03294620509709498,0.23505540133052777
58,depressed,-0.03813125118176026,0.062124005464319704,2394,0.1260948878123094,-0.02766313878254964
58,sad,0.5353036600573862,1.2771849173895693e-177,2394,0.183017687024905,0.5195733209086223
58,gloomy,0.20621104778981902,2.107260804381804e-24,2394,0.06735745936782311,0.22537791638006713
58,melancholy,0.11591840215293465,1.2858320123826648e-08,2394,0.0664032873971864,0.09171606085028564
58,miserable,0.3514130908358775,1.5920368578637414e-70,2394,0.23947177431223693,0.3605064919605798
58,dispirited,0.116157902275947,1.1996984190468656e-08,2394,-0.011771065709545538,0.11698652409922633
58,listless,-0.39219902432929676,7.301733297628995e-89,2394,0.021021817065970255,-0.37730642468688685
58,weary,0.3049465577458704,1.0695583480741493e-52,2394,0.15264262445242094,0.29613049574086087
58,worn out,0.2919620466472513,2.934875374876277e-48,2394,0.11285120642711449,0.2900353216786951
58,tired,0.06483780480997596,0.0015030133206482975,2394,0.055239033377744405,0.07413138877873333
58,resigned,-0.059777696607997644,0.0034343557604468605,2394,-0.006471433482252292,-0.055635049222261326
58,lonely,-0.46784926838493346,1.6992127926945185e-130,2394,-0.08876024407558782,-0.48525755023855316
58,heartbroken,0.6569719875576481,8.909506734084776e-296,2394,0.24519317685402464,0.6219594508384063
58,grief-stricken,0.668063059434171,2.168010826650785e-309,2394,0.25143661286935504,0.6327929306489811
58,worthless,0.17405339438559508,9.714784859903803e-18,2394,-0.03140954153277309,0.16580983377241806
58,self-critical,-0.18765658433940022,2.0570614828075728e-20,2394,-0.24395802248035123,-0.17560930496964813
58,ashamed,-0.4958340692348791,9.017654971002383e-149,2394,-0.23875982558515024,-0.46055992026078146
58,guilty,-0.4829394743948882,3.8649043489875623e-140,2394,-0.238404038428068,-0.4448941119275763
58,humiliated,-0.24565140766138868,3.089362932442676e-34,2394,-0.2063513735764308,-0.22495785626806533
58,embarrassed,-0.5082671772677908,1.8795183989663412e-157,2394,-0.24176213235993135,-0.48539226466673085
58,regretful,-0.6486802711849259,5.6971014823665e-286,2394,-0.14382498461304594,-0.6140670877138302
58,sorry,-0.42533962257267893,8.417372873177095e-106,2394,-0.19414318810285341,-0.3842972791118785
58,desperate,0.6576484158650583,1.36817356879493e-296,2394,0.187862800907184,0.6584419958177383
58,panicked,0.600530676229205,1.2811271462448805e-234,2394,0.19767691165091827,0.5886394091594259
58,hysterical,0.6408010476093957,6.210837362139276e-277,2394,0.21921920930010308,0.6169078477376895
58,overwhelmed,0.23389251834065897,4.155190412805394e-31,2394,0.14326133259109436,0.228680255269687
58,distressed,0.5846031174325944,1.7070885099065464e-219,2394,0.19177465021303197,0.583386398170749
58,tormented,0.6204266190693553,9.418337399160744e-255,2394,0.25495441623158666,0.6017023650108856
58,trapped,-0.10886878616721908,9.300569050254471e-08,2394,0.22411615978882965,-0.13428328197116532
58,stuck,-0.10106810385022165,7.224757805964384e-07,2394,0.09298184989245786,-0.14179284309054693
58,frustrated,0.4145046406292094,4.731554467441971e-100,2394,0.0008529588467978827,0.4015190398578017
58,exasperated,0.5387828408128101,2.3750692387403565e-180,2394,0.1417295318473229,0.5130817789379927
58,angry,0.5698082755441386,3.538125399179121e-206,2394,0.18746213820047705,0.5545491520772556
58,anxious,0.15005782719674768,1.5817606722640817e-13,2394,-0.08133569199846483,0.1618790725503688
58,afraid,-0.09672999079168723,2.1213597243647745e-06,2394,-0.004146332140168477,-0.05019983554875295
58,nervous,-0.18235667732488134,2.399404183186167e-19,2394,-0.07215625782138241,-0.14957007561638955
58,stressed,0.3737620322641065,3.02893431819714e-80,2394,0.008186088285861572,0.3808733421744248
58,calm,-0.6546030251387629,6.068164190397289e-293,2394,-0.16156810683427156,-0.6532107088568111
58,self-confident,-0.6536364258678294,8.545496309114159e-292,2394,-0.17757638917391977,-0.642553387879711
58,content,-0.4515020842837339,1.3942883231733026e-120,2394,-0.013746698229836568,-0.48657492524645923
58,happy,-0.5557427448451031,3.9420489087587297e-194,2394,-0.166961981467878,-0.5706093485155646
58,hopeful,-0.5859176886150377,1.036688247837414e-220,2394,-0.2231722760307136,-0.5835191012450499
58,clinical_depression,-0.12257203354180676,1.7785947812049695e-09,2394,0.1618163309477993,-0.11386775369136316
58,acute_grief,0.31471626896521565,3.444298220162664e-56,2394,0.23448589518916071,0.2865422504489577
58,burnout_exhaustion,-0.20746884316636544,1.0934073560371956e-24,2394,0.13947928429595524,-0.20655392658861949
58,physical_illness_fatigue,-0.3532775106605508,2.6333557583941435e-71,2394,0.08704087839316411,-0.3388213779819532
58,anxiety_panic,0.14662159203845743,5.627179453829089e-13,2394,0.07164364535338719,0.16172167496764456
58,frustration_blocked_goal,0.159490883515473,4.164539989218644e-15,2394,-0.23565464985148232,0.15482238761273212
58,pain_axis,0.19618053947732106,3.3877877961171903e-22,2394,0.030076079748829334,0.22515529187469782
59,depressed,0.13289066819245424,6.677908443545918e-11,2394,0.1830605736205419,0.13552168043239363
59,sad,0.7098880944119488,0.0,2394,0.23446109072766794,0.6842947558152039
59,gloomy,0.6144313500018594,1.5588832041295007e-248,2394,0.18800476860194157,0.6101860281182029
59,melancholy,0.33901393932038665,1.8445046222359777e-65,2394,0.13479533434991067,0.31225032456649154
59,miserable,0.5295835034764056,3.3633618887949135e-173,2394,0.27115010580115906,0.5374798296315947
59,dispirited,0.22425111217791213,1.1430216736584823e-28,2394,0.09647069981790726,0.2228381891273007
59,listless,-0.3222760051878145,5.536174620469016e-59,2394,0.041042853251907076,-0.31958861313118136
59,weary,0.308063527526533,8.50064605495693e-54,2394,0.15201629467538785,0.2868030597656479
59,worn out,0.456049851776595,2.756036513898322e-123,2394,0.15035039039837883,0.4396011387285979
59,tired,0.22658812814020451,2.9995650319277763e-29,2394,0.1043119781948409,0.2133833881133632
59,resigned,-0.004575909745780977,0.8229310385931116,2394,-0.05845110182359132,-0.022669888470705876
59,lonely,-0.16797063391842443,1.3051309758115666e-16,2394,-0.05281489209282976,-0.20670595405572972
59,heartbroken,0.7060604572066407,0.0,2394,0.26715122658223367,0.6701197256423482
59,grief-stricken,0.7070980345512935,0.0,2394,0.26096565716516984,0.6679290280628124
59,worthless,0.2955589452860641,1.8238566150604897e-49,2394,0.026445056375053747,0.28292068039569984
59,self-critical,-0.08409690617727895,3.790570808661369e-05,2394,-0.1966704235140378,-0.07210199349996511
59,ashamed,-0.4449975092997771,8.734006813803934e-117,2394,-0.21263034602876552,-0.4084043868494144
59,guilty,-0.4648406527043706,1.2464065484137524e-128,2394,-0.19569651778599015,-0.42195928996233867
59,humiliated,-0.25956991444171057,3.6691153208884554e-38,2394,-0.16608433264926767,-0.23908699275755932
59,embarrassed,-0.5981275610771466,2.7809505619054312e-232,2394,-0.23404217316776244,-0.5649283515197622
59,regretful,-0.6571200614365699,5.914361081386577e-296,2394,-0.13410637392034347,-0.6152068654114897
59,sorry,-0.2156944495497548,1.3472913078801233e-26,2394,-0.10933972712235046,-0.1523524464993855
59,desperate,0.6179930252806363,3.27017279345327e-252,2394,0.12113420219464457,0.6416553064465109
59,panicked,0.4832430448753022,2.4442286422212097e-140,2394,0.13299493456419115,0.4704492162035623
59,hysterical,0.546026065718472,3.8650867661401705e-186,2394,0.12819543913852272,0.5290818905540394
59,overwhelmed,0.03414044993888591,0.09490826941551692,2394,0.17656842720166893,0.03636481622849785
59,distressed,0.5187976676130543,4.314083558720414e-165,2394,0.1480595312904076,0.5262734373319257
59,tormented,0.6017571815778625,8.078942601432258e-236,2394,0.25885965363520047,0.5804072525960703
59,trapped,-0.3167506196885543,6.211367237562137e-57,2394,0.14351902286214524,-0.34432379104524946
59,stuck,0.06262757156237488,0.0021717299663265113,2394,0.1416412001832495,0.015321775438077048
59,frustrated,0.30228803328411075,9.049835623265678e-52,2394,-0.05183220583624558,0.2889152741452288
59,exasperated,0.5106732083372992,3.5662079985627306e-159,2394,0.12441491641728068,0.48922813573119
59,angry,0.3467601172567327,1.3466124660264222e-68,2394,0.09200437531566893,0.3331158149025549
59,anxious,0.1031219356902533,4.271246493482772e-07,2394,-0.0026514805563050553,0.11233642744259624
59,afraid,-0.12521732016453785,7.861040383023557e-10,2394,0.03285198082813674,-0.08845656206992218
59,nervous,-0.22199378608134582,4.102125504794428e-28,2394,-0.02291737802934353,-0.1856233710574816
59,stressed,0.17673263240311857,3.0012736330828398e-18,2394,0.028208739614792318,0.19802040129653342
59,calm,-0.6871683842076944,0.0,2394,-0.20365994768258627,-0.6798191187444843
59,self-confident,-0.6760712346344492,0.0,2394,-0.25571539118720965,-0.6547864480773656
59,content,-0.3679106677362973,1.2638992131525007e-77,2394,-0.06238341197727193,-0.4012746503906737
59,happy,-0.575923955326304,1.3386454440170613e-211,2394,-0.2686998336510824,-0.5900259928209015
59,hopeful,-0.6399794990854536,5.2505572054912314e-276,2394,-0.29087607832415535,-0.6260495985915913
59,clinical_depression,0.16782451064509243,1.3875458336799425e-16,2394,0.2408873384488746,0.16219338969484992
59,acute_grief,0.5492354066976824,9.478057319750565e-189,2394,0.23309337904050656,0.5162998136750608
59,burnout_exhaustion,-0.28395546555856827,1.2338228354117124e-45,2394,0.08064029601721151,-0.2880454017125452
59,physical_illness_fatigue,-0.2427412259875125,1.905651297860698e-33,2394,0.11068166151233948,-0.2383012394254888
59,anxiety_panic,0.062142121195811965,0.0023511021323931675,2394,0.06296621846291223,0.08222472860124791
59,frustration_blocked_goal,0.09328149032415052,4.83754734366515e-06,2394,-0.23962526933421813,0.09555026921821264
59,pain_axis,0.33236222267571774,7.738493323619865e-63,2394,0.054141236934130935,0.34796015876850134
60,depressed,-0.05230659318014306,0.01047626120305176,2394,0.14096361254772022,-0.042477742903454
60,sad,0.6917296733405711,0.0,2394,0.24265595136531432,0.6628190307600016
60,gloomy,0.4500228293356296,1.0353636405580798e-119,2394,0.17737557594854772,0.45304996756682375
60,melancholy,0.18953422144997648,8.464234121066361e-21,2394,0.12089143130969798,0.15827940725852196
60,miserable,0.34421455648492777,1.4786444843011962e-67,2394,0.23623571444785257,0.36048216807684896
60,dispirited,0.20729714090606619,1.1961568997549271e-24,2394,0.09438928479707845,0.20891176527124164
60,listless,-0.37615410819924133,2.4793932233888465e-81,2394,0.04275912159831886,-0.37173321730432
60,weary,-0.011076049125880444,0.5880470559358347,2394,0.08987266208397315,-0.020457008942522167
60,worn out,0.23464394389645965,2.6529454102563528e-31,2394,0.08112904975318061,0.23112949009844796
60,tired,-0.07383187626564569,0.00029973035837195484,2394,0.0555903892963857,-0.07051700961770041
60,resigned,-0.1357325181157529,2.5824644214451068e-11,2394,-0.01871836210204822,-0.14326433122227109
60,lonely,-0.1807076241372114,5.076128435828471e-19,2394,0.0006854602579099422,-0.21646370521669117
60,heartbroken,0.701164827109636,0.0,2394,0.2888585814027991,0.664503601164018
60,grief-stricken,0.7257550511883651,0.0,2394,0.2675164343244552,0.6859768756975262
60,worthless,0.38501928079208386,1.9297866455779967e-85,2394,0.031971674857960125,0.3692618607944139
60,self-critical,-0.07768791842523495,0.0001418494478664377,2394,-0.24386043005791394,-0.06821831971101204
60,ashamed,-0.600728145536498,8.216824744806134e-235,2394,-0.16585010703912384,-0.5636426359953862
60,guilty,-0.6320925550914482,3.003030176763926e-267,2394,-0.13700285216219038,-0.5804472150020942
60,humiliated,-0.26967769785835655,3.632611175524475e-41,2394,-0.14445687086338865,-0.25245735452054163
60,embarrassed,-0.6493609078330108,9.168780825177517e-287,2394,-0.21544993225394388,-0.6202639549526586
60,regretful,-0.6185130945209792,9.408336438284064e-253,2394,-0.07191586738602215,-0.574216195079651
60,sorry,-0.5329141574507987,9.18733417248296e-176,2394,-0.024755689899452305,-0.4647752438645774
60,desperate,0.624657036561003,3.1900596743294974e-259,2394,0.14340792193412627,0.6469365032528018
60,panicked,0.5310987953250278,2.3121496981242278e-174,2394,0.08757419738127474,0.508811241952181
60,hysterical,0.5378126233905247,1.38150988738379e-179,2394,0.0695850687731512,0.512372684042018
60,overwhelmed,0.11684967493012567,9.81197386318234e-09,2394,0.11599246149593057,0.11750806531432877
60,distressed,0.5626446674997982,5.710877971664384e-200,2394,0.13670645266821693,0.5604339710437538
60,tormented,0.629252999829739,3.703034802188205e-264,2394,0.2661276726003318,0.6051413778185669
60,trapped,-0.3341719736829461,1.518725698776671e-63,2394,0.1139032982333378,-0.3537822964295619
60,stuck,0.24588865170314467,2.6606620559580708e-34,2394,0.15023716124315564,0.2071801614024376
60,frustrated,0.17142565417812972,3.019336005861395e-17,2394,-0.16797093868090648,0.1736602198041232
60,exasperated,0.4539226490571354,5.131135750021217e-122,2394,0.002474521610623809,0.4451114303974107
60,angry,0.10332782771418429,4.049763527042304e-07,2394,-0.028145554218740133,0.10550274852837084
60,anxious,0.26650013707722947,3.3020831274312015e-40,2394,-0.039481249539091656,0.2566521042334658
60,afraid,-0.11394504507432211,2.26460532891832e-08,2394,0.04775009673458226,-0.09107696082132205
60,nervous,-0.07123549453863119,0.00048654124834326306,2394,-0.04389624147833135,-0.05220233729595303
60,stressed,0.39410934596869684,8.678857455746354e-90,2394,-0.04203746531811582,0.4059828085668973
60,calm,-0.6374072483732303,4.022732163095639e-273,2394,-0.15551535922095389,-0.6423064980494312
60,self-confident,-0.7082372418780641,0.0,2394,-0.24845784483732442,-0.6830660045638852
60,content,-0.37232186123585803,1.3529609813864325e-79,2394,-0.04633576295079486,-0.4079214441768528
60,happy,-0.6208151010274068,3.684122544849172e-255,2394,-0.24907480708993984,-0.6173087510673716
60,hopeful,-0.5810902041003366,2.8589308653607925e-216,2394,-0.2016083454003593,-0.5677876637545614
60,clinical_depression,-0.03217644337259075,0.11550339637118213,2394,0.205364264816229,-0.03596453296226791
60,acute_grief,0.5802378332885262,1.70822931779741e-215,2394,0.23038147373108048,0.5411934220200381
60,burnout_exhaustion,-0.2413134880601486,4.611862258387376e-33,2394,0.06800713835278302,-0.2412100935232808
60,physical_illness_fatigue,-0.284899954612836,6.1121022187532965e-46,2394,0.11439247762319563,-0.2825665830295776
60,anxiety_panic,0.3559540502811902,1.9472540859933695e-72,2394,0.09952949541538082,0.344393458039899
60,frustration_blocked_goal,0.052739701062491075,0.009853626982635833,2394,-0.24612476194499416,0.061142952969149206
60,pain_axis,0.45632721711302454,1.879464805487864e-123,2394,0.0570534950156634,0.45848547246482363
61,depressed,0.22246061064787065,3.1531393095220944e-28,2394,0.17595491979159708,0.21708351422296607
61,sad,0.03193171579912545,0.11829885182627327,2394,-0.006641752831178002,0.02616204837859553
61,gloomy,-0.3853551267841735,1.3407044381185883e-85,2394,-0.04580615986377193,-0.35557916679775653
61,melancholy,-0.5402700765205298,1.5799618886043755e-181,2394,-0.08703107410127653,-0.5313684241163478
61,miserable,0.16374055044326366,7.513869031661702e-16,2394,0.18156868116265845,0.18217147135439857
61,dispirited,-0.5638476142211692,5.3070656419697484e-201,2394,-0.11413071774342862,-0.5384515618760007
61,listless,-0.3834818257867684,1.0168488609438596e-84,2394,0.028215660986539152,-0.37209897244798545
61,weary,-0.16515343285299175,4.2088571869639094e-16,2394,0.04425308269821524,-0.15892015024955733
61,worn out,0.34985072480236173,7.124214464736688e-70,2394,0.07945241489276783,0.34339530139730867
61,tired,0.28573937945569655,3.2664135136961062e-46,2394,0.06819205914577409,0.26990381298771043
61,resigned,-0.5629067579694976,3.40605635271828e-200,2394,-0.07150529685265077,-0.5394991421335923
61,lonely,-0.5565809829712954,7.832141539367951e-195,2394,-0.15509347252815553,-0.5515335067500451
61,heartbroken,0.6320717141738345,3.1649285781950677e-267,2394,0.2575163030605777,0.6050743482284214
61,grief-stricken,0.6897155768666633,0.0,2394,0.28374315521222593,0.65720357578665
61,worthless,-0.5510688183276077,2.9693151703312395e-190,2394,-0.08541147019811972,-0.5237471362279966
61,self-critical,-0.47976365579915614,4.5390470233361556e-138,2394,-0.23228430264737931,-0.45334512384011694
61,ashamed,-0.6719229146218056,0.0,2394,-0.16594765079951376,-0.6335619791411038
61,guilty,-0.6527085222985938,1.0726558930429253e-290,2394,-0.17327319004027397,-0.6085831186165268
61,humiliated,-0.4306172214881898,1.1149351198572206e-108,2394,-0.04987920931903383,-0.4219501664670576
61,embarrassed,-0.4721159819690681,3.569132099092526e-133,2394,-0.12976749897760465,-0.4585368726504777
61,regretful,-0.6945554836722914,0.0,2394,-0.20333332542436794,-0.6483274947549692
61,sorry,-0.678098280136318,0.0,2394,-0.20980863061926916,-0.636389842712825
61,desperate,0.6634184372309015,1.2833019492550524e-303,2394,0.1351490618676769,0.6544108983545044
61,panicked,0.6826520477240376,0.0,2394,0.19197437960962557,0.64522308175742
61,hysterical,0.6767600144858658,0.0,2394,0.23262780161105823,0.6427770681301024
61,overwhelmed,0.6596598078854105,5.058355741625281e-299,2394,0.19884232334511126,0.6245892735445601
61,distressed,0.6561153790808876,9.490600295441786e-295,2394,0.18096608855801988,0.6338035850301414
61,tormented,0.6768018443416135,0.0,2394,0.243997814976203,0.6470932676713355
61,trapped,-0.5121692476335157,2.982667967981318e-160,2394,0.05546121803021874,-0.4888978313787346
61,stuck,-0.5766437238295629,3.0266864743296996e-212,2394,0.013405255864356733,-0.5660635793058266
61,frustrated,0.24314060305746585,1.486704246005255e-33,2394,-0.07651769293860736,0.22483330342456445
61,exasperated,0.5331823552161308,5.695203678328738e-176,2394,0.10992852750934551,0.5013678180302463
61,angry,0.4759318763907444,1.3347634044411123e-135,2394,0.15634463621790162,0.4577594738094764
61,anxious,0.5093491250356069,3.1730363646387247e-158,2394,0.05708066755328588,0.485004253810429
61,afraid,0.6642276080784398,1.2887983438781213e-304,2394,0.1294690012986244,0.6389534878205121
61,nervous,0.40846145713029836,6.182535970651283e-97,2394,-0.011904817307190979,0.40143021000999385
61,stressed,0.4082128307765717,8.279416312458099e-97,2394,-0.017510148199928813,0.3920896187684108
61,calm,-0.6064790739673125,1.7278283669835832e-240,2394,-0.1606223401189405,-0.6028330240612461
61,self-confident,-0.6380106896495673,8.518152059566584e-274,2394,-0.1875349728039425,-0.6004973805133121
61,content,-0.5697129919478277,4.288946865930086e-206,2394,-0.0884350013300913,-0.5779274101713822
61,happy,-0.5712866641392444,1.772139913166969e-207,2394,-0.18990610514326436,-0.5625938678974982
61,hopeful,-0.6841681231186354,0.0,2394,-0.2304994694169545,-0.6634540901562141
61,clinical_depression,-0.11295631889120673,2.9964762769904557e-08,2394,0.16971871367365254,-0.10474385083512225
61,acute_grief,0.06394820602072047,0.001745320133182046,2394,0.2089416834371564,0.06879270115016646
61,burnout_exhaustion,-0.3586138969148305,1.4273222201340723e-73,2394,0.0620507139637243,-0.33347246884545934
61,physical_illness_fatigue,-0.23261865703724516,8.858539904173263e-31,2394,0.08625171537874378,-0.23160895303926146
61,anxiety_panic,0.6549649064948254,2.2486235291536023e-293,2394,0.14357927367331838,0.6314073515345147
61,frustration_blocked_goal,0.007374808578824966,0.7183574320909627,2394,-0.26457161479016855,0.005459684349285505
61,pain_axis,0.5332137200198244,5.385295593973899e-176,2394,0.07111885834470147,0.523676948373162
